# Blender 4.5.4 LTS
# www.blender.org
mtllib Untitled.mtl
o Cube.001
v 0.605714 2.098401 0.232859
v 0.584492 2.092017 0.251437
v 0.581958 2.055771 0.252422
v 0.604222 2.062379 0.233343
v 0.626486 2.068820 0.214264
v 0.626936 2.104785 0.214281
v 0.626218 2.143290 0.214759
v 0.605755 2.136906 0.232969
v 0.585292 2.130521 0.251179
v 0.478481 3.081249 -0.192924
v 0.458686 3.075606 -0.217415
v 0.450425 3.109347 -0.222317
v 0.470742 3.114752 -0.196648
v 0.491060 3.120157 -0.170979
v 0.498276 3.086892 -0.168434
v 0.506609 3.048583 -0.167557
v 0.487247 3.042761 -0.191025
v 0.467885 3.036939 -0.214494
v 0.331382 3.029484 -0.312383
v 0.320641 3.065160 -0.321961
v 0.362106 3.083436 -0.317819
v 0.372424 3.048556 -0.308505
v 0.383320 3.009036 -0.301826
v 0.342605 2.989366 -0.305671
v 0.294772 2.965081 -0.303192
v 0.283258 3.005936 -0.309493
v 0.272127 3.042594 -0.319039
v 0.235133 2.982387 -0.306809
v 0.223613 3.020029 -0.316338
v 0.246939 2.940795 -0.301148
v 0.194871 2.915640 -0.298525
v 0.186353 2.964949 -0.305685
v 0.171188 2.999816 -0.314733
v 0.648158 2.111169 0.195704
v 0.648751 2.075116 0.195185
v 0.671015 2.081385 0.176105
v 0.669380 2.117554 0.177126
v 0.667144 2.156059 0.178339
v 0.646681 2.149674 0.196549
v 0.248892 3.306122 0.402118
v 0.261019 3.270079 0.399840
v 0.304969 3.283670 0.386371
v 0.293278 3.318913 0.385470
v 0.281588 3.354155 0.385440
v 0.236764 3.342165 0.405816
v 0.185137 3.328260 0.422795
v 0.197654 3.290836 0.415528
v 0.210170 3.253512 0.409777
v 0.146416 3.276350 0.428596
v 0.159322 3.237148 0.421287
v 0.133510 3.315950 0.436205
v 0.086086 3.306405 0.444882
v 0.097770 3.263481 0.438135
v 0.109418 3.221578 0.430300
v 0.054306 3.253046 0.440960
v 0.061406 3.207394 0.432747
v 0.047066 3.300796 0.447664
v 0.000919 3.300036 0.445771
v 0.000919 3.243827 0.440428
v 0.000919 3.193903 0.431910
v 0.531246 1.976975 -0.269113
v 0.498185 1.963012 -0.279310
v 0.500792 1.990300 -0.282318
v 0.532757 2.003199 -0.271607
v 0.559466 2.011805 -0.258080
v 0.559416 1.986943 -0.256401
v 0.560684 1.962693 -0.253563
v 0.531231 1.951363 -0.264946
v 0.497208 1.936380 -0.274196
v 0.635757 2.269540 0.204494
v 0.616846 2.263155 0.224005
v 0.619689 2.221406 0.219003
v 0.638548 2.227791 0.200708
v 0.657408 2.234175 0.182358
v 0.654667 2.275924 0.184761
v 0.652657 2.315926 0.187908
v 0.633463 2.309541 0.209848
v 0.614201 2.303157 0.231187
v 0.398120 2.813579 0.356928
v 0.438543 2.833573 0.350594
v 0.424286 2.892886 0.351455
v 0.383891 2.872891 0.357855
v 0.335892 2.848360 0.359131
v 0.350118 2.789047 0.358065
v 0.363345 2.731332 0.357472
v 0.411283 2.755863 0.356237
v 0.451763 2.775858 0.349846
v 0.382604 2.825651 -0.305879
v 0.334570 2.801120 -0.305371
v 0.320266 2.860432 -0.301866
v 0.368076 2.884964 -0.302331
v 0.408891 2.904832 -0.297835
v 0.424210 2.845520 -0.301220
v 0.438596 2.787805 -0.305530
v 0.396110 2.767936 -0.310233
v 0.347818 2.743405 -0.309327
v 0.656542 1.988963 0.195401
v 0.629041 1.983524 0.216622
v 0.632850 1.957490 0.218938
v 0.661640 1.962693 0.196880
v 0.690429 1.968364 0.174822
v 0.684042 1.994530 0.174179
v 0.678338 2.021449 0.174032
v 0.652344 2.015846 0.194455
v 0.626350 2.010141 0.214877
v 0.560116 2.244002 0.280029
v 0.533999 2.233081 0.294604
v 0.537034 2.191332 0.287160
v 0.563112 2.202253 0.273259
v 0.581971 2.208638 0.255120
v 0.579026 2.250387 0.261138
v 0.575893 2.290388 0.268757
v 0.556717 2.284004 0.288212
v 0.530386 2.273083 0.303451
v 0.354790 2.940364 -0.302291
v 0.307054 2.915833 -0.300895
v 0.395368 2.960233 -0.298153
v 0.370704 2.928292 0.358206
v 0.411117 2.948286 0.351515
v 0.398725 2.997180 0.352356
v 0.358172 2.977386 0.359178
v 0.310300 2.953100 0.361366
v 0.322811 2.903760 0.360097
v 0.259319 2.891302 -0.300654
v 0.221319 2.867385 -0.299971
v 0.272506 2.835901 -0.303016
v 0.232525 2.814926 -0.302282
v 0.274604 2.879229 0.362431
v 0.262350 2.928814 0.364221
v 0.206118 2.905006 0.363959
v 0.235240 2.855397 0.360866
v 0.245480 2.802969 0.357338
v 0.287368 2.823829 0.360567
v 0.309887 2.668264 -0.310614
v 0.269620 2.648270 -0.304221
v 0.259472 2.698879 -0.303129
v 0.299898 2.718873 -0.308687
v 0.357867 2.692796 -0.311652
v 0.365803 2.648797 -0.312966
v 0.317779 2.624266 -0.311928
v 0.277639 2.604271 -0.305529
v 0.421273 2.705254 0.356591
v 0.461818 2.725249 0.350123
v 0.373429 2.680723 0.357927
v 0.381402 2.636724 0.358439
v 0.429164 2.661256 0.357013
v 0.469760 2.681250 0.350446
v 0.406334 2.717327 -0.312690
v 0.449324 2.737196 -0.307984
v 0.457766 2.693197 -0.309293
v 0.414405 2.673328 -0.314005
v 0.286735 2.776589 -0.305924
v 0.246175 2.756594 -0.302909
v 0.563270 2.085632 0.270015
v 0.535420 2.074711 0.284208
v 0.531061 2.037759 0.286070
v 0.559693 2.048975 0.271501
v 0.564829 2.124137 0.269389
v 0.537548 2.113216 0.283306
v 0.301586 2.764516 0.359397
v 0.259015 2.744647 0.356006
v 0.272869 2.686932 0.356230
v 0.315003 2.706801 0.359101
v 0.359984 3.196496 -0.321776
v 0.331149 3.188073 -0.342687
v 0.320830 3.222953 -0.342979
v 0.350154 3.230951 -0.322034
v 0.372562 3.235404 -0.293228
v 0.381869 3.201187 -0.292980
v 0.391176 3.166970 -0.290165
v 0.369813 3.162041 -0.318523
v 0.341468 3.153194 -0.339073
v 0.340563 2.574309 0.360424
v 0.388298 2.598840 0.358019
v 0.333585 2.612193 0.360639
v 0.293062 2.592325 0.358434
v 0.300297 2.554440 0.358436
v 0.306824 2.520358 0.357148
v 0.347084 2.540226 0.359377
v 0.394820 2.564758 0.356989
v 0.630673 2.343898 0.217122
v 0.611175 2.337513 0.240601
v 0.649898 2.350282 0.192346
v 0.647473 2.382059 0.194913
v 0.628354 2.375675 0.222040
v 0.608569 2.369290 0.247620
v 0.324648 2.586382 -0.312854
v 0.284548 2.566387 -0.306402
v 0.372717 2.610913 -0.313892
v 0.379271 2.576830 -0.313297
v 0.331170 2.552299 -0.312259
v 0.291075 2.532305 -0.305794
v 0.436033 2.623372 0.356525
v 0.476640 2.643366 0.349837
v 0.442555 2.589289 0.355399
v 0.483154 2.609284 0.348503
v 0.601540 1.976241 0.237843
v 0.574040 1.967201 0.259064
v 0.575272 1.939858 0.263053
v 0.604061 1.949763 0.240995
v 0.600356 2.003247 0.235300
v 0.574362 1.995080 0.255723
v 0.325368 2.656192 0.359856
v 0.284069 2.636323 0.357370
v 0.368617 3.341794 -0.258436
v 0.344642 3.338055 -0.285104
v 0.335335 3.372272 -0.277573
v 0.359833 3.375772 -0.252883
v 0.384332 3.379273 -0.228193
v 0.392593 3.345532 -0.231769
v 0.400855 3.311792 -0.234502
v 0.377402 3.307815 -0.262678
v 0.353948 3.303838 -0.290854
v 0.546539 1.956495 0.280285
v 0.513980 1.942570 0.296460
v 0.512956 1.913554 0.301914
v 0.546482 1.928123 0.285111
v 0.548368 1.985556 0.276146
v 0.516938 1.972410 0.291723
v 0.353933 2.507633 0.357660
v 0.401669 2.532165 0.355674
v 0.313696 2.487765 0.354347
v 0.320142 2.456092 0.352338
v 0.360312 2.475961 0.356858
v 0.408047 2.500492 0.355158
v 0.553889 2.318360 0.295621
v 0.527533 2.307439 0.310976
v 0.573046 2.324745 0.276576
v 0.570367 2.356522 0.282522
v 0.551206 2.350137 0.301533
v 0.524831 2.339216 0.317428
v 0.338019 2.519706 -0.309010
v 0.297947 2.499712 -0.302665
v 0.386126 2.544237 -0.310049
v 0.392479 2.512564 -0.306104
v 0.344398 2.488033 -0.305066
v 0.304394 2.468039 -0.298886
v 0.449404 2.556696 0.353907
v 0.490000 2.576690 0.346651
v 0.455783 2.525023 0.352742
v 0.496375 2.545018 0.344734
v 0.432047 3.282266 -0.206808
v 0.409117 3.278051 -0.235552
v 0.424308 3.315768 -0.206327
v 0.447762 3.319745 -0.178152
v 0.454978 3.286481 -0.178064
v 0.462194 3.253216 -0.178002
v 0.439786 3.248763 -0.206808
v 0.417378 3.244310 -0.235615
v 0.592054 2.331129 0.259328
v 0.595033 2.296772 0.250286
v 0.589364 2.362906 0.266166
v 0.421454 2.635444 -0.314930
v 0.465298 2.655313 -0.310165
v 0.472344 2.621231 -0.309558
v 0.428103 2.601362 -0.314335
v 0.365423 2.444639 0.358552
v 0.413158 2.469171 0.356527
v 0.325393 2.424771 0.353424
v 0.330361 2.391591 0.353573
v 0.370235 2.411460 0.358863
v 0.417980 2.435991 0.356410
v 0.603782 2.175423 0.234115
v 0.584256 2.169039 0.252103
v 0.623308 2.181808 0.216127
v 0.600830 2.215022 0.237087
v 0.349508 2.456712 -0.302383
v 0.309645 2.436718 -0.296331
v 0.397527 2.481243 -0.303421
v 0.402308 2.448063 -0.300465
v 0.354320 2.423532 -0.299432
v 0.314613 2.403538 -0.293535
v 0.340325 3.265406 -0.321784
v 0.310512 3.257834 -0.342689
v 0.300193 3.292733 -0.339590
v 0.330495 3.299861 -0.319029
v 0.363255 3.269621 -0.293040
v 0.642834 2.188192 0.198139
v 0.662360 2.194576 0.180151
v 0.434975 2.568769 -0.311087
v 0.479329 2.588637 -0.306428
v 0.485414 2.556964 -0.302655
v 0.441251 2.537096 -0.307143
v 0.498067 2.994302 -0.191908
v 0.478958 2.988421 -0.214380
v 0.517175 3.000183 -0.169437
v 0.531045 2.944783 -0.174654
v 0.512738 2.938901 -0.195842
v 0.494175 2.933020 -0.216997
v 0.375718 2.374211 0.353916
v 0.423491 2.398742 0.351434
v 0.335958 2.354342 0.348754
v 0.341363 2.316753 0.340982
v 0.381015 2.336622 0.345901
v 0.428808 2.361153 0.343669
v 0.649947 2.043953 0.194575
v 0.625895 2.037923 0.214277
v 0.673998 2.049875 0.174874
v 0.421323 3.137920 -0.255514
v 0.400483 3.132753 -0.282651
v 0.412539 3.171899 -0.261807
v 0.433902 3.176828 -0.233448
v 0.442163 3.143087 -0.228377
v 0.430107 3.103941 -0.247987
v 0.409790 3.098536 -0.273656
v 0.564730 2.162654 0.270092
v 0.538152 2.151733 0.283842
v 0.446112 2.505775 -0.304461
v 0.489762 2.525643 -0.300118
v 0.493959 2.492464 -0.297437
v 0.450798 2.472595 -0.301491
v 0.460893 2.493702 0.352593
v 0.501477 2.513696 0.343208
v 0.465744 2.460522 0.351140
v 0.506370 2.480517 0.340509
v 0.466958 3.350538 0.207620
v 0.443125 3.346433 0.233465
v 0.451381 3.312893 0.232143
v 0.474633 3.317251 0.205719
v 0.491994 3.320709 0.176315
v 0.484786 3.353798 0.178319
v 0.477574 3.386888 0.181250
v 0.459282 3.383824 0.210544
v 0.434869 3.379973 0.235760
v 0.421633 2.970777 -0.281793
v 0.409799 3.019474 -0.284899
v 0.429161 3.025296 -0.261431
v 0.440742 2.976658 -0.259322
v 0.455368 2.921258 -0.260062
v 0.435666 2.915376 -0.281805
v 0.601843 2.031311 0.233979
v 0.577791 2.024031 0.253680
v 0.456549 2.435346 -0.296685
v 0.407858 2.410815 -0.295702
v 0.499597 2.455215 -0.293230
v 0.504885 2.417626 -0.289247
v 0.461979 2.397757 -0.292215
v 0.413188 2.373226 -0.291256
v 0.471341 2.423274 0.346063
v 0.512115 2.443268 0.335072
v 0.476715 2.385685 0.339049
v 0.517590 2.405679 0.328665
v 0.359804 2.386283 -0.294682
v 0.320209 2.366289 -0.289033
v 0.365101 2.348695 -0.290244
v 0.325615 2.328700 -0.284818
v 0.497660 3.217391 0.206063
v 0.476149 3.212273 0.231684
v 0.484405 3.178733 0.229599
v 0.505335 3.184104 0.205391
v 0.520817 3.188353 0.177498
v 0.513606 3.221442 0.177182
v 0.506398 3.254531 0.176807
v 0.489984 3.250678 0.206499
v 0.467893 3.245813 0.233296
v 0.686602 2.067820 -0.180754
v 0.661712 2.061939 -0.197624
v 0.658565 2.091192 -0.196717
v 0.681750 2.097073 -0.180082
v 0.699470 2.101233 -0.158507
v 0.705602 2.071980 -0.159229
v 0.713371 2.046668 -0.159742
v 0.693008 2.042508 -0.181061
v 0.666300 2.036627 -0.197984
v 0.465702 2.363557 -0.290255
v 0.417309 2.339026 -0.289252
v 0.508034 2.383426 -0.287234
v 0.510111 2.351163 -0.285758
v 0.468465 2.331294 -0.288945
v 0.420559 2.306763 -0.287889
v 0.480892 2.351485 0.331786
v 0.521673 2.371479 0.323054
v 0.433042 2.326953 0.335184
v 0.436426 2.294690 0.326617
v 0.484190 2.319222 0.324435
v 0.369355 2.314495 -0.288226
v 0.330009 2.294500 -0.282881
v 0.372767 2.282232 -0.286845
v 0.333591 2.262237 -0.281546
v 0.553739 2.016000 0.273382
v 0.523766 2.003899 0.288418
v 0.385269 2.302422 0.337009
v 0.345757 2.282553 0.332273
v 0.349339 2.250290 0.323467
v 0.388681 2.270159 0.328036
v 0.477556 2.225159 -0.283052
v 0.429821 2.200628 -0.282014
v 0.426136 2.240630 -0.282975
v 0.473873 2.265161 -0.284018
v 0.514739 2.285029 -0.281225
v 0.518251 2.245028 -0.280411
v 0.521273 2.203279 -0.279250
v 0.480590 2.183410 -0.281801
v 0.432855 2.158879 -0.280763
v 0.528362 3.084244 0.205580
v 0.509172 3.078113 0.227756
v 0.518285 3.039597 0.226986
v 0.536998 3.045918 0.205263
v 0.550709 3.050908 0.178951
v 0.542451 3.089086 0.178996
v 0.535240 3.122175 0.178491
v 0.520686 3.117531 0.205492
v 0.500916 3.111653 0.228321
v 0.471016 2.299517 -0.286424
v 0.423275 2.274986 -0.285365
v 0.512185 2.319386 -0.283381
v 0.486923 2.287445 0.317153
v 0.439188 2.262913 0.318603
v 0.442050 2.228557 0.310364
v 0.489786 2.253088 0.309271
v 0.375538 2.250455 -0.284320
v 0.336562 2.230460 -0.279132
v 0.378401 2.216098 -0.281935
v 0.339592 2.196104 -0.276886
v 0.482309 3.283964 0.205865
v 0.459637 3.279353 0.232768
v 0.499196 3.287620 0.176164
v 0.391452 2.238382 0.319778
v 0.352310 2.218514 0.315403
v 0.355340 2.184157 0.307277
v 0.394315 2.204026 0.311420
v 0.497468 2.131739 0.289118
v 0.496518 2.171338 0.292478
v 0.448782 2.146806 0.293507
v 0.449733 2.107208 0.290157
v 0.448895 2.068690 0.289676
v 0.496631 2.093221 0.288637
v 0.481501 2.143811 -0.278542
v 0.433766 2.119280 -0.277504
v 0.522352 2.163680 -0.276056
v 0.521394 2.125163 -0.273643
v 0.480298 2.105294 -0.276097
v 0.432563 2.080763 -0.275059
v 0.575278 2.882800 0.200334
v 0.556789 2.876416 0.222557
v 0.571308 2.818700 0.220513
v 0.590023 2.825085 0.198065
v 0.603727 2.830125 0.171059
v 0.588814 2.887840 0.173512
v 0.573695 2.947152 0.175913
v 0.560246 2.942113 0.202555
v 0.541872 2.935728 0.224570
v 0.493470 2.213087 0.300121
v 0.445735 2.188556 0.301120
v 0.382085 2.176097 -0.280975
v 0.343353 2.156102 -0.276050
v 0.385119 2.134348 -0.279725
v 0.346410 2.114353 -0.274927
v 0.513011 3.150817 0.205315
v 0.492661 3.145193 0.228706
v 0.528029 3.155264 0.177962
v 0.397999 2.164024 0.302146
v 0.359101 2.144156 0.298286
v 0.362171 2.102407 0.290902
v 0.401047 2.122275 0.294542
v 0.670607 2.209512 -0.176798
v 0.650411 2.203630 -0.193953
v 0.645560 2.243229 -0.194459
v 0.665023 2.249111 -0.176214
v 0.679975 2.253270 -0.153166
v 0.686085 2.213671 -0.154574
v 0.692497 2.175154 -0.155619
v 0.676282 2.170994 -0.177169
v 0.655104 2.165113 -0.193536
v 0.601848 2.774476 0.196249
v 0.582871 2.768091 0.219007
v 0.591966 2.724093 0.217052
v 0.611144 2.730477 0.193899
v 0.625195 2.735517 0.166436
v 0.615750 2.779516 0.168989
v 0.381519 2.017727 -0.275211
v 0.342817 1.997732 -0.270686
v 0.346125 2.036237 -0.269484
v 0.384827 2.056232 -0.274020
v 0.429254 2.042258 -0.276250
v 0.424350 2.006243 -0.279400
v 0.377711 1.981927 -0.278362
v 0.340143 1.962129 -0.273782
v 0.494313 2.054716 0.289631
v 0.446577 2.030185 0.290669
v 0.442322 1.993716 0.292657
v 0.489693 2.017891 0.291619
v 0.476990 2.066789 -0.277288
v 0.518307 2.086658 -0.274823
v 0.513318 2.050469 -0.277884
v 0.471720 2.030602 -0.280438
v 0.386030 2.094749 -0.276466
v 0.347328 2.074754 -0.271818
v 0.547556 2.997513 0.204226
v 0.529111 2.991129 0.225985
v 0.561059 3.002553 0.177824
v 0.401997 2.082676 0.291195
v 0.363128 2.062808 0.287600
v 0.362279 2.024290 0.287061
v 0.401160 2.044159 0.290714
v 0.659496 2.365218 -0.171144
v 0.641615 2.359336 -0.190196
v 0.640358 2.391113 -0.190377
v 0.656885 2.396995 -0.172065
v 0.669672 2.401154 -0.148844
v 0.673412 2.369377 -0.147634
v 0.675920 2.335021 -0.148256
v 0.661144 2.330861 -0.172028
v 0.642092 2.324980 -0.191617
v 0.392300 1.938339 0.296198
v 0.435671 1.961304 0.295160
v 0.395677 1.969576 0.293695
v 0.357846 1.950046 0.289835
v 0.357792 1.919825 0.292183
v 0.361284 1.893285 0.295487
v 0.391133 1.910324 0.299684
v 0.429894 1.931623 0.298646
v 0.631369 2.625917 0.183781
v 0.612193 2.619533 0.208080
v 0.618513 2.587860 0.207164
v 0.637644 2.594244 0.182431
v 0.651650 2.599284 0.154972
v 0.645419 2.630957 0.156420
v 0.638664 2.663550 0.158715
v 0.624605 2.658511 0.186151
v 0.605417 2.652126 0.210217
v 0.375008 1.951526 -0.281796
v 0.340844 1.932315 -0.277128
v 0.418360 1.975195 -0.282834
v 0.413579 1.947374 -0.284158
v 0.374846 1.924652 -0.283120
v 0.345378 1.906293 -0.278425
v 0.481952 1.984412 0.294122
v 0.474638 1.953376 0.297607
v 0.398842 2.005654 0.291707
v 0.359930 1.985785 0.287966
v 0.647814 2.501046 -0.170762
v 0.633492 2.495165 -0.189559
v 0.633135 2.532414 -0.183303
v 0.646787 2.538295 -0.163840
v 0.655384 2.542454 -0.139819
v 0.657412 2.505206 -0.147000
v 0.659852 2.467617 -0.152839
v 0.649012 2.463458 -0.176412
v 0.633933 2.457576 -0.194727
v 0.618296 2.692593 0.190028
v 0.599078 2.686209 0.213665
v 0.632378 2.697633 0.162533
v 0.394596 1.883911 0.304621
v 0.428259 1.903346 0.303582
v 0.369839 1.868590 0.300224
v 0.380924 1.844816 0.305677
v 0.400376 1.858298 0.310283
v 0.428694 1.875771 0.309245
v 0.653699 2.492495 0.175145
v 0.636974 2.486111 0.197807
v 0.643947 2.448522 0.191292
v 0.659423 2.454906 0.171177
v 0.669767 2.459946 0.149890
v 0.665275 2.497535 0.151260
v 0.660569 2.534783 0.152499
v 0.647352 2.529744 0.179726
v 0.629002 2.523359 0.205374
v 0.378660 1.899437 -0.279941
v 0.354204 1.882066 -0.275372
v 0.412303 1.921040 -0.280979
v 0.412780 1.895450 -0.275549
v 0.384461 1.875051 -0.274511
v 0.365176 1.858737 -0.270144
v 0.633252 2.634469 -0.159872
v 0.620466 2.628587 -0.181622
v 0.613796 2.661181 -0.182021
v 0.626623 2.667062 -0.159795
v 0.634455 2.671222 -0.133694
v 0.641162 2.638628 -0.134242
v 0.647149 2.606956 -0.135412
v 0.638882 2.602796 -0.160472
v 0.625827 2.596915 -0.181470
v 0.642486 2.562923 0.181617
v 0.623482 2.556539 0.207377
v 0.656364 2.567963 0.153701
v 0.464634 1.999036 -0.283872
v 0.506658 2.018901 -0.281112
v 0.458313 1.970474 -0.285196
v 0.597502 2.783027 -0.168590
v 0.582910 2.777146 -0.189464
v 0.567910 2.827755 -0.190753
v 0.583078 2.833636 -0.170421
v 0.594927 2.837796 -0.142604
v 0.608287 2.787187 -0.141158
v 0.619189 2.743188 -0.136687
v 0.609422 2.739029 -0.163423
v 0.595123 2.733147 -0.185118
v 0.662417 2.420706 0.171123
v 0.646468 2.414322 0.192445
v 0.664678 2.388443 0.171726
v 0.676915 2.393483 0.146413
v 0.673330 2.425746 0.148293
v 0.455341 1.943299 -0.282018
v 0.454043 1.916818 -0.276588
v 0.471303 1.923876 0.302544
v 0.469957 1.895146 0.308207
v 0.266721 1.821503 0.102838
v 0.270785 1.822219 0.135917
v 0.260468 1.845813 0.137131
v 0.256392 1.845097 0.104104
v 0.255066 1.846103 0.066752
v 0.265395 1.822509 0.065634
v 0.277754 1.799773 0.064603
v 0.279080 1.798767 0.101808
v 0.283141 1.799483 0.135096
v 0.264068 1.823515 0.028429
v 0.253740 1.847109 0.029499
v 0.252414 1.848115 -0.007706
v 0.262742 1.824521 -0.008775
v 0.275101 1.801785 -0.009806
v 0.276427 1.800779 0.027399
v 0.261416 1.825527 -0.045980
v 0.251087 1.849121 -0.044910
v 0.249761 1.850127 -0.082146
v 0.260090 1.826533 -0.083186
v 0.272449 1.803797 -0.084215
v 0.273775 1.802791 -0.047010
v 0.258764 1.827539 -0.120395
v 0.248435 1.851133 -0.119445
v 0.250344 1.853484 -0.151359
v 0.260672 1.829890 -0.152094
v 0.273029 1.807154 -0.152912
v 0.271123 1.804804 -0.121419
v 0.250124 1.870409 0.105841
v 0.254231 1.871125 0.139128
v 0.252162 1.900378 0.141285
v 0.248037 1.899662 0.107730
v 0.246710 1.900668 0.069514
v 0.248798 1.871415 0.068047
v 0.247472 1.872421 0.030646
v 0.245384 1.901674 0.031972
v 0.244058 1.902680 -0.005233
v 0.246146 1.873427 -0.006559
v 0.244820 1.874433 -0.043763
v 0.242732 1.903686 -0.042437
v 0.241406 1.904692 -0.079846
v 0.243493 1.875439 -0.081086
v 0.242167 1.876446 -0.118644
v 0.240080 1.905698 -0.117661
v 0.241986 1.908049 -0.149977
v 0.244075 1.878796 -0.150790
v 0.250248 1.935078 0.109452
v 0.254353 1.935794 0.142975
v 0.257631 1.974299 0.144683
v 0.253557 1.973583 0.111226
v 0.252230 1.974589 0.072901
v 0.248922 1.936085 0.071148
v 0.247596 1.937091 0.033577
v 0.250904 1.975595 0.035322
v 0.249578 1.976601 -0.001882
v 0.246270 1.938097 -0.003628
v 0.244943 1.939103 -0.040832
v 0.248252 1.977608 -0.039087
v 0.246926 1.978614 -0.076547
v 0.243617 1.940109 -0.078268
v 0.242291 1.941115 -0.116165
v 0.245599 1.979620 -0.114519
v 0.247505 1.981970 -0.146948
v 0.244197 1.943465 -0.148508
v 0.254760 2.012101 0.113272
v 0.258822 2.012816 0.146896
v 0.257675 2.052416 0.148849
v 0.253606 2.051700 0.115132
v 0.252280 2.052706 0.076532
v 0.253434 2.013107 0.074721
v 0.252107 2.014113 0.037068
v 0.250954 2.053712 0.038863
v 0.249628 2.054718 0.001658
v 0.250781 2.015119 -0.000137
v 0.249455 2.016125 -0.037341
v 0.248302 2.055724 -0.035546
v 0.246975 2.056730 -0.073115
v 0.248129 2.017131 -0.074880
v 0.246803 2.018137 -0.113086
v 0.245649 2.057736 -0.111414
v 0.247563 2.060087 -0.144430
v 0.248709 2.020488 -0.145861
v 0.249845 2.093449 0.116350
v 0.253937 2.094164 0.149781
v 0.247893 2.134166 0.150475
v 0.243726 2.133450 0.117361
v 0.242399 2.134456 0.079869
v 0.248519 2.094455 0.078256
v 0.247193 2.095461 0.040755
v 0.241073 2.135462 0.042568
v 0.239747 2.136468 0.005364
v 0.245867 2.096467 0.003550
v 0.244541 2.097473 -0.033654
v 0.238421 2.137475 -0.031841
v 0.237095 2.138480 -0.069144
v 0.243214 2.098479 -0.071105
v 0.241888 2.099485 -0.109050
v 0.235769 2.139486 -0.106643
v 0.237781 2.141837 -0.139111
v 0.243824 2.101836 -0.141840
v 0.217488 2.231846 0.122917
v 0.222192 2.232562 0.157444
v 0.213595 2.266762 0.160472
v 0.208751 2.266047 0.125207
v 0.207424 2.267053 0.086337
v 0.216162 2.232852 0.084602
v 0.225026 2.200590 0.082867
v 0.226352 2.199584 0.120362
v 0.230886 2.200300 0.153904
v 0.214835 2.233859 0.047028
v 0.206098 2.268059 0.048578
v 0.204772 2.269065 0.011373
v 0.213509 2.234864 0.009823
v 0.222373 2.202602 0.008361
v 0.223699 2.201596 0.045566
v 0.212183 2.235871 -0.027381
v 0.203446 2.270071 -0.025831
v 0.202120 2.271077 -0.063416
v 0.210857 2.236877 -0.064847
v 0.219721 2.204614 -0.066132
v 0.221047 2.203608 -0.028844
v 0.209531 2.237883 -0.102833
v 0.200793 2.272083 -0.101761
v 0.203483 2.274433 -0.135452
v 0.212080 2.240233 -0.136084
v 0.220774 2.207971 -0.136266
v 0.218395 2.205620 -0.103589
v 0.235496 2.167807 0.118604
v 0.239831 2.168522 0.151715
v 0.234170 2.168813 0.081347
v 0.232844 2.169819 0.044125
v 0.231517 2.170825 0.006921
v 0.230191 2.171831 -0.030284
v 0.228865 2.172837 -0.067525
v 0.227539 2.173843 -0.104840
v 0.229719 2.176194 -0.137264
v 0.199986 2.303635 0.126170
v 0.204939 2.304351 0.161124
v 0.195937 2.341600 0.161041
v 0.190870 2.340884 0.126749
v 0.189544 2.341890 0.089267
v 0.198660 2.304641 0.087856
v 0.197334 2.305647 0.050282
v 0.188218 2.342896 0.051970
v 0.186891 2.343902 0.014765
v 0.196008 2.306654 0.013077
v 0.194682 2.307659 -0.024128
v 0.185565 2.344908 -0.022439
v 0.184239 2.345914 -0.059713
v 0.193355 2.308666 -0.061588
v 0.192029 2.309671 -0.099559
v 0.182913 2.346920 -0.097127
v 0.185824 2.349271 -0.130357
v 0.194827 2.312022 -0.133099
v 0.181077 2.374064 0.127883
v 0.186299 2.374779 0.161863
v 0.176835 2.406101 0.163228
v 0.171472 2.405385 0.129313
v 0.170146 2.406391 0.092100
v 0.179750 2.375070 0.090678
v 0.178424 2.376076 0.053474
v 0.168820 2.407397 0.054893
v 0.167478 2.408403 0.017689
v 0.177098 2.377082 0.016269
v 0.175772 2.378088 -0.020935
v 0.166104 2.409409 -0.019516
v 0.164746 2.410415 -0.056726
v 0.174446 2.379094 -0.058145
v 0.173120 2.380100 -0.095363
v 0.163451 2.411421 -0.093946
v 0.166707 2.413772 -0.127266
v 0.176187 2.382451 -0.128553
v 0.162924 2.437058 0.130780
v 0.168354 2.437773 0.164773
v 0.160796 2.470367 0.167159
v 0.155343 2.469651 0.132735
v 0.154006 2.470657 0.095141
v 0.161598 2.438064 0.093544
v 0.160271 2.439070 0.056329
v 0.152649 2.471663 0.057806
v 0.151045 2.472669 0.020602
v 0.158881 2.440076 0.019124
v 0.157363 2.441082 -0.018080
v 0.148965 2.473675 -0.016603
v 0.147151 2.474681 -0.053940
v 0.155909 2.442088 -0.055301
v 0.154711 2.443094 -0.092554
v 0.146343 2.475687 -0.091542
v 0.150411 2.478038 -0.125529
v 0.158178 2.445445 -0.126074
v 0.148641 2.503733 0.135630
v 0.154100 2.504449 0.171044
v 0.145935 2.542333 0.175022
v 0.140482 2.541618 0.138662
v 0.139095 2.542624 0.099069
v 0.147274 2.504740 0.097023
v 0.145825 2.505745 0.059351
v 0.137584 2.543630 0.061068
v 0.135148 2.544636 0.023863
v 0.143705 2.506752 0.022146
v 0.140326 2.507758 -0.015058
v 0.130981 2.545642 -0.013341
v 0.127848 2.546648 -0.051308
v 0.137688 2.508764 -0.052712
v 0.137796 2.509770 -0.091262
v 0.128513 2.547654 -0.090799
v 0.134789 2.550004 -0.126608
v 0.143215 2.512120 -0.126185
v 0.128528 2.585616 0.141032
v 0.133968 2.586332 0.177686
v 0.118949 2.636941 0.179834
v 0.113475 2.636225 0.143242
v 0.112139 2.637231 0.103430
v 0.127160 2.586622 0.101157
v 0.125711 2.587628 0.063062
v 0.110782 2.638237 0.065356
v 0.109273 2.639243 0.028151
v 0.123656 2.588634 0.025858
v 0.120468 2.589640 -0.011347
v 0.107482 2.640249 -0.009053
v 0.105853 2.641255 -0.047186
v 0.117959 2.590646 -0.049421
v 0.117938 2.591652 -0.089235
v 0.104831 2.642262 -0.087176
v 0.108669 2.644612 -0.123846
v 0.123332 2.594003 -0.125363
v 0.047560 2.807610 0.145655
v 0.056920 2.801699 0.181285
v 0.000919 2.859175 0.182849
v 0.000919 2.860010 0.142786
v 0.000919 2.863247 0.105427
v 0.046201 2.809731 0.107111
v 0.073248 2.754277 0.107683
v 0.074582 2.752992 0.147125
v 0.081219 2.752051 0.183312
v 0.044620 2.813583 0.069408
v 0.000919 2.869945 0.068068
v 0.000919 2.877817 0.030709
v 0.042921 2.818022 0.032127
v 0.070439 2.757859 0.032496
v 0.071858 2.755994 0.069719
v 0.041207 2.821907 -0.005155
v 0.000919 2.884580 -0.006650
v 0.000919 2.890625 -0.044009
v 0.039457 2.825432 -0.043094
v 0.067547 2.761220 -0.043047
v 0.069016 2.759584 -0.004728
v 0.037649 2.828794 -0.082347
v 0.000919 2.896343 -0.081368
v 0.000919 2.907961 -0.133791
v 0.040839 2.826500 -0.118210
v 0.068311 2.764005 -0.122229
v 0.065992 2.762815 -0.083555
v 0.096024 2.693940 0.145797
v 0.101631 2.694656 0.182269
v 0.094698 2.694947 0.106030
v 0.093372 2.695952 0.067972
v 0.092045 2.696959 0.030767
v 0.090719 2.697965 -0.006437
v 0.089364 2.698971 -0.044736
v 0.087951 2.699977 -0.085224
v 0.090625 2.702327 -0.123455
v 0.566083 2.891351 -0.163103
v 0.549289 2.885470 -0.183788
v 0.549493 2.950664 -0.153122
v 0.563713 2.954824 -0.126585
v 0.579221 2.895511 -0.135862
v 0.729760 2.023789 -0.128704
v 0.721723 2.023073 -0.160503
v 0.721043 2.047383 -0.127750
v 0.722369 2.046377 -0.090452
v 0.731087 2.022783 -0.091492
v 0.740051 2.000048 -0.092522
v 0.738725 2.001054 -0.129732
v 0.730367 2.000338 -0.161389
v 0.732413 2.021777 -0.054286
v 0.723695 2.045371 -0.053216
v 0.725021 2.044351 -0.016012
v 0.733739 2.020715 -0.017081
v 0.742704 1.997923 -0.018111
v 0.741377 1.999042 -0.055316
v 0.735065 2.019541 0.020124
v 0.726348 2.043303 0.021193
v 0.727674 2.041616 0.058445
v 0.736391 2.017692 0.057328
v 0.745356 1.994645 0.056298
v 0.744030 1.996581 0.019093
v 0.737718 2.014608 0.094533
v 0.729000 2.038676 0.095792
v 0.723496 2.034233 0.128943
v 0.731837 2.009653 0.127741
v 0.740479 1.986490 0.126920
v 0.746682 1.991743 0.093502
v 0.618904 2.701144 -0.160735
v 0.605384 2.695263 -0.182911
v 0.627521 2.705304 -0.134354
v 0.712819 2.072696 -0.126942
v 0.706261 2.101948 -0.125968
v 0.707587 2.100942 -0.088152
v 0.714145 2.071690 -0.089389
v 0.715471 2.070683 -0.052069
v 0.708913 2.099936 -0.050743
v 0.710239 2.098930 -0.013538
v 0.716797 2.069677 -0.014864
v 0.718123 2.068671 0.022340
v 0.711565 2.097924 0.023666
v 0.712892 2.096824 0.061204
v 0.719450 2.067288 0.059734
v 0.720776 2.065152 0.097508
v 0.714218 2.095535 0.099409
v 0.709646 2.092896 0.133082
v 0.715758 2.061648 0.130905
v 0.652713 2.429257 -0.175334
v 0.637010 2.423376 -0.193444
v 0.664545 2.433417 -0.152016
v 0.692129 2.214387 -0.121440
v 0.685842 2.253986 -0.119712
v 0.687169 2.252980 -0.081419
v 0.693455 2.213381 -0.083197
v 0.700113 2.174863 -0.084872
v 0.698787 2.175870 -0.122900
v 0.694781 2.212375 -0.045647
v 0.688495 2.251974 -0.043852
v 0.689821 2.250968 -0.006647
v 0.696107 2.211369 -0.008442
v 0.702765 2.172852 -0.010188
v 0.701439 2.173858 -0.047393
v 0.697433 2.210363 0.028762
v 0.691147 2.249962 0.030557
v 0.692473 2.248956 0.068229
v 0.698759 2.209357 0.066442
v 0.705417 2.170839 0.064632
v 0.704091 2.171845 0.027017
v 0.700086 2.208351 0.105071
v 0.693799 2.247950 0.106835
v 0.690079 2.245599 0.140690
v 0.696199 2.206000 0.138895
v 0.702623 2.167483 0.136760
v 0.706744 2.169833 0.103070
v 0.643601 2.571475 -0.161102
v 0.630315 2.565593 -0.181318
v 0.651927 2.575634 -0.136613
v 0.702540 2.137365 -0.124515
v 0.696030 2.136649 -0.157117
v 0.703866 2.136359 -0.086584
v 0.705193 2.135353 -0.049138
v 0.706519 2.134347 -0.011933
v 0.707845 2.133341 0.025271
v 0.709171 2.132335 0.062862
v 0.710497 2.131329 0.101223
v 0.706187 2.128978 0.134928
v 0.662427 2.290860 -0.174171
v 0.643097 2.284978 -0.193359
v 0.677347 2.295019 -0.150580
v 0.683204 2.295735 -0.117296
v 0.681671 2.335737 -0.115195
v 0.682929 2.334731 -0.077621
v 0.684530 2.294729 -0.079396
v 0.685856 2.293723 -0.041960
v 0.684225 2.333725 -0.040312
v 0.685552 2.332718 -0.003100
v 0.687182 2.292717 -0.004755
v 0.688509 2.291711 0.032449
v 0.686900 2.331712 0.034182
v 0.688195 2.330706 0.071560
v 0.689835 2.290705 0.069933
v 0.691161 2.289699 0.107974
v 0.689363 2.329700 0.109062
v 0.685480 2.327350 0.142329
v 0.687428 2.287348 0.141497
v 0.679153 2.132490 -0.178575
v 0.657092 2.126608 -0.194906
v 0.678701 2.370093 -0.114416
v 0.674540 2.401870 -0.114945
v 0.675511 2.400864 -0.076350
v 0.679754 2.369087 -0.076589
v 0.680962 2.368081 -0.039251
v 0.676607 2.399858 -0.039042
v 0.677922 2.398852 -0.001831
v 0.682290 2.367075 -0.002017
v 0.683703 2.366069 0.035497
v 0.679550 2.397846 0.036470
v 0.680837 2.396840 0.075003
v 0.684906 2.365063 0.073118
v 0.685600 2.364057 0.110672
v 0.681130 2.395834 0.112912
v 0.681470 2.361706 0.144197
v 0.700265 2.018914 -0.181472
v 0.672095 2.013032 -0.198151
v 0.707946 1.996178 -0.181934
v 0.678494 1.990297 -0.198222
v 0.669431 2.434133 -0.116767
v 0.664556 2.468333 -0.116845
v 0.665952 2.467327 -0.076457
v 0.670706 2.433127 -0.076955
v 0.671704 2.432121 -0.039952
v 0.666867 2.466321 -0.039703
v 0.668108 2.465315 -0.002720
v 0.672975 2.431115 -0.002870
v 0.675071 2.430109 0.037174
v 0.670480 2.464309 0.038358
v 0.672653 2.463303 0.079898
v 0.676861 2.429102 0.077616
v 0.677213 2.428097 0.115890
v 0.673296 2.462296 0.118270
v 0.459850 2.982539 -0.236851
v 0.448523 3.031117 -0.237962
v 0.474961 2.927139 -0.238432
v 0.661093 2.505922 -0.112141
v 0.658005 2.543170 -0.106468
v 0.658033 2.542164 -0.068748
v 0.661859 2.504916 -0.072906
v 0.662713 2.503910 -0.036019
v 0.658854 2.541158 -0.031619
v 0.660166 2.540152 0.005549
v 0.663982 2.502903 0.001034
v 0.665992 2.501898 0.040769
v 0.661664 2.539146 0.043386
v 0.663116 2.538140 0.081295
v 0.667892 2.500891 0.080795
v 0.668829 2.499886 0.118718
v 0.664288 2.537134 0.118677
v 0.379643 3.127586 -0.309789
v 0.351787 3.118315 -0.329396
v 0.389472 3.093131 -0.299325
v 0.654252 2.576350 -0.103642
v 0.649475 2.607671 -0.102244
v 0.649322 2.606665 -0.065026
v 0.654077 2.575344 -0.066431
v 0.654902 2.574338 -0.029223
v 0.650155 2.605659 -0.027817
v 0.651481 2.604653 0.009388
v 0.656228 2.573332 0.007982
v 0.657555 2.572326 0.045187
v 0.652807 2.603647 0.046592
v 0.654130 2.602641 0.083799
v 0.658867 2.571320 0.082391
v 0.660147 2.570314 0.119594
v 0.655445 2.601635 0.121010
v 0.463003 3.148255 -0.201240
v 0.455264 3.181757 -0.205090
v 0.476627 3.186687 -0.176732
v 0.483843 3.153422 -0.174102
v 0.643314 2.639344 -0.100856
v 0.636574 2.671937 -0.099841
v 0.636351 2.670931 -0.062244
v 0.643101 2.638338 -0.063606
v 0.643913 2.637332 -0.026386
v 0.637161 2.669925 -0.024909
v 0.638488 2.668919 0.012296
v 0.645240 2.636326 0.010819
v 0.646566 2.635320 0.048023
v 0.639814 2.667913 0.049500
v 0.641140 2.666907 0.086834
v 0.647892 2.634314 0.085237
v 0.649218 2.633308 0.122471
v 0.642466 2.665901 0.124424
v 0.320666 3.334316 -0.311772
v 0.289874 3.327667 -0.331450
v 0.279555 3.362619 -0.320791
v 0.310836 3.368771 -0.302263
v 0.612276 2.787903 -0.101992
v 0.599638 2.838511 -0.101885
v 0.600826 2.837505 -0.057188
v 0.613052 2.786896 -0.058903
v 0.622708 2.742898 -0.059907
v 0.622413 2.743904 -0.100216
v 0.614195 2.785890 -0.019703
v 0.602107 2.836499 -0.017435
v 0.603433 2.835493 0.019827
v 0.615521 2.784884 0.017539
v 0.625017 2.740886 0.015555
v 0.623690 2.741892 -0.021660
v 0.616847 2.783878 0.054756
v 0.604759 2.834487 0.057050
v 0.606085 2.833481 0.095124
v 0.618173 2.782872 0.092851
v 0.627669 2.738874 0.090763
v 0.626343 2.739880 0.052762
v 0.619499 2.781866 0.132726
v 0.607411 2.832475 0.134936
v 0.628995 2.737868 0.130356
v 0.386186 3.273836 -0.264296
v 0.394970 3.239857 -0.264421
v 0.630059 2.706020 -0.099564
v 0.630014 2.705014 -0.061016
v 0.630883 2.704008 -0.023364
v 0.632209 2.703002 0.013841
v 0.633536 2.701996 0.051045
v 0.634862 2.700990 0.088716
v 0.636188 2.699984 0.127320
v 0.416569 3.349271 -0.205101
v 0.408830 3.382774 -0.203503
v 0.433329 3.386275 -0.178813
v 0.440545 3.353010 -0.178433
v 0.584484 2.896227 -0.096889
v 0.569337 2.955539 -0.090384
v 0.570663 2.954533 -0.050305
v 0.585810 2.895221 -0.053945
v 0.587137 2.894215 -0.014794
v 0.571989 2.953527 -0.012134
v 0.573316 2.952521 0.025080
v 0.588463 2.893209 0.022449
v 0.589789 2.892203 0.059666
v 0.574642 2.951515 0.062288
v 0.575968 2.950509 0.100322
v 0.591115 2.891197 0.097725
v 0.592441 2.890191 0.137491
v 0.577294 2.949503 0.140016
v 0.438892 3.069963 -0.241905
v 0.419097 3.064319 -0.266395
v 0.556718 3.010940 -0.085754
v 0.550946 3.010224 -0.120427
v 0.540817 3.058521 -0.117090
v 0.546630 3.059228 -0.083031
v 0.547928 3.058229 -0.045537
v 0.558044 3.009934 -0.047398
v 0.559371 3.008928 -0.009809
v 0.549225 3.057231 -0.008236
v 0.550522 3.056232 0.028969
v 0.560697 3.007921 0.027395
v 0.562023 3.006916 0.064600
v 0.551820 3.055234 0.066175
v 0.553117 3.054236 0.104099
v 0.563349 3.005909 0.102586
v 0.564675 3.004903 0.142136
v 0.554414 3.053237 0.143460
v 0.403755 3.205878 -0.264184
v 0.425640 3.210569 -0.235387
v 0.488884 3.359757 -0.085793
v 0.495158 3.326938 -0.084053
v 0.488927 3.326515 -0.119408
v 0.482600 3.359370 -0.121939
v 0.476269 3.392226 -0.125260
v 0.482597 3.392576 -0.088051
v 0.483213 3.391876 -0.047705
v 0.489615 3.359026 -0.047006
v 0.495956 3.326176 -0.046436
v 0.491037 3.358295 -0.009256
v 0.497372 3.325415 -0.009077
v 0.484519 3.391176 -0.009434
v 0.485430 3.390476 0.027801
v 0.492063 3.357565 0.027976
v 0.498436 3.324654 0.028151
v 0.491610 3.356834 0.065208
v 0.498176 3.323893 0.065380
v 0.484861 3.389776 0.065036
v 0.483898 3.389076 0.103344
v 0.490762 3.356103 0.103049
v 0.497565 3.323131 0.102887
v 0.490604 3.355372 0.142107
v 0.497571 3.322370 0.140952
v 0.483624 3.388375 0.143800
v 0.546341 3.091351 0.143598
v 0.545130 3.092326 0.104442
v 0.538266 3.125298 0.104201
v 0.539361 3.124353 0.143143
v 0.532381 3.157356 0.142689
v 0.531402 3.158270 0.103959
v 0.524545 3.191242 0.103718
v 0.525402 3.190359 0.142234
v 0.518422 3.223362 0.141779
v 0.517702 3.224215 0.103477
v 0.510920 3.257187 0.103236
v 0.511455 3.256364 0.141324
v 0.504513 3.289367 0.140870
v 0.504246 3.290159 0.102994
v 0.543919 3.093301 0.066585
v 0.542709 3.094277 0.029377
v 0.536076 3.127188 0.029202
v 0.537171 3.126243 0.066413
v 0.530422 3.159184 0.066240
v 0.529442 3.160099 0.029027
v 0.522851 3.193010 0.028852
v 0.523701 3.192126 0.066068
v 0.517037 3.225068 0.065896
v 0.516344 3.225921 0.028677
v 0.510097 3.258832 0.028502
v 0.510554 3.258009 0.065724
v 0.504379 3.290951 0.065552
v 0.504287 3.291743 0.028326
v 0.541498 3.095252 -0.007830
v 0.540287 3.096228 -0.045038
v 0.533885 3.129078 -0.045219
v 0.534980 3.128133 -0.008009
v 0.528463 3.161013 -0.008187
v 0.527483 3.161927 -0.045400
v 0.521088 3.194777 -0.045582
v 0.521973 3.193893 -0.008365
v 0.515539 3.226774 -0.008543
v 0.514707 3.227627 -0.045763
v 0.508387 3.260477 -0.045944
v 0.509287 3.259654 -0.008721
v 0.503344 3.292535 -0.008899
v 0.502175 3.293327 -0.046125
v 0.539077 3.097203 -0.082246
v 0.533220 3.096524 -0.116274
v 0.526889 3.129380 -0.116755
v 0.532790 3.130023 -0.082430
v 0.526504 3.162842 -0.082614
v 0.520559 3.162236 -0.117309
v 0.514228 3.195091 -0.117800
v 0.520217 3.195661 -0.082798
v 0.513930 3.228480 -0.082982
v 0.507897 3.227947 -0.118096
v 0.501570 3.260803 -0.118285
v 0.507656 3.261299 -0.083167
v 0.501407 3.294119 -0.083351
v 0.495249 3.293659 -0.118456
v 0.399302 3.058676 -0.290886
v 0.518071 3.092536 -0.143944
v 0.511377 3.125562 -0.145310
v 0.525971 3.054404 -0.144088
v 0.491296 3.224642 -0.148998
v 0.469411 3.219951 -0.177795
v 0.484602 3.257669 -0.149196
v 0.497990 3.191616 -0.148373
v 0.464521 3.356749 -0.151766
v 0.457828 3.389776 -0.154123
v 0.471215 3.323722 -0.149976
v 0.091385 3.008949 0.373945
v 0.103095 2.974380 0.366791
v 0.179084 2.988830 0.368004
v 0.166282 3.026470 0.375261
v 0.155560 3.065277 0.385762
v 0.087991 3.048188 0.384597
v 0.000919 3.032268 0.383062
v 0.000919 2.992783 0.372250
v 0.000919 2.951594 0.353892
v 0.082078 3.087395 0.396397
v 0.144208 3.104077 0.397232
v 0.132572 3.142884 0.408973
v 0.075029 3.126627 0.408863
v 0.000919 3.111161 0.407706
v 0.000919 3.071691 0.395054
v 0.068226 3.165941 0.421514
v 0.120997 3.181715 0.420288
v 0.000919 3.150790 0.420497
v 0.249661 2.970682 0.365167
v 0.297786 2.994230 0.363344
v 0.285269 3.031256 0.367444
v 0.236756 3.008690 0.368091
v 0.196673 2.953532 0.366270
v 0.223850 3.046699 0.375815
v 0.272753 3.068282 0.375079
v 0.260236 3.105308 0.384803
v 0.210944 3.084708 0.386186
v 0.198039 3.122716 0.397052
v 0.247720 3.142333 0.395166
v 0.235203 3.179359 0.403480
v 0.185133 3.160726 0.406989
v 0.172227 3.198738 0.414576
v 0.222687 3.216386 0.407056
v 0.345910 3.017779 0.361966
v 0.386801 3.036973 0.355556
v 0.375111 3.072215 0.359876
v 0.333783 3.053822 0.366454
v 0.321656 3.089865 0.372523
v 0.363421 3.107458 0.364075
v 0.351730 3.142700 0.370220
v 0.309528 3.125907 0.380544
v 0.297401 3.161950 0.390886
v 0.340040 3.177943 0.380374
v 0.328349 3.213185 0.388614
v 0.285274 3.197993 0.399018
v 0.273146 3.234036 0.400405
v 0.316659 3.248428 0.389016
v 0.597936 2.256771 0.242675
v 0.673577 2.282308 0.165428
v 0.676267 2.240559 0.164108
v 0.671620 2.322310 0.167007
v 0.690602 2.123938 0.158548
v 0.693280 2.087746 0.157026
v 0.687607 2.162443 0.160129
v 0.711543 2.002193 0.152958
v 0.719219 1.977497 0.152764
v 0.704332 2.028034 0.153609
v 0.059099 3.269177 -0.333684
v 0.055185 3.324139 -0.327149
v 0.086852 3.324292 -0.327110
v 0.096527 3.276962 -0.334126
v 0.106419 3.231828 -0.339505
v 0.063745 3.218132 -0.338742
v 0.000919 3.205137 -0.338300
v 0.000919 3.262849 -0.333412
v 0.000919 3.321955 -0.328734
v 0.069855 3.174918 -0.340845
v 0.116746 3.191083 -0.341610
v 0.127288 3.152551 -0.341716
v 0.076690 3.135687 -0.341116
v 0.000919 3.119414 -0.341046
v 0.000919 3.159252 -0.340514
v 0.083508 3.096588 -0.340679
v 0.137827 3.114053 -0.341098
v 0.148395 3.075573 -0.337009
v 0.090443 3.057555 -0.336748
v 0.000919 3.040398 -0.337205
v 0.000919 3.079840 -0.340887
v 0.097626 3.018522 -0.326539
v 0.159026 3.037092 -0.326697
v 0.110939 2.984308 -0.315098
v 0.000919 2.963923 -0.292856
v 0.000919 3.000956 -0.327170
v 0.143087 3.287663 -0.334909
v 0.131678 3.329429 -0.327071
v 0.183139 3.338677 -0.327032
v 0.194242 3.300626 -0.335946
v 0.205351 3.262919 -0.342778
v 0.154523 3.246925 -0.340911
v 0.166015 3.208246 -0.343242
v 0.216475 3.225902 -0.345444
v 0.227605 3.189233 -0.345673
v 0.177535 3.170597 -0.343373
v 0.189055 3.132953 -0.342775
v 0.238736 3.152570 -0.345190
v 0.249866 3.115912 -0.341242
v 0.200574 3.095312 -0.338708
v 0.212094 3.057670 -0.328433
v 0.260997 3.079253 -0.331073
v 0.245452 3.315199 -0.337151
v 0.234710 3.351164 -0.326993
v 0.256193 3.279304 -0.344922
v 0.266934 3.243549 -0.347918
v 0.277676 3.207866 -0.348200
v 0.288417 3.172188 -0.347826
v 0.299158 3.136512 -0.344004
v 0.309900 3.100836 -0.333942
v 0.447525 3.215260 -0.206591
v 0.477909 3.290696 -0.149320
v 0.504684 3.158589 -0.146965
v 0.536284 3.006064 -0.146966
v 0.548239 2.382400 0.305225
v 0.567742 2.388784 0.284522
v 0.564057 2.422985 0.286880
v 0.544290 2.416600 0.309143
v 0.668200 2.356666 0.169730
v 0.681886 2.200960 0.162163
v 0.698050 2.056165 0.155172
v 0.587586 1.994668 -0.246153
v 0.586174 2.018750 -0.246754
v 0.612883 2.024806 -0.234150
v 0.615755 2.001089 -0.234376
v 0.619589 1.978195 -0.234110
v 0.590136 1.971296 -0.244774
v 0.643925 2.007151 -0.217081
v 0.639591 2.030745 -0.216786
v 0.649041 1.984416 -0.217103
v 0.546786 2.097202 -0.265352
v 0.549212 2.135706 -0.264203
v 0.570390 2.141588 -0.251630
v 0.568847 2.103083 -0.252797
v 0.565825 2.067535 -0.255380
v 0.542640 2.061313 -0.268144
v 0.590909 2.108964 -0.241082
v 0.591569 2.147469 -0.239774
v 0.612747 2.153350 -0.226758
v 0.612970 2.114846 -0.228194
v 0.612195 2.079426 -0.230897
v 0.589010 2.073537 -0.243755
v 0.635031 2.120727 -0.212124
v 0.633925 2.159232 -0.210706
v 0.635380 2.085310 -0.214437
v 0.544866 2.255572 -0.270410
v 0.541860 2.295573 -0.270756
v 0.562430 2.301455 -0.257108
v 0.564622 2.261453 -0.257304
v 0.567419 2.219704 -0.256623
v 0.547850 2.213823 -0.269520
v 0.584738 2.267334 -0.245343
v 0.583643 2.307336 -0.244778
v 0.604377 2.313217 -0.230780
v 0.604704 2.273216 -0.231672
v 0.606701 2.231467 -0.230990
v 0.587079 2.225585 -0.244572
v 0.624006 2.279097 -0.213435
v 0.623515 2.319099 -0.212130
v 0.626157 2.237348 -0.213501
v 0.522973 2.536187 -0.285012
v 0.519668 2.567508 -0.287115
v 0.546852 2.573390 -0.265988
v 0.549339 2.542068 -0.264279
v 0.551164 2.508888 -0.263621
v 0.525960 2.503007 -0.283231
v 0.572451 2.547950 -0.243059
v 0.569803 2.579271 -0.244738
v 0.590056 2.585152 -0.223512
v 0.593358 2.553831 -0.221930
v 0.595070 2.520651 -0.222967
v 0.573938 2.514770 -0.243357
v 0.613107 2.559712 -0.201472
v 0.609141 2.591033 -0.202453
v 0.615349 2.526532 -0.202980
v 0.537805 2.393970 -0.276190
v 0.535319 2.428170 -0.278476
v 0.558267 2.434051 -0.264011
v 0.560712 2.399851 -0.261438
v 0.561965 2.367588 -0.258501
v 0.539122 2.361707 -0.274073
v 0.582450 2.405732 -0.247296
v 0.578718 2.439932 -0.249960
v 0.597768 2.445814 -0.234285
v 0.602541 2.411613 -0.231821
v 0.606538 2.379351 -0.227880
v 0.585104 2.373469 -0.243649
v 0.620507 2.417495 -0.213072
v 0.616512 2.451695 -0.214946
v 0.624266 2.385232 -0.209552
v 0.498692 2.665857 -0.293792
v 0.490070 2.703741 -0.293082
v 0.515574 2.709622 -0.271177
v 0.525089 2.671738 -0.271616
v 0.533879 2.637656 -0.270923
v 0.506673 2.631774 -0.293148
v 0.547942 2.677619 -0.249440
v 0.538536 2.715503 -0.249384
v 0.559323 2.721385 -0.227786
v 0.568531 2.683501 -0.227264
v 0.577086 2.649418 -0.226472
v 0.556749 2.643537 -0.248697
v 0.588135 2.689382 -0.205088
v 0.578305 2.727266 -0.206468
v 0.596693 2.655299 -0.204246
v 0.452761 2.856064 -0.285168
v 0.474569 2.861945 -0.263643
v 0.493137 2.804230 -0.267752
v 0.469102 2.798348 -0.289344
v 0.495945 2.867826 -0.242566
v 0.515803 2.873708 -0.222271
v 0.536771 2.815992 -0.227086
v 0.516215 2.810111 -0.246832
v 0.533057 2.879589 -0.203095
v 0.553238 2.821874 -0.209017
v 0.480872 2.747739 -0.291790
v 0.505865 2.753621 -0.270076
v 0.529186 2.759502 -0.248809
v 0.550007 2.765383 -0.228325
v 0.567497 2.771265 -0.208960
v 0.513950 2.599181 -0.290375
v 0.541416 2.605062 -0.268624
v 0.564303 2.610944 -0.246874
v 0.584447 2.616825 -0.225123
v 0.603682 2.622706 -0.203373
v 0.530723 2.465759 -0.280937
v 0.554612 2.471640 -0.264135
v 0.575954 2.477521 -0.247152
v 0.595909 2.483403 -0.229209
v 0.615639 2.489284 -0.209527
v 0.540209 2.329930 -0.272120
v 0.562041 2.335811 -0.257282
v 0.584633 2.341692 -0.243512
v 0.606070 2.347574 -0.228524
v 0.624435 2.353455 -0.210037
v 0.549432 2.174224 -0.266522
v 0.569628 2.180105 -0.253819
v 0.589824 2.185987 -0.241826
v 0.610020 2.191868 -0.228521
v 0.630215 2.197749 -0.211878
v 0.537260 2.030645 -0.270756
v 0.562150 2.037889 -0.257440
v 0.587040 2.044253 -0.245800
v 0.611931 2.050166 -0.232936
v 0.636821 2.056058 -0.215948
v 0.587331 2.395169 0.267167
v 0.607184 2.401553 0.247616
v 0.604476 2.435753 0.247669
v 0.584137 2.429369 0.268276
v 0.627477 2.407938 0.220326
v 0.625022 2.442137 0.219399
v 0.527758 2.524618 0.324832
v 0.532701 2.491438 0.321968
v 0.551902 2.497822 0.300820
v 0.546880 2.531002 0.302882
v 0.541842 2.562323 0.303069
v 0.522681 2.555939 0.326261
v 0.565986 2.537386 0.282777
v 0.571138 2.504206 0.282365
v 0.590452 2.510591 0.261834
v 0.585119 2.543771 0.261245
v 0.580162 2.575092 0.258093
v 0.560998 2.568707 0.280907
v 0.604322 2.550155 0.235016
v 0.609888 2.516975 0.234457
v 0.599343 2.581476 0.232949
v 0.538661 2.454189 0.315731
v 0.558202 2.460573 0.293900
v 0.577964 2.466958 0.275437
v 0.597902 2.473342 0.254858
v 0.617973 2.479726 0.226680
v 0.502987 2.654287 0.331850
v 0.509478 2.620205 0.330201
v 0.528666 2.626589 0.306252
v 0.522205 2.660671 0.308213
v 0.515255 2.698556 0.309668
v 0.496078 2.692171 0.332821
v 0.541423 2.667056 0.284576
v 0.547854 2.632973 0.282418
v 0.567041 2.639358 0.258524
v 0.560642 2.673440 0.260939
v 0.553611 2.711324 0.263360
v 0.534433 2.704940 0.286514
v 0.579860 2.679825 0.237302
v 0.586229 2.645742 0.234399
v 0.572788 2.717709 0.240206
v 0.516315 2.587611 0.328194
v 0.535491 2.593996 0.304365
v 0.554666 2.600380 0.280991
v 0.573842 2.606765 0.257381
v 0.593018 2.613149 0.232846
v 0.436885 2.959207 0.334779
v 0.450000 2.903807 0.334644
v 0.468375 2.910191 0.312630
v 0.455330 2.965591 0.313020
v 0.443432 3.014313 0.313877
v 0.424718 3.007992 0.335600
v 0.473775 2.971976 0.291261
v 0.486749 2.916575 0.290615
v 0.505123 2.922960 0.268600
v 0.492220 2.978360 0.269502
v 0.480858 3.026955 0.270431
v 0.462145 3.020634 0.292154
v 0.510666 2.984744 0.247744
v 0.523498 2.929344 0.246585
v 0.499572 3.033276 0.248708
v 0.487985 2.736170 0.332795
v 0.506962 2.742554 0.310038
v 0.496448 2.793163 0.310303
v 0.477733 2.786779 0.332751
v 0.525940 2.748939 0.287280
v 0.544917 2.755323 0.264522
v 0.533878 2.805932 0.265408
v 0.515163 2.799547 0.287856
v 0.563894 2.761707 0.241764
v 0.552593 2.812316 0.242961
v 0.390909 3.117072 0.345665
v 0.402067 3.082265 0.342464
v 0.421837 3.088143 0.319635
v 0.411259 3.122696 0.322273
v 0.400682 3.157249 0.326431
v 0.379751 3.151878 0.350639
v 0.431610 3.128320 0.298881
v 0.441607 3.094020 0.296807
v 0.461377 3.099898 0.273978
v 0.451960 3.133945 0.275490
v 0.442543 3.167991 0.278015
v 0.421613 3.162620 0.302223
v 0.472310 3.139569 0.252098
v 0.481146 3.105775 0.251149
v 0.463474 3.173362 0.253807
v 0.464344 2.844494 0.333668
v 0.482833 2.850878 0.311446
v 0.501322 2.857263 0.289223
v 0.519811 2.863647 0.267001
v 0.538300 2.870031 0.244779
v 0.346278 3.256299 0.367285
v 0.357436 3.221492 0.367281
v 0.379527 3.226356 0.340484
v 0.368950 3.260910 0.340381
v 0.358372 3.295463 0.337841
v 0.335120 3.291106 0.364265
v 0.391621 3.265521 0.313478
v 0.401618 3.231220 0.313687
v 0.423710 3.236085 0.286890
v 0.414293 3.270132 0.286575
v 0.404877 3.304178 0.284992
v 0.381624 3.299821 0.311417
v 0.436965 3.274742 0.259671
v 0.445801 3.240949 0.260093
v 0.428129 3.308536 0.258568
v 0.413225 3.047458 0.338635
v 0.432414 3.053589 0.316459
v 0.451604 3.059720 0.294283
v 0.470793 3.065851 0.272107
v 0.489983 3.071982 0.249932
v 0.368593 3.186685 0.359789
v 0.390104 3.191803 0.334168
v 0.411616 3.196920 0.308547
v 0.433127 3.202038 0.282926
v 0.454638 3.207156 0.257305
v 0.323962 3.325912 0.362690
v 0.347795 3.330017 0.336845
v 0.337217 3.364570 0.336622
v 0.312804 3.360719 0.361837
v 0.371627 3.334121 0.311000
v 0.395460 3.338225 0.285155
v 0.386043 3.372272 0.286191
v 0.361630 3.368421 0.311406
v 0.419293 3.342329 0.259310
v 0.410456 3.376122 0.260975
v 0.115798 2.698816 0.210446
v 0.133899 2.704697 0.235466
v 0.110234 2.770015 0.244447
v 0.098514 2.751366 0.211510
v 0.132718 2.641100 0.208249
v 0.149997 2.646982 0.233640
v 0.147636 2.590491 0.206117
v 0.164977 2.596373 0.231621
v 0.159641 2.546493 0.203322
v 0.177363 2.552374 0.228896
v 0.167825 2.508609 0.199138
v 0.185682 2.514490 0.224949
v 0.174504 2.474526 0.194979
v 0.192339 2.480407 0.220759
v 0.181993 2.441933 0.192259
v 0.199737 2.447814 0.217304
v 0.190271 2.410260 0.190544
v 0.207743 2.416142 0.214885
v 0.199313 2.378939 0.189396
v 0.216224 2.384820 0.213803
v 0.208484 2.345759 0.188770
v 0.224772 2.351640 0.213240
v 0.217146 2.308511 0.188617
v 0.232980 2.314392 0.212380
v 0.225477 2.270922 0.187419
v 0.240877 2.276803 0.210208
v 0.233654 2.236722 0.183657
v 0.248494 2.242603 0.205712
v 0.241836 2.204459 0.179344
v 0.255995 2.210340 0.200734
v 0.250184 2.172682 0.176496
v 0.263546 2.178563 0.197114
v 0.257743 2.138326 0.174638
v 0.270434 2.144207 0.194327
v 0.263558 2.098324 0.173295
v 0.275945 2.104205 0.191851
v 0.267230 2.056575 0.171870
v 0.279527 2.062456 0.189543
v 0.268358 2.016976 0.169767
v 0.280630 2.022857 0.187262
v 0.267200 1.978459 0.167654
v 0.279518 1.984340 0.185383
v 0.264016 1.939954 0.166201
v 0.276457 1.945835 0.184279
v 0.261887 1.904537 0.164840
v 0.274408 1.910419 0.183396
v 0.263897 1.875284 0.163008
v 0.276331 1.881166 0.182183
v 0.270044 1.849972 0.161408
v 0.282350 1.855854 0.181310
v 0.280324 1.826378 0.160745
v 0.292588 1.832259 0.181447
v 0.292671 1.803643 0.160551
v 0.304937 1.809524 0.182090
v 0.353507 1.860403 0.284957
v 0.343276 1.884315 0.280820
v 0.331169 1.879143 0.260918
v 0.341375 1.855469 0.264255
v 0.353998 1.832670 0.268244
v 0.366264 1.837413 0.289783
v 0.329218 1.849903 0.243553
v 0.319024 1.873498 0.241016
v 0.306839 1.867616 0.221114
v 0.317035 1.844022 0.222851
v 0.329468 1.821286 0.225167
v 0.341733 1.827168 0.246706
v 0.304825 1.838141 0.202149
v 0.294614 1.861735 0.201212
v 0.317202 1.815405 0.203628
v 0.338097 1.910069 0.278061
v 0.336912 1.939699 0.276177
v 0.324424 1.933912 0.257621
v 0.325796 1.904565 0.258885
v 0.313469 1.898810 0.239710
v 0.311930 1.928062 0.239065
v 0.299429 1.922181 0.220509
v 0.301116 1.892928 0.220534
v 0.288737 1.887047 0.201359
v 0.286922 1.916300 0.201953
v 0.338665 1.975242 0.274668
v 0.341107 2.013746 0.274024
v 0.328789 2.007865 0.256296
v 0.326223 1.969360 0.256590
v 0.313782 1.963479 0.238512
v 0.316471 2.001984 0.238567
v 0.304154 1.996102 0.220839
v 0.301340 1.957598 0.220434
v 0.288899 1.951716 0.202356
v 0.291836 1.990221 0.203111
v 0.341990 2.052264 0.274738
v 0.341014 2.091863 0.277907
v 0.328716 2.085981 0.260234
v 0.329718 2.046383 0.257243
v 0.317446 2.040501 0.239748
v 0.316419 2.080100 0.242561
v 0.304122 2.074219 0.224889
v 0.305174 2.034620 0.222253
v 0.292902 2.028739 0.204757
v 0.291824 2.068337 0.207216
v 0.337877 2.133612 0.284628
v 0.333888 2.173613 0.292770
v 0.321197 2.167732 0.273081
v 0.325491 2.127731 0.266073
v 0.313104 2.121849 0.247517
v 0.308506 2.161851 0.253393
v 0.295816 2.155970 0.233704
v 0.300718 2.115968 0.228962
v 0.288331 2.110086 0.210406
v 0.283125 2.150088 0.214016
v 0.330355 2.207970 0.300199
v 0.326787 2.239747 0.307684
v 0.312628 2.233866 0.286294
v 0.316993 2.202089 0.279582
v 0.303631 2.196207 0.258965
v 0.298470 2.227984 0.264904
v 0.284312 2.222103 0.243514
v 0.290269 2.190326 0.238348
v 0.276908 2.184445 0.217731
v 0.270153 2.216222 0.222124
v 0.322693 2.272009 0.315991
v 0.317879 2.306210 0.324150
v 0.302479 2.300328 0.301362
v 0.307854 2.266128 0.293935
v 0.293014 2.260247 0.271880
v 0.287078 2.294447 0.278573
v 0.271678 2.288566 0.255785
v 0.278174 2.254366 0.249824
v 0.263334 2.248484 0.227768
v 0.256278 2.282684 0.232996
v 0.312149 2.343798 0.331192
v 0.306211 2.381047 0.335610
v 0.289923 2.375166 0.311260
v 0.296315 2.337917 0.307429
v 0.280481 2.332036 0.283667
v 0.273636 2.369284 0.286807
v 0.257348 2.363403 0.262294
v 0.264647 2.326154 0.259904
v 0.248814 2.320273 0.236142
v 0.241060 2.357522 0.237760
v 0.300777 2.414227 0.335900
v 0.295104 2.445548 0.336091
v 0.277632 2.439667 0.313411
v 0.283866 2.408345 0.311974
v 0.266955 2.402464 0.287642
v 0.260160 2.433785 0.289588
v 0.242688 2.427904 0.264962
v 0.250045 2.396583 0.263064
v 0.233134 2.390702 0.238405
v 0.225215 2.422023 0.239876
v 0.288454 2.477221 0.340215
v 0.281514 2.509814 0.344893
v 0.263679 2.503933 0.325817
v 0.270711 2.471339 0.319406
v 0.252967 2.465458 0.296063
v 0.245844 2.498051 0.303126
v 0.228009 2.492170 0.277361
v 0.235224 2.459577 0.270735
v 0.217480 2.453696 0.243972
v 0.210174 2.486289 0.249062
v 0.274970 2.543896 0.346748
v 0.267183 2.581781 0.346646
v 0.248718 2.575899 0.328773
v 0.257112 2.538015 0.328500
v 0.239255 2.532134 0.306835
v 0.230441 2.570018 0.308315
v 0.212455 2.564137 0.284631
v 0.221397 2.526253 0.281817
v 0.203540 2.520371 0.253516
v 0.194865 2.558255 0.257078
v 0.256512 2.625779 0.345456
v 0.243553 2.676388 0.343967
v 0.221463 2.670507 0.326591
v 0.236202 2.619898 0.327951
v 0.216641 2.614017 0.308693
v 0.201007 2.664626 0.308380
v 0.182435 2.658744 0.287262
v 0.198247 2.608135 0.286326
v 0.181436 2.602254 0.259497
v 0.166001 2.652863 0.261163
v 0.228898 2.734103 0.342972
v 0.217391 2.789453 0.344617
v 0.181794 2.798516 0.329452
v 0.206401 2.728222 0.325248
v 0.186687 2.722341 0.307791
v 0.161922 2.782430 0.311825
v 0.142747 2.780696 0.295689
v 0.168681 2.716460 0.287798
v 0.151306 2.710578 0.262470
v 0.129048 2.771648 0.271517
v 0.269047 1.834929 -0.172768
v 0.280649 1.841314 -0.187930
v 0.293001 1.818578 -0.187336
v 0.281399 1.812194 -0.172980
v 0.258722 1.858524 -0.172439
v 0.270324 1.864908 -0.188102
v 0.252450 1.883836 -0.171875
v 0.264052 1.890220 -0.187430
v 0.250357 1.913089 -0.170886
v 0.261960 1.919473 -0.186091
v 0.252567 1.948505 -0.169279
v 0.264169 1.954889 -0.184264
v 0.255876 1.987010 -0.167777
v 0.267478 1.993394 -0.182806
v 0.257079 2.025527 -0.167102
v 0.268681 2.031912 -0.182577
v 0.255956 2.065126 -0.166153
v 0.267588 2.071511 -0.182229
v 0.252286 2.106875 -0.163828
v 0.264009 2.113260 -0.180415
v 0.246470 2.146877 -0.161322
v 0.258498 2.153261 -0.178404
v 0.238912 2.181233 -0.159829
v 0.251610 2.187618 -0.177465
v 0.230564 2.213010 -0.159214
v 0.244059 2.219395 -0.177299
v 0.222381 2.245273 -0.159344
v 0.236558 2.251657 -0.177607
v 0.214205 2.279473 -0.159075
v 0.228942 2.285857 -0.177666
v 0.205874 2.317062 -0.157268
v 0.221044 2.323446 -0.176750
v 0.197212 2.354311 -0.155082
v 0.212836 2.360695 -0.175555
v 0.188041 2.387491 -0.153680
v 0.204288 2.393875 -0.174775
v 0.178998 2.418812 -0.152778
v 0.195808 2.425196 -0.174385
v 0.170721 2.450485 -0.152093
v 0.187801 2.456869 -0.174361
v 0.163221 2.483078 -0.152020
v 0.180401 2.489462 -0.174763
v 0.156511 2.517160 -0.152956
v 0.173737 2.523544 -0.175650
v 0.148493 2.555044 -0.153531
v 0.165895 2.561429 -0.176011
v 0.137067 2.599043 -0.152376
v 0.154961 2.605427 -0.174833
v 0.121617 2.649652 -0.152018
v 0.139597 2.656036 -0.175756
v 0.101530 2.707367 -0.154983
v 0.118467 2.713752 -0.182419
v 0.078465 2.764424 -0.155046
v 0.087213 2.786109 -0.194094
v 0.219967 2.745673 -0.291699
v 0.233666 2.687958 -0.287473
v 0.215140 2.681573 -0.266386
v 0.200815 2.739289 -0.274868
v 0.188170 2.799663 -0.285227
v 0.208054 2.801064 -0.296168
v 0.181424 2.732904 -0.254992
v 0.196554 2.675189 -0.244537
v 0.177740 2.668805 -0.222070
v 0.161120 2.726520 -0.232638
v 0.137221 2.791666 -0.250741
v 0.162919 2.797192 -0.270314
v 0.139232 2.720136 -0.208376
v 0.158530 2.662420 -0.199125
v 0.115998 2.781096 -0.225814
v 0.244289 2.637349 -0.287118
v 0.252688 2.593350 -0.288410
v 0.235333 2.586966 -0.265930
v 0.226425 2.630965 -0.264661
v 0.208562 2.624580 -0.242204
v 0.217977 2.580582 -0.243451
v 0.200621 2.574197 -0.220971
v 0.190698 2.618196 -0.219747
v 0.172835 2.611811 -0.197290
v 0.183266 2.567813 -0.198491
v 0.259719 2.555466 -0.289121
v 0.266263 2.521384 -0.288478
v 0.249091 2.514999 -0.265735
v 0.242524 2.549082 -0.266427
v 0.225330 2.542697 -0.243733
v 0.231919 2.508615 -0.242992
v 0.214747 2.502231 -0.220249
v 0.208136 2.536313 -0.221039
v 0.190941 2.529929 -0.198344
v 0.197575 2.495846 -0.197506
v 0.273203 2.488791 -0.285704
v 0.279853 2.457118 -0.282421
v 0.263044 2.450733 -0.260814
v 0.256123 2.482406 -0.263435
v 0.239042 2.476022 -0.241167
v 0.246235 2.444349 -0.239207
v 0.229426 2.437964 -0.217599
v 0.221962 2.469637 -0.218898
v 0.204882 2.463253 -0.196630
v 0.212617 2.431580 -0.195992
v 0.285526 2.425797 -0.280250
v 0.290960 2.392617 -0.277920
v 0.275335 2.386232 -0.257447
v 0.269278 2.419412 -0.259155
v 0.253031 2.413028 -0.238060
v 0.259711 2.379848 -0.236974
v 0.244086 2.373464 -0.216501
v 0.236783 2.406643 -0.216965
v 0.220536 2.400259 -0.195870
v 0.228461 2.367079 -0.196028
v 0.296898 2.355368 -0.274162
v 0.302628 2.317779 -0.270616
v 0.287891 2.311395 -0.252026
v 0.281727 2.348984 -0.254679
v 0.266556 2.342599 -0.235197
v 0.273154 2.305011 -0.233436
v 0.258416 2.298626 -0.214846
v 0.251386 2.336215 -0.215715
v 0.236215 2.329831 -0.196232
v 0.243679 2.292242 -0.196256
v 0.307442 2.283579 -0.268924
v 0.311536 2.251316 -0.267723
v 0.298041 2.244932 -0.249638
v 0.293266 2.277195 -0.250661
v 0.279089 2.270810 -0.232397
v 0.284545 2.238548 -0.231553
v 0.271050 2.232163 -0.213468
v 0.264912 2.264426 -0.214134
v 0.250735 2.258042 -0.195871
v 0.257554 2.225779 -0.195384
v 0.315104 2.219539 -0.265646
v 0.318637 2.185183 -0.263814
v 0.306610 2.178799 -0.246732
v 0.302405 2.213155 -0.248009
v 0.289707 2.206771 -0.230373
v 0.294582 2.172414 -0.229650
v 0.282554 2.166030 -0.212568
v 0.277008 2.200387 -0.212737
v 0.264309 2.194002 -0.195101
v 0.270526 2.159646 -0.195486
v 0.322626 2.145181 -0.263350
v 0.325751 2.103432 -0.262610
v 0.314119 2.097048 -0.246534
v 0.310903 2.138797 -0.246763
v 0.299179 2.132413 -0.230176
v 0.302486 2.090664 -0.230458
v 0.290853 2.084279 -0.214382
v 0.287456 2.126028 -0.213589
v 0.275732 2.119644 -0.197002
v 0.279221 2.077895 -0.198306
v 0.326693 2.063833 -0.259952
v 0.325490 2.025316 -0.257953
v 0.313887 2.018932 -0.242923
v 0.315090 2.057449 -0.244477
v 0.303488 2.051065 -0.229002
v 0.302285 2.012547 -0.227894
v 0.290683 2.006163 -0.212865
v 0.291886 2.044680 -0.213527
v 0.280283 2.038296 -0.198052
v 0.279080 1.999779 -0.197835
v 0.322181 1.986811 -0.259188
v 0.319988 1.951322 -0.262118
v 0.308479 1.944992 -0.246913
v 0.310579 1.980427 -0.244203
v 0.298976 1.974043 -0.229218
v 0.296848 1.938626 -0.231707
v 0.285179 1.932242 -0.216502
v 0.287374 1.967658 -0.214233
v 0.275772 1.961274 -0.199249
v 0.273558 1.925857 -0.201297
v 0.322132 1.921850 -0.265203
v 0.328437 1.896282 -0.266418
v 0.317393 1.890309 -0.250755
v 0.310901 1.915684 -0.249648
v 0.299183 1.909373 -0.234094
v 0.305616 1.884061 -0.235092
v 0.293617 1.877677 -0.219428
v 0.287316 1.902989 -0.218539
v 0.275640 1.896605 -0.202984
v 0.281904 1.871292 -0.203765
v 0.338728 1.872506 -0.263741
v 0.351013 1.849625 -0.259117
v 0.339410 1.843897 -0.244761
v 0.327498 1.866669 -0.248579
v 0.315780 1.860467 -0.233416
v 0.327808 1.837731 -0.230405
v 0.316206 1.831347 -0.216048
v 0.303913 1.854082 -0.218254
v 0.292237 1.847698 -0.203092
v 0.304603 1.824963 -0.201692
v 0.213874 2.832962 0.351054
v 0.188026 2.853557 0.348568
v 0.082504 2.786479 0.210243
v 0.093301 2.789130 0.239885
v 0.074472 2.804359 0.235316
v 0.065547 2.810274 0.214143
v 0.202792 2.844699 -0.297252
v 0.181926 2.858248 -0.292578
v 0.136261 2.959731 -0.307472
v 0.127683 2.927245 -0.301178
v 0.140787 2.867519 -0.287251
v 0.102423 2.864566 -0.275664
v 0.089882 2.841441 -0.252210
v 0.064600 2.864363 -0.242076
v 0.054082 2.813056 -0.145982
v 0.047958 2.842363 -0.166712
v 0.043129 2.879478 -0.208706
v 0.000919 2.931706 -0.216342
v 0.133957 2.949178 0.365485
v 0.120461 2.923555 0.361886
v 0.134257 2.883633 0.351311
v 0.109286 2.866638 0.340477
v 0.114949 2.840162 0.325384
v 0.090394 2.850869 0.318689
v 0.090921 2.832320 0.296407
v 0.066269 2.847096 0.293063
v 0.045424 2.828868 0.230706
v 0.055270 2.823450 0.255061
v 0.000919 2.872114 0.275143
v 0.000919 2.859681 0.228320
v 0.058302 2.836833 0.277564
v 0.000919 2.907062 0.319261
v -0.603876 2.098401 0.232859
v -0.602384 2.062379 0.233343
v -0.580120 2.055771 0.252422
v -0.582654 2.092017 0.251437
v -0.625098 2.104785 0.214281
v -0.624649 2.068820 0.214264
v -0.603917 2.136906 0.232969
v -0.624380 2.143290 0.214759
v -0.583454 2.130521 0.251179
v -0.476644 3.081249 -0.192924
v -0.468905 3.114752 -0.196648
v -0.448587 3.109347 -0.222317
v -0.456849 3.075606 -0.217415
v -0.496439 3.086892 -0.168434
v -0.489222 3.120157 -0.170979
v -0.485409 3.042761 -0.191025
v -0.504771 3.048583 -0.167557
v -0.466048 3.036939 -0.214494
v -0.329545 3.029484 -0.312383
v -0.370587 3.048556 -0.308505
v -0.360268 3.083436 -0.317819
v -0.318803 3.065160 -0.321961
v -0.340767 2.989366 -0.305671
v -0.381482 3.009036 -0.301826
v -0.281420 3.005936 -0.309493
v -0.292934 2.965081 -0.303192
v -0.270290 3.042594 -0.319039
v -0.233295 2.982387 -0.306809
v -0.221776 3.020029 -0.316338
v -0.245102 2.940795 -0.301148
v -0.184515 2.964949 -0.305685
v -0.193033 2.915640 -0.298525
v -0.169350 2.999816 -0.314733
v -0.646320 2.111169 0.195704
v -0.646913 2.075116 0.195185
v -0.667542 2.117554 0.177126
v -0.669177 2.081385 0.176105
v -0.644843 2.149674 0.196549
v -0.665306 2.156059 0.178339
v -0.247054 3.306122 0.402118
v -0.291441 3.318913 0.385470
v -0.303131 3.283670 0.386371
v -0.259181 3.270079 0.399840
v -0.234927 3.342165 0.405816
v -0.279750 3.354155 0.385440
v -0.195816 3.290836 0.415528
v -0.183300 3.328260 0.422795
v -0.208333 3.253512 0.409777
v -0.144578 3.276350 0.428596
v -0.157484 3.237148 0.421287
v -0.131673 3.315950 0.436205
v -0.095932 3.263481 0.438135
v -0.084248 3.306405 0.444882
v -0.107581 3.221578 0.430300
v -0.052468 3.253046 0.440960
v -0.059568 3.207394 0.432747
v -0.045228 3.300796 0.447664
v -0.529409 1.976975 -0.269113
v -0.530920 2.003199 -0.271607
v -0.498954 1.990300 -0.282318
v -0.496347 1.963012 -0.279310
v -0.557578 1.986943 -0.256401
v -0.557628 2.011805 -0.258080
v -0.529393 1.951363 -0.264946
v -0.558846 1.962693 -0.253563
v -0.495370 1.936380 -0.274196
v -0.633919 2.269540 0.204494
v -0.636711 2.227791 0.200708
v -0.617852 2.221406 0.219003
v -0.615009 2.263155 0.224005
v -0.652829 2.275924 0.184761
v -0.655570 2.234175 0.182358
v -0.631625 2.309541 0.209848
v -0.650819 2.315926 0.187908
v -0.612363 2.303157 0.231187
v -0.396282 2.813579 0.356928
v -0.382053 2.872891 0.357855
v -0.422448 2.892886 0.351455
v -0.436706 2.833573 0.350594
v -0.348281 2.789047 0.358065
v -0.334055 2.848360 0.359131
v -0.409445 2.755863 0.356237
v -0.361508 2.731332 0.357472
v -0.449925 2.775858 0.349846
v -0.380766 2.825651 -0.305879
v -0.366238 2.884964 -0.302331
v -0.318428 2.860432 -0.301866
v -0.332732 2.801120 -0.305371
v -0.422372 2.845520 -0.301220
v -0.407054 2.904832 -0.297835
v -0.394272 2.767936 -0.310233
v -0.436759 2.787805 -0.305530
v -0.345981 2.743405 -0.309327
v -0.654704 1.988963 0.195401
v -0.659802 1.962693 0.196880
v -0.631013 1.957490 0.218938
v -0.627203 1.983524 0.216622
v -0.682205 1.994530 0.174179
v -0.688592 1.968364 0.174822
v -0.650506 2.015846 0.194455
v -0.676500 2.021449 0.174032
v -0.624512 2.010141 0.214877
v -0.558278 2.244002 0.280029
v -0.561274 2.202253 0.273259
v -0.535196 2.191332 0.287160
v -0.532162 2.233081 0.294604
v -0.577188 2.250387 0.261138
v -0.580133 2.208638 0.255120
v -0.554879 2.284004 0.288212
v -0.574056 2.290388 0.268757
v -0.528548 2.273083 0.303451
v -0.352952 2.940364 -0.302291
v -0.305216 2.915833 -0.300895
v -0.393531 2.960233 -0.298153
v -0.368866 2.928292 0.358206
v -0.356335 2.977386 0.359178
v -0.396888 2.997180 0.352356
v -0.409279 2.948286 0.351515
v -0.320973 2.903760 0.360097
v -0.308463 2.953100 0.361366
v -0.257481 2.891302 -0.300654
v -0.219482 2.867385 -0.299971
v -0.270668 2.835901 -0.303016
v -0.230687 2.814926 -0.302282
v -0.272767 2.879229 0.362431
v -0.260512 2.928814 0.364221
v -0.233402 2.855397 0.360866
v -0.204281 2.905006 0.363959
v -0.285531 2.823829 0.360567
v -0.243643 2.802969 0.357338
v -0.308050 2.668264 -0.310614
v -0.298060 2.718873 -0.308687
v -0.257634 2.698879 -0.303129
v -0.267782 2.648270 -0.304221
v -0.356029 2.692796 -0.311652
v -0.315942 2.624266 -0.311928
v -0.363966 2.648797 -0.312966
v -0.275801 2.604271 -0.305529
v -0.419435 2.705254 0.356591
v -0.459981 2.725249 0.350123
v -0.371591 2.680723 0.357927
v -0.427327 2.661256 0.357013
v -0.379564 2.636724 0.358439
v -0.467923 2.681250 0.350446
v -0.404496 2.717327 -0.312690
v -0.447486 2.737196 -0.307984
v -0.412567 2.673328 -0.314005
v -0.455928 2.693197 -0.309293
v -0.284897 2.776589 -0.305924
v -0.244337 2.756594 -0.302909
v -0.561432 2.085632 0.270015
v -0.557855 2.048975 0.271501
v -0.529223 2.037759 0.286070
v -0.533582 2.074711 0.284208
v -0.562991 2.124137 0.269389
v -0.535710 2.113216 0.283306
v -0.299748 2.764516 0.359397
v -0.257177 2.744647 0.356006
v -0.313166 2.706801 0.359101
v -0.271031 2.686932 0.356230
v -0.358146 3.196496 -0.321776
v -0.348316 3.230951 -0.322034
v -0.318993 3.222953 -0.342979
v -0.329312 3.188073 -0.342687
v -0.380031 3.201187 -0.292980
v -0.370725 3.235404 -0.293228
v -0.367976 3.162041 -0.318523
v -0.389338 3.166970 -0.290165
v -0.339630 3.153194 -0.339073
v -0.338725 2.574309 0.360424
v -0.331747 2.612193 0.360639
v -0.386460 2.598840 0.358019
v -0.298459 2.554440 0.358436
v -0.291225 2.592325 0.358434
v -0.345247 2.540226 0.359377
v -0.304986 2.520358 0.357148
v -0.392982 2.564758 0.356989
v -0.628835 2.343898 0.217122
v -0.609337 2.337513 0.240601
v -0.648060 2.350282 0.192346
v -0.626517 2.375675 0.222040
v -0.645635 2.382059 0.194913
v -0.606731 2.369290 0.247620
v -0.322811 2.586382 -0.312854
v -0.282711 2.566387 -0.306402
v -0.370880 2.610913 -0.313892
v -0.329332 2.552299 -0.312259
v -0.377433 2.576830 -0.313297
v -0.289238 2.532305 -0.305794
v -0.434196 2.623372 0.356525
v -0.474802 2.643366 0.349837
v -0.440717 2.589289 0.355399
v -0.481316 2.609284 0.348503
v -0.599703 1.976241 0.237843
v -0.602223 1.949763 0.240995
v -0.573434 1.939858 0.263053
v -0.572202 1.967201 0.259064
v -0.598518 2.003247 0.235300
v -0.572524 1.995080 0.255723
v -0.323530 2.656192 0.359856
v -0.282231 2.636323 0.357370
v -0.366780 3.341794 -0.258436
v -0.357996 3.375772 -0.252883
v -0.333497 3.372272 -0.277573
v -0.342804 3.338055 -0.285104
v -0.390756 3.345532 -0.231769
v -0.382494 3.379273 -0.228193
v -0.375564 3.307815 -0.262678
v -0.399017 3.311792 -0.234502
v -0.352111 3.303838 -0.290854
v -0.544701 1.956495 0.280285
v -0.544644 1.928123 0.285111
v -0.511119 1.913554 0.301914
v -0.512142 1.942570 0.296460
v -0.546530 1.985556 0.276146
v -0.515100 1.972410 0.291723
v -0.352096 2.507633 0.357660
v -0.399831 2.532165 0.355674
v -0.311858 2.487765 0.354347
v -0.358474 2.475961 0.356858
v -0.318305 2.456092 0.352338
v -0.406210 2.500492 0.355158
v -0.552052 2.318360 0.295621
v -0.525695 2.307439 0.310976
v -0.571208 2.324745 0.276576
v -0.549369 2.350137 0.301533
v -0.568530 2.356522 0.282522
v -0.522993 2.339216 0.317428
v -0.336181 2.519706 -0.309010
v -0.296110 2.499712 -0.302665
v -0.384288 2.544237 -0.310049
v -0.342560 2.488033 -0.305066
v -0.390641 2.512564 -0.306104
v -0.302556 2.468039 -0.298886
v -0.447566 2.556696 0.353907
v -0.488162 2.576690 0.346651
v -0.453945 2.525023 0.352742
v -0.494538 2.545018 0.344734
v -0.430210 3.282266 -0.206808
v -0.422471 3.315768 -0.206327
v -0.407279 3.278051 -0.235552
v -0.453140 3.286481 -0.178064
v -0.445924 3.319745 -0.178152
v -0.437949 3.248763 -0.206808
v -0.460357 3.253216 -0.178002
v -0.415541 3.244310 -0.235615
v -0.590216 2.331129 0.259328
v -0.593195 2.296772 0.250286
v -0.587527 2.362906 0.266166
v -0.419616 2.635444 -0.314930
v -0.463460 2.655313 -0.310165
v -0.426265 2.601362 -0.314335
v -0.470506 2.621231 -0.309558
v -0.363585 2.444639 0.358552
v -0.411320 2.469171 0.356527
v -0.323556 2.424771 0.353424
v -0.368397 2.411460 0.358863
v -0.328523 2.391591 0.353573
v -0.416142 2.435991 0.356410
v -0.601944 2.175423 0.234115
v -0.582418 2.169039 0.252103
v -0.621470 2.181808 0.216127
v -0.598993 2.215022 0.237087
v -0.347671 2.456712 -0.302383
v -0.307807 2.436718 -0.296331
v -0.395689 2.481243 -0.303421
v -0.352483 2.423532 -0.299432
v -0.400470 2.448063 -0.300465
v -0.312775 2.403538 -0.293535
v -0.338487 3.265406 -0.321784
v -0.328657 3.299861 -0.319029
v -0.298355 3.292733 -0.339590
v -0.308674 3.257834 -0.342689
v -0.361418 3.269621 -0.293040
v -0.640996 2.188192 0.198139
v -0.660522 2.194576 0.180151
v -0.433137 2.568769 -0.311087
v -0.477491 2.588637 -0.306428
v -0.439414 2.537096 -0.307143
v -0.483577 2.556964 -0.302655
v -0.496229 2.994302 -0.191908
v -0.477121 2.988421 -0.214380
v -0.515338 3.000183 -0.169437
v -0.510900 2.938901 -0.195842
v -0.529207 2.944783 -0.174654
v -0.492337 2.933020 -0.216997
v -0.373880 2.374211 0.353916
v -0.421654 2.398742 0.351434
v -0.334120 2.354342 0.348754
v -0.379177 2.336622 0.345901
v -0.339526 2.316753 0.340982
v -0.426970 2.361153 0.343669
v -0.648109 2.043953 0.194575
v -0.624057 2.037923 0.214277
v -0.672161 2.049875 0.174874
v -0.419485 3.137920 -0.255514
v -0.410701 3.171899 -0.261807
v -0.398645 3.132753 -0.282651
v -0.440326 3.143087 -0.228377
v -0.432064 3.176828 -0.233448
v -0.428270 3.103941 -0.247987
v -0.407952 3.098536 -0.273656
v -0.562892 2.162654 0.270092
v -0.536314 2.151733 0.283842
v -0.444274 2.505775 -0.304461
v -0.487924 2.525643 -0.300118
v -0.448960 2.472595 -0.301491
v -0.492122 2.492464 -0.297437
v -0.459056 2.493702 0.352593
v -0.499640 2.513696 0.343208
v -0.463906 2.460522 0.351140
v -0.504532 2.480517 0.340509
v -0.465120 3.350538 0.207620
v -0.472796 3.317251 0.205719
v -0.449543 3.312893 0.232143
v -0.441288 3.346433 0.233465
v -0.482948 3.353798 0.178319
v -0.490156 3.320709 0.176315
v -0.457445 3.383824 0.210544
v -0.475737 3.386888 0.181250
v -0.433032 3.379973 0.235760
v -0.419796 2.970777 -0.281793
v -0.407962 3.019474 -0.284899
v -0.438904 2.976658 -0.259322
v -0.427324 3.025296 -0.261431
v -0.433829 2.915376 -0.281805
v -0.453530 2.921258 -0.260062
v -0.600005 2.031311 0.233979
v -0.575953 2.024031 0.253680
v -0.454711 2.435346 -0.296685
v -0.406020 2.410815 -0.295702
v -0.497760 2.455215 -0.293230
v -0.460141 2.397757 -0.292215
v -0.503048 2.417626 -0.289247
v -0.411350 2.373226 -0.291256
v -0.469504 2.423274 0.346063
v -0.510277 2.443268 0.335072
v -0.474877 2.385685 0.339049
v -0.515753 2.405679 0.328665
v -0.357966 2.386283 -0.294682
v -0.318372 2.366289 -0.289033
v -0.363263 2.348695 -0.290244
v -0.323777 2.328700 -0.284818
v -0.495822 3.217391 0.206063
v -0.503498 3.184104 0.205391
v -0.482567 3.178733 0.229599
v -0.474311 3.212273 0.231684
v -0.511768 3.221442 0.177182
v -0.518980 3.188353 0.177498
v -0.488147 3.250678 0.206499
v -0.504560 3.254531 0.176807
v -0.466055 3.245813 0.233296
v -0.684764 2.067820 -0.180754
v -0.679912 2.097073 -0.180082
v -0.656727 2.091192 -0.196717
v -0.659874 2.061939 -0.197624
v -0.703764 2.071980 -0.159229
v -0.697632 2.101233 -0.158507
v -0.691170 2.042508 -0.181061
v -0.711533 2.046668 -0.159742
v -0.664462 2.036627 -0.197984
v -0.463864 2.363557 -0.290255
v -0.415471 2.339026 -0.289252
v -0.506196 2.383426 -0.287234
v -0.466627 2.331294 -0.288945
v -0.508273 2.351163 -0.285758
v -0.418721 2.306763 -0.287889
v -0.479054 2.351485 0.331786
v -0.519835 2.371479 0.323054
v -0.431205 2.326953 0.335184
v -0.482352 2.319222 0.324435
v -0.434588 2.294690 0.326617
v -0.367517 2.314495 -0.288226
v -0.328171 2.294500 -0.282881
v -0.370929 2.282232 -0.286845
v -0.331753 2.262237 -0.281546
v -0.551901 2.016000 0.273382
v -0.521928 2.003899 0.288418
v -0.383431 2.302422 0.337009
v -0.343920 2.282553 0.332273
v -0.386843 2.270159 0.328036
v -0.347502 2.250290 0.323467
v -0.475718 2.225159 -0.283052
v -0.472036 2.265161 -0.284018
v -0.424299 2.240630 -0.282975
v -0.427983 2.200628 -0.282014
v -0.516414 2.245028 -0.280411
v -0.512901 2.285029 -0.281225
v -0.478752 2.183410 -0.281801
v -0.519435 2.203279 -0.279250
v -0.431017 2.158879 -0.280763
v -0.526524 3.084244 0.205580
v -0.535160 3.045918 0.205263
v -0.516447 3.039597 0.226986
v -0.507335 3.078113 0.227756
v -0.540614 3.089086 0.178996
v -0.548871 3.050908 0.178951
v -0.518849 3.117531 0.205492
v -0.533402 3.122175 0.178491
v -0.499079 3.111653 0.228321
v -0.469178 2.299517 -0.286424
v -0.421438 2.274986 -0.285365
v -0.510348 2.319386 -0.283381
v -0.485085 2.287445 0.317153
v -0.437350 2.262913 0.318603
v -0.487948 2.253088 0.309271
v -0.440213 2.228557 0.310364
v -0.373700 2.250455 -0.284320
v -0.334724 2.230460 -0.279132
v -0.376563 2.216098 -0.281935
v -0.337754 2.196104 -0.276886
v -0.480471 3.283964 0.205865
v -0.457799 3.279353 0.232768
v -0.497358 3.287620 0.176164
v -0.389615 2.238382 0.319778
v -0.350473 2.218514 0.315403
v -0.392477 2.204026 0.311420
v -0.353503 2.184157 0.307277
v -0.495631 2.131739 0.289118
v -0.494680 2.171338 0.292478
v -0.447895 2.107208 0.290157
v -0.446944 2.146806 0.293507
v -0.494793 2.093221 0.288637
v -0.447058 2.068690 0.289676
v -0.479664 2.143811 -0.278542
v -0.431928 2.119280 -0.277504
v -0.520514 2.163680 -0.276056
v -0.478461 2.105294 -0.276097
v -0.519557 2.125163 -0.273643
v -0.430725 2.080763 -0.275059
v -0.573441 2.882800 0.200334
v -0.588185 2.825085 0.198065
v -0.569470 2.818700 0.220513
v -0.554952 2.876416 0.222557
v -0.586976 2.887840 0.173512
v -0.601890 2.830125 0.171059
v -0.558408 2.942113 0.202555
v -0.571858 2.947152 0.175913
v -0.540034 2.935728 0.224570
v -0.491633 2.213087 0.300121
v -0.443897 2.188556 0.301120
v -0.380248 2.176097 -0.280975
v -0.341515 2.156102 -0.276050
v -0.383282 2.134348 -0.279725
v -0.344572 2.114353 -0.274927
v -0.511173 3.150817 0.205315
v -0.490823 3.145193 0.228706
v -0.526191 3.155264 0.177962
v -0.396162 2.164024 0.302146
v -0.357263 2.144156 0.298286
v -0.399209 2.122275 0.294542
v -0.360333 2.102407 0.290902
v -0.668769 2.209512 -0.176798
v -0.663185 2.249111 -0.176214
v -0.643722 2.243229 -0.194459
v -0.648573 2.203630 -0.193953
v -0.684247 2.213671 -0.154574
v -0.678137 2.253270 -0.153166
v -0.674444 2.170994 -0.177169
v -0.690660 2.175154 -0.155619
v -0.653266 2.165113 -0.193536
v -0.600011 2.774476 0.196249
v -0.609306 2.730477 0.193899
v -0.590128 2.724093 0.217052
v -0.581033 2.768091 0.219007
v -0.613912 2.779516 0.168989
v -0.623358 2.735517 0.166436
v -0.379681 2.017727 -0.275211
v -0.382990 2.056232 -0.274020
v -0.344287 2.036237 -0.269484
v -0.340979 1.997732 -0.270686
v -0.427417 2.042258 -0.276250
v -0.375873 1.981927 -0.278362
v -0.422512 2.006243 -0.279400
v -0.338305 1.962129 -0.273782
v -0.492475 2.054716 0.289631
v -0.444740 2.030185 0.290669
v -0.487856 2.017891 0.291619
v -0.440484 1.993716 0.292657
v -0.475152 2.066789 -0.277288
v -0.516469 2.086658 -0.274823
v -0.469883 2.030602 -0.280438
v -0.511480 2.050469 -0.277884
v -0.384193 2.094749 -0.276466
v -0.345491 2.074754 -0.271818
v -0.545718 2.997513 0.204226
v -0.527273 2.991129 0.225985
v -0.559221 3.002553 0.177824
v -0.400160 2.082676 0.291195
v -0.361290 2.062808 0.287600
v -0.399322 2.044159 0.290714
v -0.360441 2.024290 0.287061
v -0.657658 2.365218 -0.171144
v -0.655048 2.396995 -0.172065
v -0.638520 2.391113 -0.190377
v -0.639778 2.359336 -0.190196
v -0.671575 2.369377 -0.147634
v -0.667834 2.401154 -0.148844
v -0.659306 2.330861 -0.172028
v -0.674082 2.335021 -0.148256
v -0.640254 2.324980 -0.191617
v -0.390463 1.938339 0.296198
v -0.393840 1.969576 0.293695
v -0.433833 1.961304 0.295160
v -0.355954 1.919825 0.292183
v -0.356008 1.950046 0.289835
v -0.389295 1.910324 0.299684
v -0.359446 1.893285 0.295487
v -0.428056 1.931623 0.298646
v -0.629531 2.625917 0.183781
v -0.635806 2.594244 0.182431
v -0.616675 2.587860 0.207164
v -0.610355 2.619533 0.208080
v -0.643581 2.630957 0.156420
v -0.649812 2.599284 0.154972
v -0.622767 2.658511 0.186151
v -0.636826 2.663550 0.158715
v -0.603579 2.652126 0.210217
v -0.373171 1.951526 -0.281796
v -0.339006 1.932315 -0.277128
v -0.416522 1.975195 -0.282834
v -0.373009 1.924652 -0.283120
v -0.411741 1.947374 -0.284158
v -0.343541 1.906293 -0.278425
v -0.480114 1.984412 0.294122
v -0.472800 1.953376 0.297607
v -0.397004 2.005654 0.291707
v -0.358092 1.985785 0.287966
v -0.645976 2.501046 -0.170762
v -0.644949 2.538295 -0.163840
v -0.631297 2.532414 -0.183303
v -0.631654 2.495165 -0.189559
v -0.655574 2.505206 -0.147000
v -0.653546 2.542454 -0.139819
v -0.647174 2.463458 -0.176412
v -0.658014 2.467617 -0.152839
v -0.632096 2.457576 -0.194727
v -0.616458 2.692593 0.190028
v -0.597240 2.686209 0.213665
v -0.630540 2.697633 0.162533
v -0.392759 1.883911 0.304621
v -0.426421 1.903346 0.303582
v -0.368001 1.868590 0.300224
v -0.398538 1.858298 0.310283
v -0.379087 1.844816 0.305677
v -0.426857 1.875771 0.309245
v -0.651861 2.492495 0.175145
v -0.657585 2.454906 0.171177
v -0.642109 2.448522 0.191292
v -0.635136 2.486111 0.197807
v -0.663437 2.497535 0.151260
v -0.667929 2.459946 0.149890
v -0.645514 2.529744 0.179726
v -0.658732 2.534783 0.152499
v -0.627164 2.523359 0.205374
v -0.376822 1.899437 -0.279941
v -0.352367 1.882066 -0.275372
v -0.410465 1.921040 -0.280979
v -0.382624 1.875051 -0.274511
v -0.410942 1.895450 -0.275549
v -0.363338 1.858737 -0.270144
v -0.631414 2.634469 -0.159872
v -0.624785 2.667062 -0.159795
v -0.611958 2.661181 -0.182021
v -0.618628 2.628587 -0.181622
v -0.639324 2.638628 -0.134242
v -0.632617 2.671222 -0.133694
v -0.637044 2.602796 -0.160472
v -0.645311 2.606956 -0.135412
v -0.623989 2.596915 -0.181470
v -0.640648 2.562923 0.181617
v -0.621644 2.556539 0.207377
v -0.654526 2.567963 0.153701
v -0.462796 1.999036 -0.283872
v -0.504820 2.018901 -0.281112
v -0.456476 1.970474 -0.285196
v -0.595665 2.783027 -0.168590
v -0.581241 2.833636 -0.170421
v -0.566072 2.827755 -0.190753
v -0.581072 2.777146 -0.189464
v -0.606449 2.787187 -0.141158
v -0.593089 2.837796 -0.142604
v -0.607585 2.739029 -0.163423
v -0.617351 2.743188 -0.136687
v -0.593286 2.733147 -0.185118
v -0.660580 2.420706 0.171123
v -0.662840 2.388443 0.171726
v -0.644630 2.414322 0.192445
v -0.671493 2.425746 0.148293
v -0.675077 2.393483 0.146413
v -0.453503 1.943299 -0.282018
v -0.452205 1.916818 -0.276588
v -0.469465 1.923876 0.302544
v -0.468120 1.895146 0.308207
v -0.264883 1.821503 0.102838
v -0.254555 1.845097 0.104104
v -0.258631 1.845813 0.137131
v -0.268947 1.822219 0.135917
v -0.263557 1.822509 0.065634
v -0.253228 1.846103 0.066752
v -0.277242 1.798767 0.101808
v -0.275916 1.799773 0.064603
v -0.281303 1.799483 0.135096
v -0.262231 1.823515 0.028429
v -0.251902 1.847109 0.029499
v -0.260905 1.824521 -0.008775
v -0.250576 1.848115 -0.007706
v -0.274590 1.800779 0.027399
v -0.273264 1.801785 -0.009806
v -0.259578 1.825527 -0.045980
v -0.249250 1.849121 -0.044910
v -0.258252 1.826533 -0.083186
v -0.247924 1.850127 -0.082146
v -0.271937 1.802791 -0.047010
v -0.270611 1.803797 -0.084215
v -0.256926 1.827539 -0.120395
v -0.246598 1.851133 -0.119445
v -0.258834 1.829890 -0.152094
v -0.248506 1.853484 -0.151359
v -0.269285 1.804804 -0.121419
v -0.271191 1.807154 -0.152912
v -0.248287 1.870409 0.105841
v -0.246199 1.899662 0.107730
v -0.250325 1.900378 0.141285
v -0.252393 1.871125 0.139128
v -0.246961 1.871415 0.068047
v -0.244873 1.900668 0.069514
v -0.245634 1.872421 0.030646
v -0.243547 1.901674 0.031972
v -0.244308 1.873427 -0.006559
v -0.242220 1.902680 -0.005233
v -0.242982 1.874433 -0.043763
v -0.240894 1.903686 -0.042437
v -0.241656 1.875439 -0.081086
v -0.239568 1.904692 -0.079846
v -0.240330 1.876446 -0.118644
v -0.238242 1.905698 -0.117661
v -0.242238 1.878796 -0.150790
v -0.240148 1.908049 -0.149977
v -0.248410 1.935078 0.109452
v -0.251719 1.973583 0.111226
v -0.255793 1.974299 0.144683
v -0.252515 1.935794 0.142975
v -0.247084 1.936085 0.071148
v -0.250393 1.974589 0.072901
v -0.245758 1.937091 0.033577
v -0.249067 1.975595 0.035322
v -0.244432 1.938097 -0.003628
v -0.247740 1.976601 -0.001882
v -0.243106 1.939103 -0.040832
v -0.246414 1.977608 -0.039087
v -0.241780 1.940109 -0.078268
v -0.245088 1.978614 -0.076547
v -0.240453 1.941115 -0.116165
v -0.243762 1.979620 -0.114519
v -0.242359 1.943465 -0.148508
v -0.245668 1.981970 -0.146948
v -0.252922 2.012101 0.113272
v -0.251769 2.051700 0.115132
v -0.255838 2.052416 0.148849
v -0.256985 2.012816 0.146896
v -0.251596 2.013107 0.074721
v -0.250442 2.052706 0.076532
v -0.250270 2.014113 0.037068
v -0.249116 2.053712 0.038863
v -0.248943 2.015119 -0.000137
v -0.247790 2.054718 0.001658
v -0.247617 2.016125 -0.037341
v -0.246464 2.055724 -0.035546
v -0.246291 2.017131 -0.074880
v -0.245138 2.056730 -0.073115
v -0.244965 2.018137 -0.113086
v -0.243812 2.057736 -0.111414
v -0.246871 2.020488 -0.145861
v -0.245725 2.060087 -0.144430
v -0.248008 2.093449 0.116350
v -0.241888 2.133450 0.117361
v -0.246055 2.134166 0.150475
v -0.252099 2.094164 0.149781
v -0.246681 2.094455 0.078256
v -0.240562 2.134456 0.079869
v -0.245355 2.095461 0.040755
v -0.239236 2.135462 0.042568
v -0.244029 2.096467 0.003550
v -0.237909 2.136468 0.005364
v -0.242703 2.097473 -0.033654
v -0.236583 2.137475 -0.031841
v -0.241377 2.098479 -0.071105
v -0.235257 2.138480 -0.069144
v -0.240051 2.099485 -0.109050
v -0.233931 2.139486 -0.106643
v -0.241987 2.101836 -0.141840
v -0.235943 2.141837 -0.139111
v -0.215650 2.231846 0.122917
v -0.206913 2.266047 0.125207
v -0.211758 2.266762 0.160472
v -0.220355 2.232562 0.157444
v -0.214324 2.232852 0.084602
v -0.205587 2.267053 0.086337
v -0.224514 2.199584 0.120362
v -0.223188 2.200590 0.082867
v -0.229048 2.200300 0.153904
v -0.212998 2.233859 0.047028
v -0.204260 2.268059 0.048578
v -0.211672 2.234864 0.009823
v -0.202934 2.269065 0.011373
v -0.221862 2.201596 0.045566
v -0.220536 2.202602 0.008361
v -0.210345 2.235871 -0.027381
v -0.201608 2.270071 -0.025831
v -0.209019 2.236877 -0.064847
v -0.200282 2.271077 -0.063416
v -0.219209 2.203608 -0.028844
v -0.217883 2.204614 -0.066132
v -0.207693 2.237883 -0.102833
v -0.198956 2.272083 -0.101761
v -0.210243 2.240233 -0.136084
v -0.201645 2.274433 -0.135452
v -0.216557 2.205620 -0.103589
v -0.218936 2.207971 -0.136266
v -0.233658 2.167807 0.118604
v -0.237993 2.168522 0.151715
v -0.232332 2.168813 0.081347
v -0.231006 2.169819 0.044125
v -0.229680 2.170825 0.006921
v -0.228354 2.171831 -0.030284
v -0.227027 2.172837 -0.067525
v -0.225701 2.173843 -0.104840
v -0.227881 2.176194 -0.137264
v -0.198149 2.303635 0.126170
v -0.189032 2.340884 0.126749
v -0.194099 2.341600 0.161041
v -0.203102 2.304351 0.161124
v -0.196822 2.304641 0.087856
v -0.187706 2.341890 0.089267
v -0.195496 2.305647 0.050282
v -0.186380 2.342896 0.051970
v -0.194170 2.306654 0.013077
v -0.185054 2.343902 0.014765
v -0.192844 2.307659 -0.024128
v -0.183728 2.344908 -0.022439
v -0.191518 2.308666 -0.061588
v -0.182401 2.345914 -0.059713
v -0.190192 2.309671 -0.099559
v -0.181075 2.346920 -0.097127
v -0.192990 2.312022 -0.133099
v -0.183987 2.349271 -0.130357
v -0.179239 2.374064 0.127883
v -0.169635 2.405385 0.129313
v -0.174997 2.406101 0.163228
v -0.184461 2.374779 0.161863
v -0.177913 2.375070 0.090678
v -0.168309 2.406391 0.092100
v -0.176587 2.376076 0.053474
v -0.166982 2.407397 0.054893
v -0.175260 2.377082 0.016269
v -0.165640 2.408403 0.017689
v -0.173934 2.378088 -0.020935
v -0.164266 2.409409 -0.019516
v -0.172608 2.379094 -0.058145
v -0.162908 2.410415 -0.056726
v -0.171282 2.380100 -0.095363
v -0.161614 2.411421 -0.093946
v -0.174349 2.382451 -0.128553
v -0.164869 2.413772 -0.127266
v -0.161086 2.437058 0.130780
v -0.153505 2.469651 0.132735
v -0.158958 2.470367 0.167159
v -0.166517 2.437773 0.164773
v -0.159760 2.438064 0.093544
v -0.152169 2.470657 0.095141
v -0.158434 2.439070 0.056329
v -0.150812 2.471663 0.057806
v -0.157044 2.440076 0.019124
v -0.149207 2.472669 0.020602
v -0.155525 2.441082 -0.018080
v -0.147127 2.473675 -0.016603
v -0.154071 2.442088 -0.055301
v -0.145313 2.474681 -0.053940
v -0.152873 2.443094 -0.092554
v -0.144506 2.475687 -0.091542
v -0.156340 2.445445 -0.126074
v -0.148573 2.478038 -0.125529
v -0.146804 2.503733 0.135630
v -0.138645 2.541618 0.138662
v -0.144097 2.542333 0.175022
v -0.152263 2.504449 0.171044
v -0.145437 2.504740 0.097023
v -0.137257 2.542624 0.099069
v -0.143988 2.505745 0.059351
v -0.135747 2.543630 0.061068
v -0.141868 2.506752 0.022146
v -0.133310 2.544636 0.023863
v -0.138488 2.507758 -0.015058
v -0.129143 2.545642 -0.013341
v -0.135851 2.508764 -0.052712
v -0.126010 2.546648 -0.051308
v -0.135958 2.509770 -0.091262
v -0.126675 2.547654 -0.090799
v -0.141377 2.512120 -0.126185
v -0.132952 2.550004 -0.126608
v -0.126690 2.585616 0.141032
v -0.111638 2.636225 0.143242
v -0.117111 2.636941 0.179834
v -0.132130 2.586332 0.177686
v -0.125323 2.586622 0.101157
v -0.110301 2.637231 0.103430
v -0.123874 2.587628 0.063062
v -0.108944 2.638237 0.065356
v -0.121818 2.588634 0.025858
v -0.107436 2.639243 0.028151
v -0.118630 2.589640 -0.011347
v -0.105644 2.640249 -0.009053
v -0.116121 2.590646 -0.049421
v -0.104015 2.641255 -0.047186
v -0.116100 2.591652 -0.089235
v -0.102993 2.642262 -0.087176
v -0.121495 2.594003 -0.125363
v -0.106831 2.644612 -0.123846
v -0.045722 2.807610 0.145655
v -0.055083 2.801699 0.181285
v -0.044363 2.809731 0.107111
v -0.072745 2.752992 0.147125
v -0.071410 2.754277 0.107683
v -0.079381 2.752051 0.183312
v -0.042782 2.813583 0.069408
v -0.041083 2.818022 0.032127
v -0.070020 2.755994 0.069719
v -0.068601 2.757859 0.032496
v -0.039370 2.821907 -0.005155
v -0.037620 2.825432 -0.043094
v -0.067178 2.759584 -0.004728
v -0.065710 2.761220 -0.043047
v -0.035811 2.828794 -0.082347
v -0.039001 2.826500 -0.118210
v -0.064154 2.762815 -0.083555
v -0.066473 2.764005 -0.122229
v -0.094186 2.693940 0.145797
v -0.099793 2.694656 0.182269
v -0.092860 2.694947 0.106030
v -0.091534 2.695952 0.067972
v -0.090208 2.696959 0.030767
v -0.088882 2.697965 -0.006437
v -0.087526 2.698971 -0.044736
v -0.086113 2.699977 -0.085224
v -0.088787 2.702327 -0.123455
v -0.564245 2.891351 -0.163103
v -0.547655 2.950664 -0.153122
v -0.547451 2.885470 -0.183788
v -0.577383 2.895511 -0.135862
v -0.561875 2.954824 -0.126585
v -0.727923 2.023789 -0.128704
v -0.719205 2.047383 -0.127750
v -0.719886 2.023073 -0.160503
v -0.729249 2.022783 -0.091492
v -0.720531 2.046377 -0.090452
v -0.736887 2.001054 -0.129732
v -0.738213 2.000048 -0.092522
v -0.728529 2.000338 -0.161389
v -0.730575 2.021777 -0.054286
v -0.721857 2.045371 -0.053216
v -0.731901 2.020715 -0.017081
v -0.723184 2.044351 -0.016012
v -0.739540 1.999042 -0.055316
v -0.740866 1.997923 -0.018111
v -0.733227 2.019541 0.020124
v -0.724510 2.043303 0.021193
v -0.734554 2.017692 0.057328
v -0.725836 2.041616 0.058445
v -0.742192 1.996581 0.019093
v -0.743518 1.994645 0.056298
v -0.735880 2.014608 0.094533
v -0.727162 2.038676 0.095792
v -0.729999 2.009653 0.127741
v -0.721658 2.034233 0.128943
v -0.744844 1.991743 0.093502
v -0.738642 1.986490 0.126920
v -0.617067 2.701144 -0.160735
v -0.603546 2.695263 -0.182911
v -0.625684 2.705304 -0.134354
v -0.710981 2.072696 -0.126942
v -0.704423 2.101948 -0.125968
v -0.712307 2.071690 -0.089389
v -0.705749 2.100942 -0.088152
v -0.713633 2.070683 -0.052069
v -0.707075 2.099936 -0.050743
v -0.714960 2.069677 -0.014864
v -0.708401 2.098930 -0.013538
v -0.716286 2.068671 0.022340
v -0.709728 2.097924 0.023666
v -0.717612 2.067288 0.059734
v -0.711054 2.096824 0.061204
v -0.718938 2.065152 0.097508
v -0.712380 2.095535 0.099409
v -0.713920 2.061648 0.130905
v -0.707808 2.092896 0.133082
v -0.650876 2.429257 -0.175334
v -0.635172 2.423376 -0.193444
v -0.662707 2.433417 -0.152016
v -0.690291 2.214387 -0.121440
v -0.684005 2.253986 -0.119712
v -0.691617 2.213381 -0.083197
v -0.685331 2.252980 -0.081419
v -0.696949 2.175870 -0.122900
v -0.698275 2.174863 -0.084872
v -0.692943 2.212375 -0.045647
v -0.686657 2.251974 -0.043852
v -0.694269 2.211369 -0.008442
v -0.687983 2.250968 -0.006647
v -0.699601 2.173858 -0.047393
v -0.700927 2.172852 -0.010188
v -0.695596 2.210363 0.028762
v -0.689309 2.249962 0.030557
v -0.696922 2.209357 0.066442
v -0.690636 2.248956 0.068229
v -0.702254 2.171845 0.027017
v -0.703580 2.170839 0.064632
v -0.698248 2.208351 0.105071
v -0.691962 2.247950 0.106835
v -0.694361 2.206000 0.138895
v -0.688242 2.245599 0.140690
v -0.704906 2.169833 0.103070
v -0.700785 2.167483 0.136760
v -0.641764 2.571475 -0.161102
v -0.628477 2.565593 -0.181318
v -0.650089 2.575634 -0.136613
v -0.700702 2.137365 -0.124515
v -0.694193 2.136649 -0.157117
v -0.702029 2.136359 -0.086584
v -0.703355 2.135353 -0.049138
v -0.704681 2.134347 -0.011933
v -0.706007 2.133341 0.025271
v -0.707333 2.132335 0.062862
v -0.708660 2.131329 0.101223
v -0.704349 2.128978 0.134928
v -0.660590 2.290860 -0.174171
v -0.641259 2.284978 -0.193359
v -0.675509 2.295019 -0.150580
v -0.681366 2.295735 -0.117296
v -0.679833 2.335737 -0.115195
v -0.682692 2.294729 -0.079396
v -0.681091 2.334731 -0.077621
v -0.684018 2.293723 -0.041960
v -0.682387 2.333725 -0.040312
v -0.685345 2.292717 -0.004755
v -0.683714 2.332718 -0.003100
v -0.686671 2.291711 0.032449
v -0.685062 2.331712 0.034182
v -0.687997 2.290705 0.069933
v -0.686357 2.330706 0.071560
v -0.689323 2.289699 0.107974
v -0.687526 2.329700 0.109062
v -0.685590 2.287348 0.141497
v -0.683642 2.327350 0.142329
v -0.677315 2.132490 -0.178575
v -0.655254 2.126608 -0.194906
v -0.676863 2.370093 -0.114416
v -0.672702 2.401870 -0.114945
v -0.677916 2.369087 -0.076589
v -0.673673 2.400864 -0.076350
v -0.679124 2.368081 -0.039251
v -0.674770 2.399858 -0.039042
v -0.680452 2.367075 -0.002017
v -0.676085 2.398852 -0.001831
v -0.681866 2.366069 0.035497
v -0.677712 2.397846 0.036470
v -0.683068 2.365063 0.073118
v -0.679000 2.396840 0.075003
v -0.683762 2.364057 0.110672
v -0.679293 2.395834 0.112912
v -0.679633 2.361706 0.144197
v -0.698427 2.018914 -0.181472
v -0.670257 2.013032 -0.198151
v -0.706108 1.996178 -0.181934
v -0.676656 1.990297 -0.198222
v -0.667594 2.434133 -0.116767
v -0.662718 2.468333 -0.116845
v -0.668869 2.433127 -0.076955
v -0.664114 2.467327 -0.076457
v -0.669866 2.432121 -0.039952
v -0.665029 2.466321 -0.039703
v -0.671137 2.431115 -0.002870
v -0.666270 2.465315 -0.002720
v -0.673233 2.430109 0.037174
v -0.668642 2.464309 0.038358
v -0.675023 2.429102 0.077616
v -0.670815 2.463303 0.079898
v -0.675375 2.428097 0.115890
v -0.671459 2.462296 0.118270
v -0.458012 2.982539 -0.236851
v -0.446686 3.031117 -0.237962
v -0.473123 2.927139 -0.238432
v -0.659256 2.505922 -0.112141
v -0.656167 2.543170 -0.106468
v -0.660022 2.504916 -0.072906
v -0.656196 2.542164 -0.068748
v -0.660876 2.503910 -0.036019
v -0.657017 2.541158 -0.031619
v -0.662144 2.502903 0.001034
v -0.658328 2.540152 0.005549
v -0.664154 2.501898 0.040769
v -0.659826 2.539146 0.043386
v -0.666054 2.500891 0.080795
v -0.661278 2.538140 0.081295
v -0.666992 2.499886 0.118718
v -0.662450 2.537134 0.118677
v -0.377805 3.127586 -0.309789
v -0.349949 3.118315 -0.329396
v -0.387635 3.093131 -0.299325
v -0.652414 2.576350 -0.103642
v -0.647637 2.607671 -0.102244
v -0.652239 2.575344 -0.066431
v -0.647484 2.606665 -0.065026
v -0.653064 2.574338 -0.029223
v -0.648317 2.605659 -0.027817
v -0.654390 2.573332 0.007982
v -0.649643 2.604653 0.009388
v -0.655717 2.572326 0.045187
v -0.650970 2.603647 0.046592
v -0.657029 2.571320 0.082391
v -0.652292 2.602641 0.083799
v -0.658309 2.570314 0.119594
v -0.653607 2.601635 0.121010
v -0.461166 3.148255 -0.201240
v -0.453427 3.181757 -0.205090
v -0.482006 3.153422 -0.174102
v -0.474789 3.186687 -0.176732
v -0.641476 2.639344 -0.100856
v -0.634736 2.671937 -0.099841
v -0.641263 2.638338 -0.063606
v -0.634514 2.670931 -0.062244
v -0.642076 2.637332 -0.026386
v -0.635324 2.669925 -0.024909
v -0.643402 2.636326 0.010819
v -0.636650 2.668919 0.012296
v -0.644728 2.635320 0.048023
v -0.637976 2.667913 0.049500
v -0.646054 2.634314 0.085237
v -0.639302 2.666907 0.086834
v -0.647380 2.633308 0.122471
v -0.640628 2.665901 0.124424
v -0.318828 3.334316 -0.311772
v -0.308998 3.368771 -0.302263
v -0.277718 3.362619 -0.320791
v -0.288036 3.327667 -0.331450
v -0.610439 2.787903 -0.101992
v -0.597800 2.838511 -0.101885
v -0.611214 2.786896 -0.058903
v -0.598989 2.837505 -0.057188
v -0.620575 2.743904 -0.100216
v -0.620870 2.742898 -0.059907
v -0.612357 2.785890 -0.019703
v -0.600269 2.836499 -0.017435
v -0.613683 2.784884 0.017539
v -0.601595 2.835493 0.019827
v -0.621853 2.741892 -0.021660
v -0.623179 2.740886 0.015555
v -0.615009 2.783878 0.054756
v -0.602921 2.834487 0.057050
v -0.616336 2.782872 0.092851
v -0.604247 2.833481 0.095124
v -0.624505 2.739880 0.052762
v -0.625831 2.738874 0.090763
v -0.617662 2.781866 0.132726
v -0.605574 2.832475 0.134936
v -0.627157 2.737868 0.130356
v -0.384348 3.273836 -0.264296
v -0.393133 3.239857 -0.264421
v -0.628221 2.706020 -0.099564
v -0.628176 2.705014 -0.061016
v -0.629045 2.704008 -0.023364
v -0.630372 2.703002 0.013841
v -0.631698 2.701996 0.051045
v -0.633024 2.700990 0.088716
v -0.634350 2.699984 0.127320
v -0.414732 3.349271 -0.205101
v -0.406993 3.382774 -0.203503
v -0.438708 3.353010 -0.178433
v -0.431491 3.386275 -0.178813
v -0.582646 2.896227 -0.096889
v -0.567499 2.955539 -0.090384
v -0.583973 2.895221 -0.053945
v -0.568826 2.954533 -0.050305
v -0.585299 2.894215 -0.014794
v -0.570152 2.953527 -0.012134
v -0.586625 2.893209 0.022449
v -0.571478 2.952521 0.025080
v -0.587951 2.892203 0.059666
v -0.572804 2.951515 0.062288
v -0.589277 2.891197 0.097725
v -0.574130 2.950509 0.100322
v -0.590604 2.890191 0.137491
v -0.575457 2.949503 0.140016
v -0.437054 3.069963 -0.241905
v -0.417259 3.064319 -0.266395
v -0.554880 3.010940 -0.085754
v -0.544793 3.059228 -0.083031
v -0.538979 3.058521 -0.117090
v -0.549109 3.010224 -0.120427
v -0.556207 3.009934 -0.047398
v -0.546090 3.058229 -0.045537
v -0.557533 3.008928 -0.009809
v -0.547387 3.057231 -0.008236
v -0.558859 3.007921 0.027395
v -0.548685 3.056232 0.028969
v -0.560185 3.006916 0.064600
v -0.549982 3.055234 0.066175
v -0.561511 3.005909 0.102586
v -0.551279 3.054236 0.104099
v -0.562838 3.004903 0.142136
v -0.552576 3.053237 0.143460
v -0.401917 3.205878 -0.264184
v -0.423802 3.210569 -0.235387
v -0.487046 3.359757 -0.085793
v -0.480762 3.359370 -0.121939
v -0.487090 3.326515 -0.119408
v -0.493320 3.326938 -0.084053
v -0.480759 3.392576 -0.088051
v -0.474431 3.392226 -0.125260
v -0.487777 3.359026 -0.047006
v -0.481375 3.391876 -0.047705
v -0.494119 3.326176 -0.046436
v -0.489199 3.358295 -0.009256
v -0.495534 3.325415 -0.009077
v -0.482681 3.391176 -0.009434
v -0.490225 3.357565 0.027976
v -0.483592 3.390476 0.027801
v -0.496598 3.324654 0.028151
v -0.489772 3.356834 0.065208
v -0.496339 3.323893 0.065380
v -0.483024 3.389776 0.065036
v -0.488924 3.356103 0.103049
v -0.482060 3.389076 0.103344
v -0.495727 3.323131 0.102887
v -0.488766 3.355372 0.142107
v -0.495733 3.322370 0.140952
v -0.481786 3.388375 0.143800
v -0.544503 3.091351 0.143598
v -0.543292 3.092326 0.104442
v -0.537523 3.124353 0.143143
v -0.536428 3.125298 0.104201
v -0.530544 3.157356 0.142689
v -0.529564 3.158270 0.103959
v -0.523564 3.190359 0.142234
v -0.522707 3.191242 0.103718
v -0.516585 3.223362 0.141779
v -0.515864 3.224215 0.103477
v -0.509617 3.256364 0.141324
v -0.509082 3.257187 0.103236
v -0.502675 3.289367 0.140870
v -0.502408 3.290159 0.102994
v -0.542082 3.093301 0.066585
v -0.540871 3.094277 0.029377
v -0.535333 3.126243 0.066413
v -0.534238 3.127188 0.029202
v -0.528584 3.159184 0.066240
v -0.527605 3.160099 0.029027
v -0.521864 3.192126 0.066068
v -0.521013 3.193010 0.028852
v -0.515199 3.225068 0.065896
v -0.514506 3.225921 0.028677
v -0.508716 3.258009 0.065724
v -0.508259 3.258832 0.028502
v -0.502541 3.290951 0.065552
v -0.502449 3.291743 0.028326
v -0.539660 3.095252 -0.007830
v -0.538450 3.096228 -0.045038
v -0.533143 3.128133 -0.008009
v -0.532048 3.129078 -0.045219
v -0.526625 3.161013 -0.008187
v -0.525645 3.161927 -0.045400
v -0.520135 3.193893 -0.008365
v -0.519250 3.194777 -0.045582
v -0.513701 3.226774 -0.008543
v -0.512869 3.227627 -0.045763
v -0.507450 3.259654 -0.008721
v -0.506549 3.260477 -0.045944
v -0.501506 3.292535 -0.008899
v -0.500337 3.293327 -0.046125
v -0.537239 3.097203 -0.082246
v -0.531382 3.096524 -0.116274
v -0.530952 3.130023 -0.082430
v -0.525052 3.129380 -0.116755
v -0.524666 3.162842 -0.082614
v -0.518721 3.162236 -0.117309
v -0.518379 3.195661 -0.082798
v -0.512390 3.195091 -0.117800
v -0.512093 3.228480 -0.082982
v -0.506060 3.227947 -0.118096
v -0.505818 3.261299 -0.083167
v -0.499732 3.260803 -0.118285
v -0.499569 3.294119 -0.083351
v -0.493411 3.293659 -0.118456
v -0.397464 3.058676 -0.290886
v -0.516233 3.092536 -0.143944
v -0.509540 3.125562 -0.145310
v -0.524133 3.054404 -0.144088
v -0.489458 3.224642 -0.148998
v -0.482765 3.257669 -0.149196
v -0.467573 3.219951 -0.177795
v -0.496152 3.191616 -0.148373
v -0.462684 3.356749 -0.151766
v -0.455990 3.389776 -0.154123
v -0.469377 3.323722 -0.149976
v -0.089547 3.008949 0.373945
v -0.164445 3.026470 0.375261
v -0.177246 2.988830 0.368004
v -0.101258 2.974380 0.366791
v -0.086153 3.048188 0.384597
v -0.153722 3.065277 0.385762
v -0.080240 3.087395 0.396397
v -0.142370 3.104077 0.397232
v -0.073191 3.126627 0.408863
v -0.130734 3.142884 0.408973
v -0.066388 3.165941 0.421514
v -0.119159 3.181715 0.420288
v -0.247824 2.970682 0.365167
v -0.295948 2.994230 0.363344
v -0.234918 3.008690 0.368091
v -0.283432 3.031256 0.367444
v -0.194835 2.953532 0.366270
v -0.222012 3.046699 0.375815
v -0.270915 3.068282 0.375079
v -0.209107 3.084708 0.386186
v -0.258399 3.105308 0.384803
v -0.196201 3.122716 0.397052
v -0.245882 3.142333 0.395166
v -0.183295 3.160726 0.406989
v -0.233366 3.179359 0.403480
v -0.170390 3.198738 0.414576
v -0.220849 3.216386 0.407056
v -0.344073 3.017779 0.361966
v -0.384964 3.036973 0.355556
v -0.331945 3.053822 0.366454
v -0.373273 3.072215 0.359876
v -0.319818 3.089865 0.372523
v -0.361583 3.107458 0.364075
v -0.307691 3.125907 0.380544
v -0.349892 3.142700 0.370220
v -0.295563 3.161950 0.390886
v -0.338202 3.177943 0.380374
v -0.283436 3.197993 0.399018
v -0.326512 3.213185 0.388614
v -0.271309 3.234036 0.400405
v -0.314821 3.248428 0.389016
v -0.596099 2.256771 0.242675
v -0.671739 2.282308 0.165428
v -0.674429 2.240559 0.164108
v -0.669782 2.322310 0.167007
v -0.688764 2.123938 0.158548
v -0.691442 2.087746 0.157026
v -0.685769 2.162443 0.160129
v -0.709705 2.002193 0.152958
v -0.717381 1.977497 0.152764
v -0.702494 2.028034 0.153609
v -0.057262 3.269177 -0.333684
v -0.094689 3.276962 -0.334126
v -0.085015 3.324292 -0.327110
v -0.053347 3.324139 -0.327149
v -0.061908 3.218132 -0.338742
v -0.104581 3.231828 -0.339505
v -0.068018 3.174918 -0.340845
v -0.114908 3.191083 -0.341610
v -0.074852 3.135687 -0.341116
v -0.125451 3.152551 -0.341716
v -0.081671 3.096588 -0.340679
v -0.135990 3.114053 -0.341098
v -0.088606 3.057555 -0.336748
v -0.146558 3.075573 -0.337009
v -0.095789 3.018522 -0.326539
v -0.157188 3.037092 -0.326697
v -0.109101 2.984308 -0.315098
v -0.141249 3.287663 -0.334909
v -0.192404 3.300626 -0.335946
v -0.181301 3.338677 -0.327032
v -0.129841 3.329429 -0.327071
v -0.152686 3.246925 -0.340911
v -0.203514 3.262919 -0.342778
v -0.164178 3.208246 -0.343242
v -0.214637 3.225902 -0.345444
v -0.175697 3.170597 -0.343373
v -0.225768 3.189233 -0.345673
v -0.187217 3.132953 -0.342775
v -0.236898 3.152570 -0.345190
v -0.198737 3.095312 -0.338708
v -0.248029 3.115912 -0.341242
v -0.210256 3.057670 -0.328433
v -0.259159 3.079253 -0.331073
v -0.243614 3.315199 -0.337151
v -0.232873 3.351164 -0.326993
v -0.254355 3.279304 -0.344922
v -0.265097 3.243549 -0.347918
v -0.275838 3.207866 -0.348200
v -0.286579 3.172188 -0.347826
v -0.297321 3.136512 -0.344004
v -0.308062 3.100836 -0.333942
v -0.445688 3.215260 -0.206591
v -0.476071 3.290696 -0.149320
v -0.502846 3.158589 -0.146965
v -0.534446 3.006064 -0.146966
v -0.546401 2.382400 0.305225
v -0.565904 2.388784 0.284522
v -0.542452 2.416600 0.309143
v -0.562219 2.422985 0.286880
v -0.666362 2.356666 0.169730
v -0.680048 2.200960 0.162163
v -0.696212 2.056165 0.155172
v -0.585748 1.994668 -0.246153
v -0.584336 2.018750 -0.246754
v -0.613918 2.001089 -0.234376
v -0.611045 2.024806 -0.234150
v -0.588298 1.971296 -0.244774
v -0.617751 1.978195 -0.234110
v -0.642087 2.007151 -0.217081
v -0.637753 2.030745 -0.216786
v -0.647203 1.984416 -0.217103
v -0.544949 2.097202 -0.265352
v -0.547374 2.135706 -0.264203
v -0.567010 2.103083 -0.252797
v -0.568553 2.141588 -0.251630
v -0.540803 2.061313 -0.268144
v -0.563988 2.067535 -0.255380
v -0.589071 2.108964 -0.241082
v -0.589731 2.147469 -0.239774
v -0.611132 2.114846 -0.228194
v -0.610909 2.153350 -0.226758
v -0.587172 2.073537 -0.243755
v -0.610357 2.079426 -0.230897
v -0.633193 2.120727 -0.212124
v -0.632088 2.159232 -0.210706
v -0.633542 2.085310 -0.214437
v -0.543028 2.255572 -0.270410
v -0.540022 2.295573 -0.270756
v -0.562784 2.261453 -0.257304
v -0.560593 2.301455 -0.257108
v -0.546012 2.213823 -0.269520
v -0.565581 2.219704 -0.256623
v -0.582900 2.267334 -0.245343
v -0.581805 2.307336 -0.244778
v -0.602866 2.273216 -0.231672
v -0.602540 2.313217 -0.230780
v -0.585241 2.225585 -0.244572
v -0.604863 2.231467 -0.230990
v -0.622169 2.279097 -0.213435
v -0.621678 2.319099 -0.212130
v -0.624319 2.237348 -0.213501
v -0.521136 2.536187 -0.285012
v -0.517830 2.567508 -0.287115
v -0.547501 2.542068 -0.264279
v -0.545014 2.573390 -0.265988
v -0.524122 2.503007 -0.283231
v -0.549326 2.508888 -0.263621
v -0.570614 2.547950 -0.243059
v -0.567966 2.579271 -0.244738
v -0.591520 2.553831 -0.221930
v -0.588218 2.585152 -0.223512
v -0.572100 2.514770 -0.243357
v -0.593232 2.520651 -0.222967
v -0.611269 2.559712 -0.201472
v -0.607303 2.591033 -0.202453
v -0.613511 2.526532 -0.202980
v -0.535968 2.393970 -0.276190
v -0.533481 2.428170 -0.278476
v -0.558875 2.399851 -0.261438
v -0.556430 2.434051 -0.264011
v -0.537284 2.361707 -0.274073
v -0.560127 2.367588 -0.258501
v -0.580613 2.405732 -0.247296
v -0.576881 2.439932 -0.249960
v -0.600703 2.411613 -0.231821
v -0.595930 2.445814 -0.234285
v -0.583266 2.373469 -0.243649
v -0.604700 2.379351 -0.227880
v -0.618669 2.417495 -0.213072
v -0.614675 2.451695 -0.214946
v -0.622428 2.385232 -0.209552
v -0.496854 2.665857 -0.293792
v -0.488232 2.703741 -0.293082
v -0.523251 2.671738 -0.271616
v -0.513736 2.709622 -0.271177
v -0.504836 2.631774 -0.293148
v -0.532041 2.637656 -0.270923
v -0.546104 2.677619 -0.249440
v -0.536698 2.715503 -0.249384
v -0.566693 2.683501 -0.227264
v -0.557485 2.721385 -0.227786
v -0.554911 2.643537 -0.248697
v -0.575249 2.649418 -0.226472
v -0.586298 2.689382 -0.205088
v -0.576467 2.727266 -0.206468
v -0.594855 2.655299 -0.204246
v -0.450923 2.856064 -0.285168
v -0.472731 2.861945 -0.263643
v -0.467264 2.798348 -0.289344
v -0.491300 2.804230 -0.267752
v -0.494107 2.867826 -0.242566
v -0.513965 2.873708 -0.222271
v -0.514378 2.810111 -0.246832
v -0.534933 2.815992 -0.227086
v -0.531219 2.879589 -0.203095
v -0.551400 2.821874 -0.209017
v -0.479035 2.747739 -0.291790
v -0.504027 2.753621 -0.270076
v -0.527349 2.759502 -0.248809
v -0.548169 2.765383 -0.228325
v -0.565659 2.771265 -0.208960
v -0.512112 2.599181 -0.290375
v -0.539578 2.605062 -0.268624
v -0.562465 2.610944 -0.246874
v -0.582609 2.616825 -0.225123
v -0.601845 2.622706 -0.203373
v -0.528885 2.465759 -0.280937
v -0.552775 2.471640 -0.264135
v -0.574116 2.477521 -0.247152
v -0.594071 2.483403 -0.229209
v -0.613801 2.489284 -0.209527
v -0.538372 2.329930 -0.272120
v -0.560203 2.335811 -0.257282
v -0.582795 2.341692 -0.243512
v -0.604232 2.347574 -0.228524
v -0.622598 2.353455 -0.210037
v -0.547595 2.174224 -0.266522
v -0.567790 2.180105 -0.253819
v -0.587986 2.185987 -0.241826
v -0.608182 2.191868 -0.228521
v -0.628378 2.197749 -0.211878
v -0.535422 2.030645 -0.270756
v -0.560312 2.037889 -0.257440
v -0.585203 2.044253 -0.245800
v -0.610093 2.050166 -0.232936
v -0.634984 2.056058 -0.215948
v -0.585494 2.395169 0.267167
v -0.605346 2.401553 0.247616
v -0.582299 2.429369 0.268276
v -0.602638 2.435753 0.247669
v -0.625639 2.407938 0.220326
v -0.623184 2.442137 0.219399
v -0.525921 2.524618 0.324832
v -0.530863 2.491438 0.321968
v -0.545042 2.531002 0.302882
v -0.550064 2.497822 0.300820
v -0.520843 2.555939 0.326261
v -0.540004 2.562323 0.303069
v -0.564148 2.537386 0.282777
v -0.569300 2.504206 0.282365
v -0.583281 2.543771 0.261245
v -0.588615 2.510591 0.261834
v -0.559160 2.568707 0.280907
v -0.578324 2.575092 0.258093
v -0.602484 2.550155 0.235016
v -0.608050 2.516975 0.234457
v -0.597505 2.581476 0.232949
v -0.536823 2.454189 0.315731
v -0.556365 2.460573 0.293900
v -0.576126 2.466958 0.275437
v -0.596064 2.473342 0.254858
v -0.616136 2.479726 0.226680
v -0.501149 2.654287 0.331850
v -0.507640 2.620205 0.330201
v -0.520368 2.660671 0.308213
v -0.526828 2.626589 0.306252
v -0.494240 2.692171 0.332821
v -0.513417 2.698556 0.309668
v -0.539586 2.667056 0.284576
v -0.546016 2.632973 0.282418
v -0.558804 2.673440 0.260939
v -0.565204 2.639358 0.258524
v -0.532595 2.704940 0.286514
v -0.551773 2.711324 0.263360
v -0.578022 2.679825 0.237302
v -0.584391 2.645742 0.234399
v -0.570951 2.717709 0.240206
v -0.514477 2.587611 0.328194
v -0.533653 2.593996 0.304365
v -0.552829 2.600380 0.280991
v -0.572004 2.606765 0.257381
v -0.591180 2.613149 0.232846
v -0.435047 2.959207 0.334779
v -0.448163 2.903807 0.334644
v -0.453492 2.965591 0.313020
v -0.466537 2.910191 0.312630
v -0.422881 3.007992 0.335600
v -0.441594 3.014313 0.313877
v -0.471937 2.971976 0.291261
v -0.484911 2.916575 0.290615
v -0.490383 2.978360 0.269502
v -0.503286 2.922960 0.268600
v -0.460307 3.020634 0.292154
v -0.479021 3.026955 0.270431
v -0.508828 2.984744 0.247744
v -0.521660 2.929344 0.246585
v -0.497734 3.033276 0.248708
v -0.486148 2.736170 0.332795
v -0.505125 2.742554 0.310038
v -0.475895 2.786779 0.332751
v -0.494610 2.793163 0.310303
v -0.524102 2.748939 0.287280
v -0.543079 2.755323 0.264522
v -0.513325 2.799547 0.287856
v -0.532040 2.805932 0.265408
v -0.562056 2.761707 0.241764
v -0.550755 2.812316 0.242961
v -0.389071 3.117072 0.345665
v -0.400229 3.082265 0.342464
v -0.409422 3.122696 0.322273
v -0.419999 3.088143 0.319635
v -0.377914 3.151878 0.350639
v -0.398844 3.157249 0.326431
v -0.429772 3.128320 0.298881
v -0.439769 3.094020 0.296807
v -0.450122 3.133945 0.275490
v -0.459539 3.099898 0.273978
v -0.419775 3.162620 0.302223
v -0.440706 3.167991 0.278015
v -0.470472 3.139569 0.252098
v -0.479309 3.105775 0.251149
v -0.461636 3.173362 0.253807
v -0.462506 2.844494 0.333668
v -0.480995 2.850878 0.311446
v -0.499485 2.857263 0.289223
v -0.517974 2.863647 0.267001
v -0.536463 2.870031 0.244779
v -0.344440 3.256299 0.367285
v -0.355598 3.221492 0.367281
v -0.367112 3.260910 0.340381
v -0.377689 3.226356 0.340484
v -0.333282 3.291106 0.364265
v -0.356534 3.295463 0.337841
v -0.389784 3.265521 0.313478
v -0.399781 3.231220 0.313687
v -0.412456 3.270132 0.286575
v -0.421872 3.236085 0.286890
v -0.379787 3.299821 0.311417
v -0.403039 3.304178 0.284992
v -0.435127 3.274742 0.259671
v -0.443964 3.240949 0.260093
v -0.426291 3.308536 0.258568
v -0.411387 3.047458 0.338635
v -0.430576 3.053589 0.316459
v -0.449766 3.059720 0.294283
v -0.468956 3.065851 0.272107
v -0.488145 3.071982 0.249932
v -0.366756 3.186685 0.359789
v -0.388267 3.191803 0.334168
v -0.409778 3.196920 0.308547
v -0.431289 3.202038 0.282926
v -0.452800 3.207156 0.257305
v -0.322125 3.325912 0.362690
v -0.345957 3.330017 0.336845
v -0.310967 3.360719 0.361837
v -0.335380 3.364570 0.336622
v -0.369790 3.334121 0.311000
v -0.393622 3.338225 0.285155
v -0.359793 3.368421 0.311406
v -0.384206 3.372272 0.286191
v -0.417455 3.342329 0.259310
v -0.408619 3.376122 0.260975
v -0.113961 2.698816 0.210446
v -0.096677 2.751366 0.211510
v -0.108396 2.770015 0.244447
v -0.132062 2.704697 0.235466
v -0.130881 2.641100 0.208249
v -0.148160 2.646982 0.233640
v -0.145798 2.590491 0.206117
v -0.163139 2.596373 0.231621
v -0.157803 2.546493 0.203322
v -0.175526 2.552374 0.228896
v -0.165987 2.508609 0.199138
v -0.183845 2.514490 0.224949
v -0.172666 2.474526 0.194979
v -0.190501 2.480407 0.220759
v -0.180156 2.441933 0.192259
v -0.197899 2.447814 0.217304
v -0.188433 2.410260 0.190544
v -0.205905 2.416142 0.214885
v -0.197476 2.378939 0.189396
v -0.214386 2.384820 0.213803
v -0.206646 2.345759 0.188770
v -0.222934 2.351640 0.213240
v -0.215309 2.308511 0.188617
v -0.231142 2.314392 0.212380
v -0.223639 2.270922 0.187419
v -0.239040 2.276803 0.210208
v -0.231816 2.236722 0.183657
v -0.246656 2.242603 0.205712
v -0.239999 2.204459 0.179344
v -0.254157 2.210340 0.200734
v -0.248346 2.172682 0.176496
v -0.261708 2.178563 0.197114
v -0.255905 2.138326 0.174638
v -0.268596 2.144207 0.194327
v -0.261720 2.098324 0.173295
v -0.274107 2.104205 0.191851
v -0.265392 2.056575 0.171870
v -0.277689 2.062456 0.189543
v -0.266520 2.016976 0.169767
v -0.278792 2.022857 0.187262
v -0.265363 1.978459 0.167654
v -0.277680 1.984340 0.185383
v -0.262178 1.939954 0.166201
v -0.274620 1.945835 0.184279
v -0.260049 1.904537 0.164840
v -0.272570 1.910419 0.183396
v -0.262060 1.875284 0.163008
v -0.274493 1.881166 0.182183
v -0.268206 1.849972 0.161408
v -0.280512 1.855854 0.181310
v -0.278487 1.826378 0.160745
v -0.290751 1.832259 0.181447
v -0.290834 1.803643 0.160551
v -0.303099 1.809524 0.182090
v -0.351669 1.860403 0.284957
v -0.341438 1.884315 0.280820
v -0.339538 1.855469 0.264255
v -0.329331 1.879143 0.260918
v -0.364426 1.837413 0.289783
v -0.352161 1.832670 0.268244
v -0.327381 1.849903 0.243553
v -0.317186 1.873498 0.241016
v -0.315197 1.844022 0.222851
v -0.305001 1.867616 0.221114
v -0.339895 1.827168 0.246706
v -0.327630 1.821286 0.225167
v -0.302987 1.838141 0.202149
v -0.292777 1.861735 0.201212
v -0.315364 1.815405 0.203628
v -0.336259 1.910069 0.278061
v -0.335075 1.939699 0.276177
v -0.323958 1.904565 0.258885
v -0.322587 1.933912 0.257621
v -0.311632 1.898810 0.239710
v -0.310093 1.928062 0.239065
v -0.299279 1.892928 0.220534
v -0.297592 1.922181 0.220509
v -0.286899 1.887047 0.201359
v -0.285084 1.916300 0.201953
v -0.336827 1.975242 0.274668
v -0.339269 2.013746 0.274024
v -0.324386 1.969360 0.256590
v -0.326951 2.007865 0.256296
v -0.311944 1.963479 0.238512
v -0.314634 2.001984 0.238567
v -0.299503 1.957598 0.220434
v -0.302316 1.996102 0.220839
v -0.287061 1.951716 0.202356
v -0.289998 1.990221 0.203111
v -0.340152 2.052264 0.274738
v -0.339176 2.091863 0.277907
v -0.327880 2.046383 0.257243
v -0.326879 2.085981 0.260234
v -0.315608 2.040501 0.239748
v -0.314581 2.080100 0.242561
v -0.303336 2.034620 0.222253
v -0.302284 2.074219 0.224889
v -0.291064 2.028739 0.204757
v -0.289987 2.068337 0.207216
v -0.336040 2.133612 0.284628
v -0.332051 2.173613 0.292770
v -0.323653 2.127731 0.266073
v -0.319360 2.167732 0.273081
v -0.311267 2.121849 0.247517
v -0.306669 2.161851 0.253393
v -0.298880 2.115968 0.228962
v -0.293978 2.155970 0.233704
v -0.286493 2.110086 0.210406
v -0.281287 2.150088 0.214016
v -0.328517 2.207970 0.300199
v -0.324949 2.239747 0.307684
v -0.315155 2.202089 0.279582
v -0.310791 2.233866 0.286294
v -0.301794 2.196207 0.258965
v -0.296632 2.227984 0.264904
v -0.288432 2.190326 0.238348
v -0.282474 2.222103 0.243514
v -0.275070 2.184445 0.217731
v -0.268315 2.216222 0.222124
v -0.320856 2.272009 0.315991
v -0.316042 2.306210 0.324150
v -0.306016 2.266128 0.293935
v -0.300641 2.300328 0.301362
v -0.291176 2.260247 0.271880
v -0.285241 2.294447 0.278573
v -0.276336 2.254366 0.249824
v -0.269840 2.288566 0.255785
v -0.261496 2.248484 0.227768
v -0.254440 2.282684 0.232996
v -0.310311 2.343798 0.331192
v -0.304374 2.381047 0.335610
v -0.294477 2.337917 0.307429
v -0.288086 2.375166 0.311260
v -0.278643 2.332036 0.283667
v -0.271798 2.369284 0.286807
v -0.262810 2.326154 0.259904
v -0.255510 2.363403 0.262294
v -0.246976 2.320273 0.236142
v -0.239222 2.357522 0.237760
v -0.298939 2.414227 0.335900
v -0.293267 2.445548 0.336091
v -0.282028 2.408345 0.311974
v -0.275794 2.439667 0.313411
v -0.265118 2.402464 0.287642
v -0.258322 2.433785 0.289588
v -0.248207 2.396583 0.263064
v -0.240850 2.427904 0.264962
v -0.231297 2.390702 0.238405
v -0.223378 2.422023 0.239876
v -0.286617 2.477221 0.340215
v -0.279676 2.509814 0.344893
v -0.268873 2.471339 0.319406
v -0.261841 2.503933 0.325817
v -0.251130 2.465458 0.296063
v -0.244006 2.498051 0.303126
v -0.233386 2.459577 0.270735
v -0.226171 2.492170 0.277361
v -0.215643 2.453696 0.243972
v -0.208336 2.486289 0.249062
v -0.273132 2.543896 0.346748
v -0.265345 2.581781 0.346646
v -0.255275 2.538015 0.328500
v -0.246880 2.575899 0.328773
v -0.237417 2.532134 0.306835
v -0.228603 2.570018 0.308315
v -0.219560 2.526253 0.281817
v -0.210617 2.564137 0.284631
v -0.201702 2.520371 0.253516
v -0.193028 2.558255 0.257078
v -0.254675 2.625779 0.345456
v -0.241715 2.676388 0.343967
v -0.234364 2.619898 0.327951
v -0.219626 2.670507 0.326591
v -0.214804 2.614017 0.308693
v -0.199169 2.664626 0.308380
v -0.196410 2.608135 0.286326
v -0.180598 2.658744 0.287262
v -0.179599 2.602254 0.259497
v -0.164163 2.652863 0.261163
v -0.227060 2.734103 0.342972
v -0.215553 2.789453 0.344617
v -0.204563 2.728222 0.325248
v -0.179956 2.798516 0.329452
v -0.184850 2.722341 0.307791
v -0.160084 2.782430 0.311825
v -0.166844 2.716460 0.287798
v -0.140909 2.780696 0.295689
v -0.149469 2.710578 0.262470
v -0.127210 2.771648 0.271517
v -0.267209 1.834929 -0.172768
v -0.279561 1.812194 -0.172980
v -0.291163 1.818578 -0.187336
v -0.278811 1.841314 -0.187930
v -0.256884 1.858524 -0.172439
v -0.268486 1.864908 -0.188102
v -0.250613 1.883836 -0.171875
v -0.262215 1.890220 -0.187430
v -0.248520 1.913089 -0.170886
v -0.260122 1.919473 -0.186091
v -0.250729 1.948505 -0.169279
v -0.262332 1.954889 -0.184264
v -0.254038 1.987010 -0.167777
v -0.265640 1.993394 -0.182806
v -0.255241 2.025527 -0.167102
v -0.266843 2.031912 -0.182577
v -0.254118 2.065126 -0.166153
v -0.265751 2.071511 -0.182229
v -0.250448 2.106875 -0.163828
v -0.262171 2.113260 -0.180415
v -0.244633 2.146877 -0.161322
v -0.256660 2.153261 -0.178404
v -0.237074 2.181233 -0.159829
v -0.249773 2.187618 -0.177465
v -0.228726 2.213010 -0.159214
v -0.242221 2.219395 -0.177299
v -0.220544 2.245273 -0.159344
v -0.234721 2.251657 -0.177607
v -0.212367 2.279473 -0.159075
v -0.227104 2.285857 -0.177666
v -0.204036 2.317062 -0.157268
v -0.219207 2.323446 -0.176750
v -0.195374 2.354311 -0.155082
v -0.210999 2.360695 -0.175555
v -0.186203 2.387491 -0.153680
v -0.202451 2.393875 -0.174775
v -0.177161 2.418812 -0.152778
v -0.193970 2.425196 -0.174385
v -0.168883 2.450485 -0.152093
v -0.185964 2.456869 -0.174361
v -0.161383 2.483078 -0.152020
v -0.178563 2.489462 -0.174763
v -0.154674 2.517160 -0.152956
v -0.171899 2.523544 -0.175650
v -0.146655 2.555044 -0.153531
v -0.164057 2.561429 -0.176011
v -0.135229 2.599043 -0.152376
v -0.153123 2.605427 -0.174833
v -0.119780 2.649652 -0.152018
v -0.137760 2.656036 -0.175756
v -0.099693 2.707367 -0.154983
v -0.116629 2.713752 -0.182419
v -0.076628 2.764424 -0.155046
v -0.085375 2.786109 -0.194094
v -0.218129 2.745673 -0.291699
v -0.231828 2.687958 -0.287473
v -0.198977 2.739289 -0.274868
v -0.213302 2.681573 -0.266386
v -0.206217 2.801064 -0.296168
v -0.186333 2.799663 -0.285227
v -0.179586 2.732904 -0.254992
v -0.194716 2.675189 -0.244537
v -0.159283 2.726520 -0.232638
v -0.175902 2.668805 -0.222070
v -0.161081 2.797192 -0.270314
v -0.135383 2.791666 -0.250741
v -0.137395 2.720136 -0.208376
v -0.156692 2.662420 -0.199125
v -0.114161 2.781096 -0.225814
v -0.242451 2.637349 -0.287118
v -0.250851 2.593350 -0.288410
v -0.224587 2.630965 -0.264661
v -0.233495 2.586966 -0.265930
v -0.206724 2.624580 -0.242204
v -0.216139 2.580582 -0.243451
v -0.188861 2.618196 -0.219747
v -0.198784 2.574197 -0.220971
v -0.170997 2.611811 -0.197290
v -0.181428 2.567813 -0.198491
v -0.257881 2.555466 -0.289121
v -0.264425 2.521384 -0.288478
v -0.240687 2.549082 -0.266427
v -0.247253 2.514999 -0.265735
v -0.223492 2.542697 -0.243733
v -0.230081 2.508615 -0.242992
v -0.206298 2.536313 -0.221039
v -0.212909 2.502231 -0.220249
v -0.189104 2.529929 -0.198344
v -0.195737 2.495846 -0.197506
v -0.271366 2.488791 -0.285704
v -0.278016 2.457118 -0.282421
v -0.254285 2.482406 -0.263435
v -0.261206 2.450733 -0.260814
v -0.237205 2.476022 -0.241167
v -0.244397 2.444349 -0.239207
v -0.220124 2.469637 -0.218898
v -0.227588 2.437964 -0.217599
v -0.203044 2.463253 -0.196630
v -0.210779 2.431580 -0.195992
v -0.283688 2.425797 -0.280250
v -0.289123 2.392617 -0.277920
v -0.267440 2.419412 -0.259155
v -0.273498 2.386232 -0.257447
v -0.251193 2.413028 -0.238060
v -0.257873 2.379848 -0.236974
v -0.234946 2.406643 -0.216965
v -0.242248 2.373464 -0.216501
v -0.218698 2.400259 -0.195870
v -0.226623 2.367079 -0.196028
v -0.295060 2.355368 -0.274162
v -0.300791 2.317779 -0.270616
v -0.279889 2.348984 -0.254679
v -0.286053 2.311395 -0.252026
v -0.264719 2.342599 -0.235197
v -0.271316 2.305011 -0.233436
v -0.249548 2.336215 -0.215715
v -0.256579 2.298626 -0.214846
v -0.234377 2.329831 -0.196232
v -0.241841 2.292242 -0.196256
v -0.305605 2.283579 -0.268924
v -0.309698 2.251316 -0.267723
v -0.291428 2.277195 -0.250661
v -0.296203 2.244932 -0.249638
v -0.277251 2.270810 -0.232397
v -0.282707 2.238548 -0.231553
v -0.263074 2.264426 -0.214134
v -0.269212 2.232163 -0.213468
v -0.248897 2.258042 -0.195871
v -0.255717 2.225779 -0.195384
v -0.313266 2.219539 -0.265646
v -0.316800 2.185183 -0.263814
v -0.300568 2.213155 -0.248009
v -0.304772 2.178799 -0.246732
v -0.287869 2.206771 -0.230373
v -0.292744 2.172414 -0.229650
v -0.275170 2.200387 -0.212737
v -0.280716 2.166030 -0.212568
v -0.262471 2.194002 -0.195101
v -0.268688 2.159646 -0.195486
v -0.320789 2.145181 -0.263350
v -0.323914 2.103432 -0.262610
v -0.309065 2.138797 -0.246763
v -0.312281 2.097048 -0.246534
v -0.297342 2.132413 -0.230176
v -0.300648 2.090664 -0.230458
v -0.285618 2.126028 -0.213589
v -0.289016 2.084279 -0.214382
v -0.273895 2.119644 -0.197002
v -0.277383 2.077895 -0.198306
v -0.324855 2.063833 -0.259952
v -0.323652 2.025316 -0.257953
v -0.313253 2.057449 -0.244477
v -0.312050 2.018932 -0.242923
v -0.301650 2.051065 -0.229002
v -0.300447 2.012547 -0.227894
v -0.290048 2.044680 -0.213527
v -0.288845 2.006163 -0.212865
v -0.278446 2.038296 -0.198052
v -0.277243 1.999779 -0.197835
v -0.320343 1.986811 -0.259188
v -0.318150 1.951322 -0.262118
v -0.308741 1.980427 -0.244203
v -0.306641 1.944992 -0.246913
v -0.297139 1.974043 -0.229218
v -0.295010 1.938626 -0.231707
v -0.285536 1.967658 -0.214233
v -0.283341 1.932242 -0.216502
v -0.273934 1.961274 -0.199249
v -0.271721 1.925857 -0.201297
v -0.320294 1.921850 -0.265203
v -0.326599 1.896282 -0.266418
v -0.309064 1.915684 -0.249648
v -0.315555 1.890309 -0.250755
v -0.297346 1.909373 -0.234094
v -0.303779 1.884061 -0.235092
v -0.285479 1.902989 -0.218539
v -0.291779 1.877677 -0.219428
v -0.273803 1.896605 -0.202984
v -0.280066 1.871292 -0.203765
v -0.336890 1.872506 -0.263741
v -0.349175 1.849625 -0.259117
v -0.325660 1.866669 -0.248579
v -0.337573 1.843897 -0.244761
v -0.313942 1.860467 -0.233416
v -0.325970 1.837731 -0.230405
v -0.302075 1.854082 -0.218254
v -0.314368 1.831347 -0.216048
v -0.290399 1.847698 -0.203092
v -0.302766 1.824963 -0.201692
v -0.212036 2.832962 0.351054
v -0.186188 2.853557 0.348568
v -0.080666 2.786479 0.210243
v -0.091463 2.789130 0.239885
v -0.063710 2.810274 0.214143
v -0.072634 2.804359 0.235316
v -0.200954 2.844699 -0.297252
v -0.180089 2.858248 -0.292578
v -0.134424 2.959731 -0.307472
v -0.125846 2.927245 -0.301178
v -0.138950 2.867519 -0.287251
v -0.100585 2.864566 -0.275664
v -0.088044 2.841441 -0.252210
v -0.062763 2.864363 -0.242076
v -0.052245 2.813056 -0.145982
v -0.046120 2.842363 -0.166712
v -0.041292 2.879478 -0.208706
v -0.132119 2.949178 0.365485
v -0.118623 2.923555 0.361886
v -0.132419 2.883633 0.351311
v -0.107449 2.866638 0.340477
v -0.113112 2.840162 0.325384
v -0.088557 2.850869 0.318689
v -0.089083 2.832320 0.296407
v -0.064431 2.847096 0.293063
v -0.043586 2.828868 0.230706
v -0.053432 2.823450 0.255061
v -0.056464 2.836833 0.277564
v 0.565141 1.910972 -0.264396
v 0.535688 1.899642 -0.275779
v 0.501665 1.884659 -0.285029
v 0.637307 1.905769 0.208105
v 0.666097 1.910972 0.186047
v 0.694886 1.916643 0.163989
v 0.579729 1.888137 0.252220
v 0.608518 1.898042 0.230162
v 0.517413 1.861833 0.291081
v 0.550939 1.876402 0.274278
v 0.385381 1.793095 0.294844
v 0.404833 1.806577 0.299450
v 0.433151 1.824050 0.298412
v 0.417237 1.843729 -0.286382
v 0.388918 1.823330 -0.285344
v 0.369633 1.807016 -0.280977
v 0.458500 1.865097 -0.287421
v 0.474414 1.843425 0.297374
v 0.282211 1.748052 0.053770
v 0.283537 1.747046 0.090975
v 0.287598 1.747762 0.124263
v 0.279558 1.750064 -0.020639
v 0.280884 1.749058 0.016566
v 0.276906 1.752076 -0.095048
v 0.278232 1.751070 -0.057843
v 0.277486 1.755433 -0.163745
v 0.275580 1.753083 -0.132252
v 0.744508 1.948327 -0.103355
v 0.743182 1.949333 -0.140565
v 0.734824 1.948617 -0.172222
v 0.747161 1.946202 -0.028944
v 0.745834 1.947321 -0.066149
v 0.749813 1.942924 0.045465
v 0.748487 1.944860 0.008260
v 0.744936 1.934769 0.116087
v 0.751139 1.940022 0.082669
v 0.712403 1.944457 -0.192767
v 0.682951 1.938576 -0.209055
v 0.723676 1.925776 0.141931
v 0.624046 1.926474 -0.244943
v 0.594593 1.919575 -0.255607
v 0.653498 1.932695 -0.227936
v 0.297128 1.751922 0.149718
v 0.309394 1.757803 0.171257
v 0.358455 1.780949 0.257411
v 0.370721 1.785692 0.278950
v 0.333925 1.769565 0.214334
v 0.346190 1.775447 0.235873
v 0.321659 1.763684 0.192795
v 0.297458 1.766857 -0.198169
v 0.285856 1.760473 -0.183813
v 0.355470 1.797904 -0.269950
v 0.343867 1.792176 -0.255594
v 0.332265 1.786010 -0.241238
v 0.320663 1.779626 -0.226881
v 0.309060 1.773242 -0.212525
v 0.574832 1.853545 -0.264396
v 0.545379 1.842215 -0.275779
v 0.511356 1.827232 -0.285029
v 0.646998 1.848342 0.208105
v 0.675788 1.853545 0.186047
v 0.704577 1.859216 0.163989
v 0.589420 1.830710 0.252220
v 0.618209 1.840615 0.230162
v 0.527104 1.804406 0.291081
v 0.560630 1.818975 0.274278
v 0.395072 1.735668 0.294844
v 0.414524 1.749150 0.299450
v 0.442842 1.766623 0.298412
v 0.426928 1.786302 -0.286382
v 0.398609 1.765903 -0.285344
v 0.379324 1.749589 -0.280977
v 0.468191 1.807670 -0.287421
v 0.484105 1.785998 0.297374
v 0.291902 1.690625 0.053770
v 0.293228 1.689619 0.090975
v 0.297289 1.690335 0.124263
v 0.289249 1.692637 -0.020639
v 0.290575 1.691631 0.016566
v 0.286597 1.694649 -0.095048
v 0.287923 1.693643 -0.057843
v 0.287177 1.698006 -0.163745
v 0.285271 1.695656 -0.132252
v 0.754199 1.890900 -0.103355
v 0.752873 1.891906 -0.140565
v 0.744515 1.891190 -0.172222
v 0.756852 1.888775 -0.028944
v 0.755525 1.889894 -0.066149
v 0.759504 1.885497 0.045465
v 0.758178 1.887433 0.008260
v 0.754627 1.877342 0.116087
v 0.760830 1.882595 0.082669
v 0.722094 1.887030 -0.192767
v 0.692642 1.881149 -0.209055
v 0.733367 1.868349 0.141931
v 0.633737 1.869047 -0.244943
v 0.604284 1.862148 -0.255607
v 0.663189 1.875268 -0.227936
v 0.306819 1.694495 0.149718
v 0.319085 1.700376 0.171257
v 0.368146 1.723522 0.257411
v 0.380412 1.728265 0.278950
v 0.343616 1.712138 0.214334
v 0.355881 1.718020 0.235873
v 0.331350 1.706257 0.192795
v 0.307149 1.709430 -0.198169
v 0.295547 1.703046 -0.183813
v 0.365161 1.740477 -0.269950
v 0.353558 1.734749 -0.255594
v 0.341956 1.728583 -0.241238
v 0.330354 1.722199 -0.226881
v 0.318751 1.715815 -0.212525
v 0.574832 1.789938 -0.264396
v 0.545379 1.778608 -0.275779
v 0.511356 1.763625 -0.285029
v 0.646998 1.784735 0.208105
v 0.675788 1.789938 0.186047
v 0.704577 1.795609 0.163989
v 0.589420 1.767103 0.252220
v 0.618209 1.777008 0.230162
v 0.527104 1.740799 0.291081
v 0.560630 1.755368 0.274278
v 0.395072 1.672061 0.294844
v 0.414524 1.685543 0.299450
v 0.442842 1.703016 0.298412
v 0.426928 1.722695 -0.286382
v 0.398609 1.702296 -0.285344
v 0.379324 1.685982 -0.280977
v 0.468191 1.744063 -0.287421
v 0.484105 1.722391 0.297374
v 0.291902 1.627018 0.053770
v 0.293228 1.626012 0.090975
v 0.297289 1.626728 0.124263
v 0.289249 1.629030 -0.020639
v 0.290575 1.628024 0.016566
v 0.286597 1.631042 -0.095048
v 0.287923 1.630036 -0.057843
v 0.287177 1.634399 -0.163745
v 0.285271 1.632049 -0.132252
v 0.754199 1.827293 -0.103355
v 0.752873 1.828299 -0.140565
v 0.744515 1.827583 -0.172222
v 0.756852 1.825168 -0.028944
v 0.755525 1.826287 -0.066149
v 0.759504 1.821890 0.045465
v 0.758178 1.823826 0.008260
v 0.754627 1.813735 0.116087
v 0.760830 1.818988 0.082669
v 0.722094 1.823423 -0.192767
v 0.692642 1.817542 -0.209055
v 0.733367 1.804742 0.141931
v 0.633737 1.805440 -0.244943
v 0.604284 1.798541 -0.255607
v 0.663189 1.811661 -0.227936
v 0.306819 1.630888 0.149718
v 0.319085 1.636769 0.171257
v 0.368146 1.659915 0.257411
v 0.380412 1.664658 0.278950
v 0.343616 1.648531 0.214334
v 0.355881 1.654413 0.235873
v 0.331350 1.642650 0.192795
v 0.307149 1.645823 -0.198169
v 0.295547 1.639439 -0.183813
v 0.365161 1.676870 -0.269950
v 0.353558 1.671142 -0.255594
v 0.341956 1.664976 -0.241238
v 0.330354 1.658592 -0.226881
v 0.318751 1.652208 -0.212525
v 0.574832 1.720374 -0.264396
v 0.545379 1.709044 -0.275779
v 0.511356 1.694061 -0.285029
v 0.646998 1.715171 0.208105
v 0.675788 1.720374 0.186047
v 0.704577 1.726045 0.163989
v 0.589420 1.697539 0.252220
v 0.618209 1.707444 0.230162
v 0.527104 1.671235 0.291081
v 0.560630 1.685804 0.274278
v 0.395072 1.602497 0.294844
v 0.414524 1.615979 0.299450
v 0.442842 1.633452 0.298412
v 0.426928 1.653131 -0.286382
v 0.398609 1.632732 -0.285344
v 0.379324 1.616418 -0.280977
v 0.468191 1.674499 -0.287421
v 0.484105 1.652827 0.297374
v 0.291902 1.557454 0.053770
v 0.293228 1.556448 0.090975
v 0.297289 1.557164 0.124263
v 0.289249 1.559466 -0.020639
v 0.290575 1.558460 0.016566
v 0.286597 1.561478 -0.095048
v 0.287923 1.560472 -0.057843
v 0.287177 1.564835 -0.163745
v 0.285271 1.562485 -0.132252
v 0.754199 1.757729 -0.103355
v 0.752873 1.758735 -0.140565
v 0.744515 1.758019 -0.172222
v 0.756852 1.755604 -0.028944
v 0.755525 1.756723 -0.066149
v 0.759504 1.752326 0.045465
v 0.758178 1.754262 0.008260
v 0.754627 1.744171 0.116087
v 0.760830 1.749424 0.082669
v 0.722094 1.753859 -0.192767
v 0.692642 1.747978 -0.209055
v 0.733367 1.735178 0.141931
v 0.633737 1.735876 -0.244943
v 0.604284 1.728977 -0.255607
v 0.663189 1.742097 -0.227936
v 0.306819 1.561324 0.149718
v 0.319085 1.567205 0.171257
v 0.368146 1.590351 0.257411
v 0.380412 1.595094 0.278950
v 0.343616 1.578967 0.214334
v 0.355881 1.584849 0.235873
v 0.331350 1.573086 0.192795
v 0.307149 1.576259 -0.198169
v 0.295547 1.569875 -0.183813
v 0.365161 1.607306 -0.269950
v 0.353558 1.601578 -0.255594
v 0.341956 1.595412 -0.241238
v 0.330354 1.589028 -0.226881
v 0.318751 1.582644 -0.212525
v 0.586295 1.665077 -0.264396
v 0.556842 1.653747 -0.275779
v 0.522819 1.638764 -0.285029
v 0.658461 1.659874 0.208105
v 0.687251 1.665077 0.186047
v 0.716040 1.670748 0.163989
v 0.600883 1.642242 0.252220
v 0.629672 1.652147 0.230162
v 0.538567 1.615938 0.291081
v 0.572093 1.630507 0.274278
v 0.406535 1.547200 0.294844
v 0.425987 1.560682 0.299450
v 0.454305 1.578155 0.298412
v 0.438391 1.597834 -0.286382
v 0.410072 1.577435 -0.285344
v 0.390787 1.561121 -0.280977
v 0.479654 1.619202 -0.287421
v 0.495568 1.597530 0.297374
v 0.303365 1.502157 0.053770
v 0.304691 1.501151 0.090975
v 0.308752 1.501867 0.124263
v 0.300712 1.504169 -0.020639
v 0.302038 1.503163 0.016566
v 0.298060 1.506181 -0.095048
v 0.299386 1.505175 -0.057843
v 0.298640 1.509538 -0.163745
v 0.296734 1.507188 -0.132252
v 0.765662 1.702432 -0.103355
v 0.764336 1.703438 -0.140565
v 0.755978 1.702722 -0.172222
v 0.768315 1.700307 -0.028944
v 0.766988 1.701426 -0.066149
v 0.770967 1.697029 0.045465
v 0.769641 1.698965 0.008260
v 0.766090 1.688874 0.116087
v 0.772293 1.694127 0.082669
v 0.733557 1.698562 -0.192767
v 0.704105 1.692681 -0.209055
v 0.744830 1.679881 0.141931
v 0.645200 1.680579 -0.244943
v 0.615747 1.673680 -0.255607
v 0.674652 1.686800 -0.227936
v 0.318282 1.506027 0.149718
v 0.330548 1.511908 0.171257
v 0.379609 1.535054 0.257411
v 0.391875 1.539797 0.278950
v 0.355079 1.523670 0.214334
v 0.367344 1.529552 0.235873
v 0.342813 1.517789 0.192795
v 0.318612 1.520962 -0.198169
v 0.307010 1.514578 -0.183813
v 0.376624 1.552009 -0.269950
v 0.365021 1.546281 -0.255594
v 0.353419 1.540115 -0.241238
v 0.341817 1.533731 -0.226881
v 0.330214 1.527347 -0.212525
v 0.586295 1.604515 -0.264396
v 0.556842 1.593185 -0.275779
v 0.522819 1.578202 -0.285029
v 0.658461 1.599312 0.208105
v 0.687251 1.604515 0.186047
v 0.716040 1.610186 0.163989
v 0.600883 1.581680 0.252220
v 0.629672 1.591585 0.230162
v 0.538567 1.555376 0.291081
v 0.572093 1.569945 0.274278
v 0.406535 1.486638 0.294844
v 0.425987 1.500120 0.299450
v 0.454305 1.517594 0.298412
v 0.438391 1.537272 -0.286382
v 0.410072 1.516873 -0.285344
v 0.390787 1.500559 -0.280977
v 0.479654 1.558640 -0.287421
v 0.495568 1.536968 0.297374
v 0.303365 1.441595 0.053770
v 0.304691 1.440589 0.090975
v 0.308752 1.441305 0.124263
v 0.300712 1.443607 -0.020639
v 0.302038 1.442601 0.016566
v 0.298060 1.445619 -0.095048
v 0.299386 1.444613 -0.057843
v 0.298640 1.448976 -0.163745
v 0.296734 1.446626 -0.132252
v 0.765662 1.641870 -0.103355
v 0.764336 1.642876 -0.140565
v 0.755978 1.642160 -0.172222
v 0.768315 1.639745 -0.028944
v 0.766988 1.640864 -0.066149
v 0.770967 1.636467 0.045465
v 0.769641 1.638403 0.008260
v 0.766090 1.628312 0.116087
v 0.772293 1.633565 0.082669
v 0.733557 1.638000 -0.192767
v 0.704105 1.632119 -0.209055
v 0.744830 1.619319 0.141931
v 0.645200 1.620017 -0.244943
v 0.615747 1.613118 -0.255607
v 0.674652 1.626238 -0.227936
v 0.318282 1.445465 0.149718
v 0.330548 1.451346 0.171257
v 0.379609 1.474492 0.257411
v 0.391875 1.479235 0.278950
v 0.355079 1.463108 0.214334
v 0.367344 1.468990 0.235873
v 0.342813 1.457227 0.192795
v 0.318612 1.460400 -0.198169
v 0.307010 1.454016 -0.183813
v 0.376624 1.491447 -0.269950
v 0.365021 1.485719 -0.255594
v 0.353419 1.479553 -0.241238
v 0.341817 1.473169 -0.226881
v 0.330214 1.466785 -0.212525
v 0.586295 1.543224 -0.264396
v 0.556842 1.531894 -0.275779
v 0.522819 1.516911 -0.285029
v 0.658461 1.538021 0.208105
v 0.687251 1.543224 0.186047
v 0.716040 1.548895 0.163989
v 0.600883 1.520389 0.252220
v 0.629672 1.530294 0.230162
v 0.538567 1.494085 0.291081
v 0.572093 1.508654 0.274278
v 0.406535 1.425347 0.294844
v 0.425987 1.438829 0.299450
v 0.454305 1.456302 0.298412
v 0.438391 1.475981 -0.286382
v 0.410072 1.455582 -0.285344
v 0.390787 1.439268 -0.280977
v 0.479654 1.497349 -0.287421
v 0.495568 1.475677 0.297374
v 0.303365 1.380304 0.053770
v 0.304691 1.379298 0.090975
v 0.308752 1.380014 0.124263
v 0.300712 1.382316 -0.020639
v 0.302038 1.381310 0.016566
v 0.298060 1.384328 -0.095048
v 0.299386 1.383322 -0.057843
v 0.298640 1.387685 -0.163745
v 0.296734 1.385335 -0.132252
v 0.765662 1.580579 -0.103355
v 0.764336 1.581585 -0.140565
v 0.755978 1.580869 -0.172222
v 0.768315 1.578454 -0.028944
v 0.766988 1.579573 -0.066149
v 0.770967 1.575176 0.045465
v 0.769641 1.577112 0.008260
v 0.766090 1.567021 0.116087
v 0.772293 1.572274 0.082669
v 0.733557 1.576709 -0.192767
v 0.704105 1.570828 -0.209055
v 0.744830 1.558028 0.141931
v 0.645200 1.558726 -0.244943
v 0.615747 1.551827 -0.255607
v 0.674652 1.564947 -0.227936
v 0.318282 1.384174 0.149718
v 0.330548 1.390055 0.171257
v 0.379609 1.413201 0.257411
v 0.391875 1.417944 0.278950
v 0.355079 1.401817 0.214334
v 0.367344 1.407699 0.235873
v 0.342813 1.395936 0.192795
v 0.318612 1.399109 -0.198169
v 0.307010 1.392725 -0.183813
v 0.376624 1.430156 -0.269950
v 0.365021 1.424428 -0.255594
v 0.353419 1.418262 -0.241238
v 0.341817 1.411878 -0.226881
v 0.330214 1.405494 -0.212525
v 0.586295 1.485146 -0.264396
v 0.556842 1.473816 -0.275779
v 0.522819 1.458833 -0.285029
v 0.658461 1.479943 0.208105
v 0.687251 1.485146 0.186047
v 0.716040 1.490817 0.163989
v 0.600883 1.462311 0.252220
v 0.629672 1.472216 0.230162
v 0.538567 1.436007 0.291081
v 0.572093 1.450576 0.274278
v 0.406535 1.367269 0.294844
v 0.425987 1.380751 0.299450
v 0.454305 1.398224 0.298412
v 0.438391 1.417903 -0.286382
v 0.410072 1.397504 -0.285344
v 0.390787 1.381190 -0.280977
v 0.479654 1.439271 -0.287421
v 0.495568 1.417599 0.297374
v 0.303365 1.322226 0.053770
v 0.304691 1.321220 0.090975
v 0.308752 1.321936 0.124263
v 0.300712 1.324238 -0.020639
v 0.302038 1.323232 0.016566
v 0.298060 1.326250 -0.095048
v 0.299386 1.325244 -0.057843
v 0.298640 1.329607 -0.163745
v 0.296734 1.327257 -0.132252
v 0.765662 1.522501 -0.103355
v 0.764336 1.523507 -0.140565
v 0.755978 1.522791 -0.172222
v 0.768315 1.520376 -0.028944
v 0.766988 1.521495 -0.066149
v 0.770967 1.517098 0.045465
v 0.769641 1.519034 0.008260
v 0.766090 1.508943 0.116087
v 0.772293 1.514196 0.082669
v 0.733557 1.518631 -0.192767
v 0.704105 1.512750 -0.209055
v 0.744830 1.499950 0.141931
v 0.645200 1.500648 -0.244943
v 0.615747 1.493749 -0.255607
v 0.674652 1.506869 -0.227936
v 0.318282 1.326096 0.149718
v 0.330548 1.331977 0.171257
v 0.379609 1.355123 0.257411
v 0.391875 1.359866 0.278950
v 0.355079 1.343739 0.214334
v 0.367344 1.349621 0.235873
v 0.342813 1.337858 0.192795
v 0.318612 1.341031 -0.198169
v 0.307010 1.334647 -0.183813
v 0.376624 1.372078 -0.269950
v 0.365021 1.366350 -0.255594
v 0.353419 1.360184 -0.241238
v 0.341817 1.353800 -0.226881
v 0.330214 1.347416 -0.212525
v 0.586295 1.426539 -0.264396
v 0.556842 1.415209 -0.275779
v 0.522819 1.400226 -0.285029
v 0.658461 1.421336 0.208105
v 0.687251 1.426539 0.186047
v 0.716040 1.432210 0.163989
v 0.600883 1.403704 0.252220
v 0.629672 1.413609 0.230162
v 0.538567 1.377400 0.291081
v 0.572093 1.391969 0.274278
v 0.406535 1.308662 0.294844
v 0.425987 1.322144 0.299450
v 0.454305 1.339617 0.298412
v 0.438391 1.359296 -0.286382
v 0.410072 1.338897 -0.285344
v 0.390787 1.322583 -0.280977
v 0.479654 1.380664 -0.287421
v 0.495568 1.358992 0.297374
v 0.303365 1.263619 0.053770
v 0.304691 1.262613 0.090975
v 0.308752 1.263329 0.124263
v 0.300712 1.265631 -0.020639
v 0.302038 1.264625 0.016566
v 0.298060 1.267643 -0.095048
v 0.299386 1.266637 -0.057843
v 0.298640 1.271000 -0.163745
v 0.296734 1.268650 -0.132252
v 0.765662 1.463894 -0.103355
v 0.764336 1.464900 -0.140565
v 0.755978 1.464184 -0.172222
v 0.768315 1.461769 -0.028944
v 0.766988 1.462888 -0.066149
v 0.770967 1.458491 0.045465
v 0.769641 1.460427 0.008260
v 0.766090 1.450336 0.116087
v 0.772293 1.455589 0.082669
v 0.733557 1.460024 -0.192767
v 0.704105 1.454143 -0.209055
v 0.744830 1.441343 0.141931
v 0.645200 1.442041 -0.244943
v 0.615747 1.435142 -0.255607
v 0.674652 1.448262 -0.227936
v 0.318282 1.267489 0.149718
v 0.330548 1.273370 0.171257
v 0.379609 1.296516 0.257411
v 0.391875 1.301259 0.278950
v 0.355079 1.285132 0.214334
v 0.367344 1.291014 0.235873
v 0.342813 1.279251 0.192795
v 0.318612 1.282424 -0.198169
v 0.307010 1.276040 -0.183813
v 0.376624 1.313471 -0.269950
v 0.365021 1.307743 -0.255594
v 0.353419 1.301577 -0.241238
v 0.341817 1.295193 -0.226881
v 0.330214 1.288809 -0.212525
v 0.586295 1.363282 -0.264396
v 0.556842 1.351952 -0.275779
v 0.522819 1.336969 -0.285029
v 0.658461 1.358079 0.208105
v 0.687251 1.363282 0.186047
v 0.716040 1.368953 0.163989
v 0.600883 1.340447 0.252220
v 0.629672 1.350352 0.230162
v 0.538567 1.314143 0.291081
v 0.572093 1.328712 0.274278
v 0.406535 1.245405 0.294844
v 0.425987 1.258887 0.299450
v 0.454305 1.276360 0.298412
v 0.438391 1.296039 -0.286382
v 0.410072 1.275640 -0.285344
v 0.390787 1.259326 -0.280977
v 0.479654 1.317407 -0.287421
v 0.495568 1.295735 0.297374
v 0.303365 1.200362 0.053770
v 0.304691 1.199356 0.090975
v 0.308752 1.200072 0.124263
v 0.300712 1.202374 -0.020639
v 0.302038 1.201368 0.016566
v 0.298060 1.204386 -0.095048
v 0.299386 1.203380 -0.057843
v 0.298640 1.207743 -0.163745
v 0.296734 1.205393 -0.132252
v 0.765662 1.400637 -0.103355
v 0.764336 1.401643 -0.140565
v 0.755978 1.400927 -0.172222
v 0.768315 1.398512 -0.028944
v 0.766988 1.399631 -0.066149
v 0.770967 1.395234 0.045465
v 0.769641 1.397170 0.008260
v 0.766090 1.387079 0.116087
v 0.772293 1.392332 0.082669
v 0.733557 1.396767 -0.192767
v 0.704105 1.390886 -0.209055
v 0.744830 1.378086 0.141931
v 0.645200 1.378784 -0.244943
v 0.615747 1.371885 -0.255607
v 0.674652 1.385005 -0.227936
v 0.318282 1.204232 0.149718
v 0.330548 1.210113 0.171257
v 0.379609 1.233259 0.257411
v 0.391875 1.238002 0.278950
v 0.355079 1.221875 0.214334
v 0.367344 1.227757 0.235873
v 0.342813 1.215994 0.192795
v 0.318612 1.219167 -0.198169
v 0.307010 1.212783 -0.183813
v 0.376624 1.250214 -0.269950
v 0.365021 1.244486 -0.255594
v 0.353419 1.238320 -0.241238
v 0.341817 1.231936 -0.226881
v 0.330214 1.225552 -0.212525
v 0.586295 1.300257 -0.264396
v 0.556842 1.288927 -0.275779
v 0.522819 1.273944 -0.285029
v 0.658461 1.295054 0.208105
v 0.687251 1.300257 0.186047
v 0.716040 1.305928 0.163989
v 0.600883 1.277422 0.252220
v 0.629672 1.287327 0.230162
v 0.538567 1.251118 0.291081
v 0.572093 1.265687 0.274278
v 0.406535 1.182380 0.294844
v 0.425987 1.195862 0.299450
v 0.454305 1.213336 0.298412
v 0.438391 1.233014 -0.286382
v 0.410072 1.212615 -0.285344
v 0.390787 1.196301 -0.280977
v 0.479654 1.254382 -0.287421
v 0.495568 1.232710 0.297374
v 0.303365 1.137337 0.053770
v 0.304691 1.136331 0.090975
v 0.308752 1.137047 0.124263
v 0.300712 1.139349 -0.020639
v 0.302038 1.138343 0.016566
v 0.298060 1.141361 -0.095048
v 0.299386 1.140355 -0.057843
v 0.298640 1.144718 -0.163745
v 0.296734 1.142368 -0.132252
v 0.765662 1.337613 -0.103355
v 0.764336 1.338618 -0.140565
v 0.755978 1.337902 -0.172222
v 0.768315 1.335487 -0.028944
v 0.766988 1.336607 -0.066149
v 0.770967 1.332209 0.045465
v 0.769641 1.334145 0.008260
v 0.766090 1.324054 0.116087
v 0.772293 1.329307 0.082669
v 0.733557 1.333742 -0.192767
v 0.704105 1.327861 -0.209055
v 0.744830 1.315061 0.141931
v 0.645200 1.315759 -0.244943
v 0.615747 1.308860 -0.255607
v 0.674652 1.321980 -0.227936
v 0.318282 1.141207 0.149718
v 0.330548 1.147088 0.171257
v 0.379609 1.170234 0.257411
v 0.391875 1.174977 0.278950
v 0.355079 1.158850 0.214334
v 0.367344 1.164732 0.235873
v 0.342813 1.152969 0.192795
v 0.318612 1.156142 -0.198169
v 0.307010 1.149758 -0.183813
v 0.376624 1.187189 -0.269950
v 0.365021 1.181461 -0.255594
v 0.353419 1.175295 -0.241238
v 0.341817 1.168911 -0.226881
v 0.330214 1.162527 -0.212525
v 0.586295 1.244323 -0.264396
v 0.556842 1.232993 -0.275779
v 0.522819 1.218010 -0.285029
v 0.658461 1.239120 0.208105
v 0.687251 1.244323 0.186047
v 0.716040 1.249994 0.163989
v 0.600883 1.221488 0.252220
v 0.629672 1.231393 0.230162
v 0.538567 1.195184 0.291081
v 0.572093 1.209753 0.274278
v 0.406535 1.126446 0.294844
v 0.425987 1.139928 0.299450
v 0.454305 1.157401 0.298412
v 0.438391 1.177080 -0.286382
v 0.410072 1.156681 -0.285344
v 0.390787 1.140367 -0.280977
v 0.479654 1.198448 -0.287421
v 0.495568 1.176776 0.297374
v 0.303365 1.081403 0.053770
v 0.304691 1.080397 0.090975
v 0.308752 1.081113 0.124263
v 0.300712 1.083415 -0.020639
v 0.302038 1.082409 0.016566
v 0.298060 1.085427 -0.095048
v 0.299386 1.084421 -0.057843
v 0.298640 1.088784 -0.163745
v 0.296734 1.086434 -0.132252
v 0.765662 1.281678 -0.103355
v 0.764336 1.282684 -0.140565
v 0.755978 1.281968 -0.172222
v 0.768315 1.279553 -0.028944
v 0.766988 1.280672 -0.066149
v 0.770967 1.276275 0.045465
v 0.769641 1.278211 0.008260
v 0.766090 1.268120 0.116087
v 0.772293 1.273373 0.082669
v 0.733557 1.277808 -0.192767
v 0.704105 1.271927 -0.209055
v 0.744830 1.259127 0.141931
v 0.645200 1.259825 -0.244943
v 0.615747 1.252926 -0.255607
v 0.674652 1.266046 -0.227936
v 0.318282 1.085273 0.149718
v 0.330548 1.091154 0.171257
v 0.379609 1.114300 0.257411
v 0.391875 1.119043 0.278950
v 0.355079 1.102916 0.214334
v 0.367344 1.108798 0.235873
v 0.342813 1.097035 0.192795
v 0.318612 1.100208 -0.198169
v 0.307010 1.093824 -0.183813
v 0.376624 1.131255 -0.269950
v 0.365021 1.125527 -0.255594
v 0.353419 1.119361 -0.241238
v 0.341817 1.112977 -0.226881
v 0.330214 1.106593 -0.212525
v 0.586295 1.179684 -0.264396
v 0.556842 1.168354 -0.275779
v 0.522819 1.153371 -0.285029
v 0.658461 1.174481 0.208105
v 0.687251 1.179684 0.186047
v 0.716040 1.185355 0.163989
v 0.600883 1.156849 0.252220
v 0.629672 1.166754 0.230162
v 0.538567 1.130545 0.291081
v 0.572093 1.145114 0.274278
v 0.406535 1.061807 0.294844
v 0.425987 1.075289 0.299450
v 0.454305 1.092762 0.298412
v 0.438391 1.112441 -0.286382
v 0.410072 1.092042 -0.285344
v 0.390787 1.075728 -0.280977
v 0.479654 1.133809 -0.287421
v 0.495568 1.112137 0.297374
v 0.303365 1.016764 0.053770
v 0.304691 1.015758 0.090975
v 0.308752 1.016474 0.124263
v 0.300712 1.018776 -0.020639
v 0.302038 1.017770 0.016566
v 0.298060 1.020788 -0.095048
v 0.299386 1.019782 -0.057843
v 0.298640 1.024145 -0.163745
v 0.296734 1.021795 -0.132252
v 0.765662 1.217039 -0.103355
v 0.764336 1.218045 -0.140565
v 0.755978 1.217329 -0.172222
v 0.768315 1.214914 -0.028944
v 0.766988 1.216033 -0.066149
v 0.770967 1.211636 0.045465
v 0.769641 1.213572 0.008260
v 0.766090 1.203481 0.116087
v 0.772293 1.208734 0.082669
v 0.733557 1.213169 -0.192767
v 0.704105 1.207288 -0.209055
v 0.744830 1.194488 0.141931
v 0.645200 1.195186 -0.244943
v 0.615747 1.188287 -0.255607
v 0.674652 1.201407 -0.227936
v 0.318282 1.020634 0.149718
v 0.330548 1.026515 0.171257
v 0.379609 1.049661 0.257411
v 0.391875 1.054404 0.278950
v 0.355079 1.038277 0.214334
v 0.367344 1.044159 0.235873
v 0.342813 1.032396 0.192795
v 0.318612 1.035569 -0.198169
v 0.307010 1.029185 -0.183813
v 0.376624 1.066616 -0.269950
v 0.365021 1.060888 -0.255594
v 0.353419 1.054722 -0.241238
v 0.341817 1.048338 -0.226881
v 0.330214 1.041954 -0.212525
v 0.586295 1.114452 -0.264396
v 0.556842 1.103122 -0.275779
v 0.522819 1.088139 -0.285029
v 0.658461 1.109249 0.208105
v 0.687251 1.114452 0.186047
v 0.716040 1.120123 0.163989
v 0.600883 1.091617 0.252220
v 0.629672 1.101522 0.230162
v 0.538567 1.065313 0.291081
v 0.572093 1.079882 0.274278
v 0.406535 0.996575 0.294844
v 0.425987 1.010056 0.299450
v 0.454305 1.027530 0.298412
v 0.438391 1.047209 -0.286382
v 0.410072 1.026810 -0.285344
v 0.390787 1.010496 -0.280977
v 0.479654 1.068577 -0.287421
v 0.495568 1.046905 0.297374
v 0.303365 0.951532 0.053770
v 0.304691 0.950526 0.090975
v 0.308752 0.951242 0.124263
v 0.300712 0.953544 -0.020639
v 0.302038 0.952538 0.016566
v 0.298060 0.955556 -0.095048
v 0.299386 0.954550 -0.057843
v 0.298640 0.958913 -0.163745
v 0.296734 0.956563 -0.132252
v 0.765662 1.151807 -0.103355
v 0.764336 1.152813 -0.140565
v 0.755978 1.152097 -0.172222
v 0.768315 1.149682 -0.028944
v 0.766988 1.150801 -0.066149
v 0.770967 1.146404 0.045465
v 0.769641 1.148340 0.008260
v 0.766090 1.138249 0.116087
v 0.772293 1.143502 0.082669
v 0.733557 1.147937 -0.192767
v 0.704105 1.142056 -0.209055
v 0.744830 1.129256 0.141931
v 0.645200 1.129954 -0.244943
v 0.615747 1.123055 -0.255607
v 0.674652 1.136175 -0.227936
v 0.318282 0.955402 0.149718
v 0.330548 0.961283 0.171257
v 0.379609 0.984429 0.257411
v 0.391875 0.989172 0.278950
v 0.355079 0.973045 0.214334
v 0.367344 0.978927 0.235873
v 0.342813 0.967164 0.192795
v 0.318612 0.970337 -0.198169
v 0.307010 0.963953 -0.183813
v 0.376624 1.001384 -0.269950
v 0.365021 0.995656 -0.255594
v 0.353419 0.989490 -0.241238
v 0.341817 0.983106 -0.226881
v 0.330214 0.976722 -0.212525
v 0.599799 1.017988 -0.264072
v 0.569422 1.010035 -0.275879
v 0.534005 0.999105 -0.285562
v 0.659992 1.020208 0.210127
v 0.689701 1.021008 0.188697
v 0.719468 1.022272 0.167253
v 0.599668 1.011443 0.253213
v 0.629967 1.016905 0.231635
v 0.533675 0.994488 0.291196
v 0.569139 1.004166 0.274849
v 0.394000 0.942943 0.293578
v 0.414883 0.954043 0.298277
v 0.445188 0.967798 0.297450
v 0.445155 0.969013 -0.287891
v 0.414481 0.952358 -0.286971
v 0.393204 0.938740 -0.282611
v 0.488789 0.985014 -0.288494
v 0.488572 0.981822 0.296910
v 0.291488 0.902798 0.051361
v 0.291832 0.902926 0.088601
v 0.295194 0.904283 0.121947
v 0.290799 0.902544 -0.023119
v 0.291143 0.902671 0.014122
v 0.290111 0.902289 -0.097599
v 0.290455 0.902416 -0.060358
v 0.292668 0.903162 -0.166327
v 0.289767 0.902162 -0.134838
v 0.778735 1.038221 -0.099528
v 0.778392 1.038093 -0.136773
v 0.770731 1.037329 -0.168605
v 0.779410 1.038364 -0.025043
v 0.779079 1.038349 -0.062287
v 0.779939 1.037363 0.049477
v 0.779712 1.038158 0.012207
v 0.772474 1.032336 0.120165
v 0.780045 1.035611 0.086776
v 0.748437 1.035290 -0.189604
v 0.718857 1.032571 -0.206484
v 0.749671 1.026969 0.145699
v 0.659728 1.026680 -0.243542
v 0.629892 1.023146 -0.254770
v 0.689335 1.029762 -0.225954
v 0.304591 0.908101 0.147505
v 0.317006 0.913149 0.169170
v 0.366618 0.932963 0.255837
v 0.378891 0.936882 0.277537
v 0.341837 0.923243 0.212498
v 0.354251 0.928291 0.234162
v 0.329421 0.918196 0.190833
v 0.314694 0.910803 -0.200545
v 0.302058 0.906419 -0.186312
v 0.377762 0.931856 -0.271686
v 0.365208 0.928123 -0.257473
v 0.352600 0.923955 -0.243246
v 0.339965 0.919571 -0.229012
v 0.327329 0.915187 -0.214779
v 0.599799 0.932766 -0.264072
v 0.569422 0.924813 -0.275879
v 0.534005 0.913883 -0.285562
v 0.659992 0.934986 0.210127
v 0.689701 0.935786 0.188697
v 0.719468 0.937050 0.167253
v 0.599668 0.926221 0.253213
v 0.629967 0.931684 0.231635
v 0.533675 0.909267 0.291196
v 0.569139 0.918944 0.274849
v 0.394000 0.857722 0.293578
v 0.414883 0.868821 0.298277
v 0.445188 0.882576 0.297450
v 0.445155 0.883792 -0.287891
v 0.414481 0.867136 -0.286971
v 0.393204 0.853519 -0.282611
v 0.488789 0.899792 -0.288494
v 0.488572 0.896600 0.296910
v 0.291488 0.817576 0.051361
v 0.291832 0.817704 0.088601
v 0.295194 0.819062 0.121947
v 0.290799 0.817322 -0.023119
v 0.291143 0.817449 0.014122
v 0.290111 0.817067 -0.097599
v 0.290455 0.817194 -0.060358
v 0.292668 0.817940 -0.166327
v 0.289767 0.816941 -0.134838
v 0.778735 0.952999 -0.099528
v 0.778392 0.952871 -0.136773
v 0.770731 0.952107 -0.168605
v 0.779410 0.953142 -0.025043
v 0.779079 0.953127 -0.062287
v 0.779939 0.952141 0.049477
v 0.779712 0.952936 0.012207
v 0.772474 0.947114 0.120165
v 0.780045 0.950389 0.086776
v 0.748437 0.950069 -0.189604
v 0.718857 0.947349 -0.206484
v 0.749671 0.941747 0.145699
v 0.659728 0.941458 -0.243542
v 0.629892 0.937924 -0.254770
v 0.689335 0.944540 -0.225954
v 0.304591 0.822880 0.147505
v 0.317006 0.827927 0.169170
v 0.366618 0.847741 0.255837
v 0.378891 0.851660 0.277537
v 0.341837 0.838021 0.212498
v 0.354251 0.843070 0.234162
v 0.329421 0.832974 0.190833
v 0.314694 0.825581 -0.200545
v 0.302058 0.821197 -0.186312
v 0.377762 0.846634 -0.271686
v 0.365208 0.842901 -0.257473
v 0.352600 0.838733 -0.243247
v 0.339965 0.834349 -0.229012
v 0.327329 0.829966 -0.214779
v 0.599799 0.868608 -0.264072
v 0.569422 0.860656 -0.275879
v 0.534005 0.849726 -0.285562
v 0.659992 0.870829 0.210127
v 0.689701 0.871628 0.188697
v 0.719468 0.872892 0.167253
v 0.599668 0.862063 0.253213
v 0.629967 0.867526 0.231635
v 0.533675 0.845109 0.291196
v 0.569139 0.854787 0.274849
v 0.394000 0.793564 0.293578
v 0.414883 0.804664 0.298277
v 0.445188 0.818418 0.297449
v 0.445155 0.819634 -0.287891
v 0.414481 0.802978 -0.286971
v 0.393204 0.789361 -0.282611
v 0.488789 0.835634 -0.288494
v 0.488572 0.832442 0.296910
v 0.291488 0.753419 0.051361
v 0.291832 0.753546 0.088601
v 0.295194 0.754904 0.121947
v 0.290799 0.753164 -0.023119
v 0.291143 0.753291 0.014122
v 0.290111 0.752909 -0.097599
v 0.290455 0.753037 -0.060358
v 0.292668 0.753783 -0.166327
v 0.289767 0.752783 -0.134838
v 0.778735 0.888841 -0.099528
v 0.778392 0.888714 -0.136773
v 0.770731 0.887949 -0.168605
v 0.779410 0.888984 -0.025043
v 0.779079 0.888969 -0.062287
v 0.779939 0.887984 0.049477
v 0.779712 0.888778 0.012207
v 0.772474 0.882956 0.120165
v 0.780045 0.886231 0.086776
v 0.748437 0.885911 -0.189604
v 0.718857 0.883191 -0.206484
v 0.749671 0.877589 0.145699
v 0.659728 0.877300 -0.243542
v 0.629892 0.873766 -0.254770
v 0.689335 0.880382 -0.225954
v 0.304591 0.758722 0.147505
v 0.317006 0.763769 0.169170
v 0.366618 0.783583 0.255837
v 0.378891 0.787502 0.277537
v 0.341837 0.773864 0.212498
v 0.354251 0.778912 0.234162
v 0.329421 0.768816 0.190833
v 0.314694 0.761423 -0.200545
v 0.302058 0.757039 -0.186312
v 0.377762 0.782476 -0.271686
v 0.365208 0.778743 -0.257473
v 0.352600 0.774575 -0.243247
v 0.339965 0.770192 -0.229012
v 0.327329 0.765808 -0.214779
v 0.599799 0.795276 -0.264072
v 0.569422 0.787323 -0.275879
v 0.534005 0.776393 -0.285562
v 0.659992 0.797496 0.210127
v 0.689701 0.798296 0.188697
v 0.719468 0.799560 0.167253
v 0.599668 0.788731 0.253213
v 0.629967 0.794193 0.231635
v 0.533675 0.771776 0.291196
v 0.569139 0.781454 0.274849
v 0.394000 0.720231 0.293578
v 0.414883 0.731331 0.298277
v 0.445188 0.745086 0.297449
v 0.445155 0.746301 -0.287891
v 0.414481 0.729646 -0.286971
v 0.393204 0.716028 -0.282611
v 0.488789 0.762302 -0.288494
v 0.488572 0.759110 0.296910
v 0.291488 0.680086 0.051361
v 0.291832 0.680214 0.088601
v 0.295194 0.681571 0.121947
v 0.290799 0.679832 -0.023119
v 0.291143 0.679959 0.014122
v 0.290111 0.679577 -0.097599
v 0.290455 0.679704 -0.060358
v 0.292668 0.680450 -0.166327
v 0.289767 0.679450 -0.134838
v 0.778735 0.815509 -0.099528
v 0.778392 0.815381 -0.136773
v 0.770731 0.814617 -0.168605
v 0.779410 0.815652 -0.025043
v 0.779079 0.815637 -0.062287
v 0.779939 0.814651 0.049477
v 0.779712 0.815446 0.012207
v 0.772474 0.809623 0.120165
v 0.780045 0.812899 0.086776
v 0.748437 0.812578 -0.189604
v 0.718857 0.809859 -0.206484
v 0.749671 0.804257 0.145699
v 0.659728 0.803968 -0.243542
v 0.629892 0.800434 -0.254770
v 0.689335 0.807050 -0.225954
v 0.304591 0.685390 0.147505
v 0.317006 0.690437 0.169170
v 0.366618 0.710251 0.255837
v 0.378891 0.714170 0.277537
v 0.341837 0.700531 0.212498
v 0.354251 0.705580 0.234162
v 0.329421 0.695484 0.190833
v 0.314694 0.688091 -0.200545
v 0.302058 0.683707 -0.186312
v 0.377762 0.709144 -0.271686
v 0.365208 0.705411 -0.257473
v 0.352600 0.701243 -0.243247
v 0.339965 0.696859 -0.229012
v 0.327329 0.692475 -0.214779
v 0.599799 0.721632 -0.264072
v 0.569422 0.713680 -0.275879
v 0.534005 0.702750 -0.285562
v 0.659992 0.723853 0.210127
v 0.689701 0.724653 0.188697
v 0.719468 0.725917 0.167253
v 0.599668 0.715088 0.253213
v 0.629967 0.720550 0.231635
v 0.533675 0.698133 0.291196
v 0.569139 0.707811 0.274849
v 0.394000 0.646588 0.293578
v 0.414883 0.657688 0.298277
v 0.445188 0.671442 0.297449
v 0.445155 0.672658 -0.287891
v 0.414481 0.656003 -0.286971
v 0.393204 0.642385 -0.282611
v 0.488789 0.688659 -0.288494
v 0.488572 0.685467 0.296910
v 0.291488 0.606443 0.051361
v 0.291832 0.606570 0.088601
v 0.295194 0.607928 0.121947
v 0.290799 0.606188 -0.023119
v 0.291143 0.606316 0.014122
v 0.290111 0.605934 -0.097599
v 0.290455 0.606061 -0.060358
v 0.292668 0.606807 -0.166327
v 0.289767 0.605807 -0.134838
v 0.778735 0.741866 -0.099528
v 0.778392 0.741738 -0.136773
v 0.770731 0.740973 -0.168605
v 0.779410 0.742008 -0.025043
v 0.779079 0.741993 -0.062287
v 0.779939 0.741008 0.049477
v 0.779712 0.741803 0.012207
v 0.772474 0.735980 0.120165
v 0.780045 0.739255 0.086776
v 0.748437 0.738935 -0.189604
v 0.718857 0.736216 -0.206484
v 0.749671 0.730614 0.145699
v 0.659728 0.730325 -0.243542
v 0.629892 0.726791 -0.254770
v 0.689335 0.733406 -0.225954
v 0.304591 0.611746 0.147505
v 0.317006 0.616793 0.169170
v 0.366618 0.636608 0.255837
v 0.378891 0.640526 0.277537
v 0.341837 0.626888 0.212498
v 0.354251 0.631936 0.234162
v 0.329421 0.621841 0.190833
v 0.314694 0.614447 -0.200545
v 0.302058 0.610064 -0.186312
v 0.377762 0.635501 -0.271686
v 0.365208 0.631767 -0.257473
v 0.352600 0.627600 -0.243247
v 0.339965 0.623216 -0.229012
v 0.327329 0.618832 -0.214779
v 0.599799 0.651369 -0.264072
v 0.569422 0.643417 -0.275879
v 0.534005 0.632487 -0.285562
v 0.659992 0.653590 0.210127
v 0.689701 0.654390 0.188697
v 0.719468 0.655654 0.167253
v 0.599668 0.644825 0.253213
v 0.629967 0.650287 0.231635
v 0.533675 0.627870 0.291196
v 0.569139 0.637548 0.274849
v 0.394000 0.576325 0.293578
v 0.414883 0.587425 0.298277
v 0.445188 0.601179 0.297449
v 0.445155 0.602395 -0.287891
v 0.414481 0.585739 -0.286971
v 0.393204 0.572122 -0.282611
v 0.488789 0.618396 -0.288494
v 0.488572 0.615203 0.296910
v 0.291488 0.536180 0.051361
v 0.291832 0.536307 0.088601
v 0.295194 0.537665 0.121947
v 0.290799 0.535925 -0.023119
v 0.291143 0.536053 0.014122
v 0.290111 0.535670 -0.097599
v 0.290455 0.535798 -0.060358
v 0.292668 0.536544 -0.166327
v 0.289767 0.535544 -0.134838
v 0.778735 0.671603 -0.099528
v 0.778392 0.671475 -0.136773
v 0.770731 0.670710 -0.168605
v 0.779410 0.671745 -0.025043
v 0.779079 0.671730 -0.062287
v 0.779939 0.670745 0.049477
v 0.779712 0.671539 0.012207
v 0.772474 0.665717 0.120165
v 0.780045 0.668992 0.086776
v 0.748437 0.668672 -0.189604
v 0.718857 0.665952 -0.206484
v 0.749671 0.660350 0.145699
v 0.659728 0.660061 -0.243542
v 0.629892 0.656528 -0.254770
v 0.689335 0.663143 -0.225954
v 0.304591 0.541483 0.147505
v 0.317006 0.546530 0.169170
v 0.366618 0.566344 0.255837
v 0.378891 0.570263 0.277537
v 0.341837 0.556625 0.212498
v 0.354251 0.561673 0.234162
v 0.329421 0.551578 0.190833
v 0.314694 0.544184 -0.200545
v 0.302058 0.539800 -0.186312
v 0.377762 0.565237 -0.271686
v 0.365208 0.561504 -0.257473
v 0.352600 0.557337 -0.243247
v 0.339965 0.552953 -0.229012
v 0.327329 0.548569 -0.214779
v 0.599799 0.591546 -0.264072
v 0.569422 0.583593 -0.275879
v 0.534005 0.572663 -0.285562
v 0.659992 0.593766 0.210127
v 0.689701 0.594566 0.188697
v 0.719468 0.595830 0.167253
v 0.599668 0.585001 0.253213
v 0.629967 0.590463 0.231635
v 0.533675 0.568046 0.291196
v 0.569139 0.577724 0.274849
v 0.394000 0.516501 0.293578
v 0.414883 0.527601 0.298277
v 0.445188 0.541356 0.297449
v 0.445155 0.542571 -0.287891
v 0.414481 0.525916 -0.286971
v 0.393204 0.512298 -0.282611
v 0.488789 0.558572 -0.288494
v 0.488572 0.555380 0.296910
v 0.291488 0.476356 0.051361
v 0.291832 0.476484 0.088601
v 0.295194 0.477841 0.121947
v 0.290799 0.476102 -0.023119
v 0.291143 0.476229 0.014122
v 0.290111 0.475847 -0.097599
v 0.290455 0.475974 -0.060358
v 0.292668 0.476720 -0.166327
v 0.289767 0.475720 -0.134838
v 0.778735 0.611779 -0.099528
v 0.778392 0.611651 -0.136773
v 0.770731 0.610887 -0.168605
v 0.779410 0.611922 -0.025043
v 0.779079 0.611907 -0.062287
v 0.779939 0.610921 0.049477
v 0.779712 0.611716 0.012207
v 0.772474 0.605893 0.120165
v 0.780045 0.609168 0.086776
v 0.748437 0.608848 -0.189604
v 0.718857 0.606129 -0.206484
v 0.749671 0.600527 0.145699
v 0.659728 0.600238 -0.243542
v 0.629892 0.596704 -0.254770
v 0.689335 0.603320 -0.225954
v 0.304591 0.481659 0.147505
v 0.317006 0.486707 0.169170
v 0.366618 0.506521 0.255837
v 0.378891 0.510440 0.277537
v 0.341837 0.496801 0.212498
v 0.354251 0.501850 0.234162
v 0.329421 0.491754 0.190833
v 0.314694 0.484361 -0.200545
v 0.302058 0.479977 -0.186312
v 0.377762 0.505414 -0.271686
v 0.365208 0.501681 -0.257473
v 0.352600 0.497513 -0.243247
v 0.339965 0.493129 -0.229012
v 0.327329 0.488745 -0.214779
v 0.599799 0.530472 -0.264072
v 0.569422 0.522519 -0.275879
v 0.534005 0.511589 -0.285562
v 0.659992 0.532692 0.210127
v 0.689701 0.533492 0.188697
v 0.719468 0.534756 0.167253
v 0.599668 0.523927 0.253213
v 0.629967 0.529390 0.231635
v 0.533675 0.506973 0.291196
v 0.569139 0.516651 0.274849
v 0.394000 0.455428 0.293578
v 0.414883 0.466527 0.298277
v 0.445188 0.480282 0.297449
v 0.445155 0.481498 -0.287891
v 0.414481 0.464842 -0.286971
v 0.393204 0.451225 -0.282611
v 0.488789 0.497498 -0.288494
v 0.488572 0.494306 0.296910
v 0.291488 0.415282 0.051361
v 0.291832 0.415410 0.088601
v 0.295194 0.416768 0.121947
v 0.290799 0.415028 -0.023119
v 0.291143 0.415155 0.014122
v 0.290111 0.414773 -0.097599
v 0.290455 0.414900 -0.060358
v 0.292668 0.415646 -0.166327
v 0.289767 0.414647 -0.134838
v 0.778735 0.550705 -0.099528
v 0.778392 0.550578 -0.136773
v 0.770731 0.549813 -0.168605
v 0.779410 0.550848 -0.025043
v 0.779079 0.550833 -0.062287
v 0.779939 0.549847 0.049477
v 0.779712 0.550642 0.012207
v 0.772474 0.544820 0.120165
v 0.780045 0.548095 0.086776
v 0.748437 0.547775 -0.189604
v 0.718857 0.545055 -0.206484
v 0.749671 0.539453 0.145699
v 0.659728 0.539164 -0.243542
v 0.629892 0.535630 -0.254770
v 0.689335 0.542246 -0.225954
v 0.304591 0.420586 0.147505
v 0.317006 0.425633 0.169170
v 0.366618 0.445447 0.255837
v 0.378891 0.449366 0.277537
v 0.341837 0.435727 0.212498
v 0.354251 0.440776 0.234162
v 0.329421 0.430680 0.190833
v 0.314694 0.423287 -0.200545
v 0.302058 0.418903 -0.186312
v 0.377762 0.444340 -0.271686
v 0.365208 0.440607 -0.257473
v 0.352600 0.436439 -0.243247
v 0.339965 0.432055 -0.229012
v 0.327329 0.427672 -0.214779
v 0.599799 0.467767 -0.264072
v 0.569422 0.459814 -0.275879
v 0.534005 0.448884 -0.285562
v 0.659992 0.469987 0.210127
v 0.689701 0.470787 0.188697
v 0.719468 0.472051 0.167253
v 0.599668 0.461222 0.253213
v 0.629967 0.466684 0.231635
v 0.533675 0.444267 0.291196
v 0.569139 0.453945 0.274849
v 0.394000 0.392722 0.293578
v 0.414883 0.403822 0.298277
v 0.445188 0.417577 0.297449
v 0.445155 0.418792 -0.287891
v 0.414481 0.402137 -0.286971
v 0.393204 0.388519 -0.282611
v 0.488789 0.434793 -0.288494
v 0.488572 0.431601 0.296910
v 0.291488 0.352577 0.051361
v 0.291832 0.352705 0.088601
v 0.295194 0.354062 0.121947
v 0.290799 0.352323 -0.023119
v 0.291143 0.352450 0.014122
v 0.290111 0.352068 -0.097599
v 0.290455 0.352195 -0.060358
v 0.292668 0.352941 -0.166327
v 0.289767 0.351941 -0.134838
v 0.778735 0.488000 -0.099528
v 0.778392 0.487872 -0.136773
v 0.770731 0.487108 -0.168605
v 0.779410 0.488143 -0.025043
v 0.779079 0.488127 -0.062287
v 0.779939 0.487142 0.049477
v 0.779712 0.487937 0.012207
v 0.772474 0.482114 0.120165
v 0.780045 0.485389 0.086776
v 0.748437 0.485069 -0.189604
v 0.718857 0.482350 -0.206484
v 0.749671 0.476748 0.145699
v 0.659728 0.476459 -0.243542
v 0.629892 0.472925 -0.254770
v 0.689335 0.479540 -0.225954
v 0.304591 0.357880 0.147505
v 0.317006 0.362928 0.169170
v 0.366618 0.382742 0.255837
v 0.378891 0.386661 0.277537
v 0.341837 0.373022 0.212498
v 0.354251 0.378070 0.234162
v 0.329421 0.367975 0.190833
v 0.314694 0.360582 -0.200545
v 0.302058 0.356198 -0.186312
v 0.377762 0.381635 -0.271686
v 0.365208 0.377901 -0.257473
v 0.352600 0.373734 -0.243247
v 0.339965 0.369350 -0.229012
v 0.327329 0.364966 -0.214779
v 0.603920 0.365195 -0.265781
v 0.572595 0.361580 -0.277231
v 0.535854 0.355858 -0.286447
v 0.667497 0.373362 0.207911
v 0.696813 0.368953 0.186378
v 0.726256 0.364992 0.164816
v 0.606884 0.375248 0.251439
v 0.637490 0.375350 0.229604
v 0.539384 0.369743 0.290152
v 0.575776 0.373391 0.273392
v 0.393525 0.340133 0.294633
v 0.415887 0.348073 0.298905
v 0.447922 0.357027 0.297538
v 0.443449 0.339564 -0.287526
v 0.410610 0.327803 -0.285971
v 0.387548 0.317724 -0.281104
v 0.489001 0.348718 -0.288783
v 0.492927 0.364269 0.296411
v 0.284195 0.308333 0.054164
v 0.284849 0.309594 0.091379
v 0.288641 0.311488 0.124653
v 0.282887 0.305811 -0.020265
v 0.283541 0.307072 0.016950
v 0.281580 0.303288 -0.094694
v 0.282234 0.304549 -0.057479
v 0.283697 0.301570 -0.163421
v 0.280927 0.302028 -0.131908
v 0.785148 0.363229 -0.102518
v 0.784495 0.361968 -0.139738
v 0.776555 0.361362 -0.171505
v 0.786425 0.365643 -0.028080
v 0.785802 0.364491 -0.065302
v 0.787385 0.366951 0.046431
v 0.786987 0.366582 0.009156
v 0.779801 0.365374 0.117267
v 0.787518 0.366394 0.083767
v 0.754045 0.362067 -0.192360
v 0.724263 0.363339 -0.209054
v 0.756651 0.364353 0.143031
v 0.664634 0.365326 -0.245724
v 0.634519 0.366013 -0.256743
v 0.694504 0.364431 -0.228334
v 0.298711 0.314646 0.150044
v 0.311919 0.318436 0.171495
v 0.364648 0.333232 0.257321
v 0.377544 0.335930 0.278844
v 0.338336 0.326015 0.214396
v 0.351544 0.329806 0.235847
v 0.325127 0.322226 0.192945
v 0.306356 0.304678 -0.197936
v 0.293315 0.302722 -0.183530
v 0.371326 0.313619 -0.269915
v 0.358464 0.312293 -0.255550
v 0.345482 0.310546 -0.241158
v 0.332440 0.308591 -0.226750
v 0.319398 0.306635 -0.212343
v -0.529393 1.951363 -0.264946
v -0.558846 1.962693 -0.253563
v -0.495370 1.936380 -0.274196
v -0.659802 1.962693 0.196880
v -0.631013 1.957490 0.218938
v -0.688592 1.968364 0.174822
v -0.602223 1.949763 0.240995
v -0.573434 1.939858 0.263053
v -0.544644 1.928123 0.285111
v -0.511119 1.913554 0.301914
v -0.382624 1.875051 -0.274511
v -0.410942 1.895450 -0.275549
v -0.363338 1.858737 -0.270144
v -0.452205 1.916818 -0.276588
v -0.468120 1.895146 0.308207
v -0.274590 1.800779 0.027399
v -0.273264 1.801785 -0.009806
v -0.271937 1.802791 -0.047010
v -0.270611 1.803797 -0.084215
v -0.269285 1.804804 -0.121419
v -0.271191 1.807154 -0.152912
v -0.736887 2.001054 -0.129732
v -0.738213 2.000048 -0.092522
v -0.728529 2.000338 -0.161389
v -0.739540 1.999042 -0.055316
v -0.740866 1.997923 -0.018111
v -0.742192 1.996581 0.019093
v -0.743518 1.994645 0.056298
v -0.744844 1.991743 0.093502
v -0.738642 1.986490 0.126920
v -0.706108 1.996178 -0.181934
v -0.676656 1.990297 -0.198222
v -0.717381 1.977497 0.152764
v -0.588298 1.971296 -0.244774
v -0.617751 1.978195 -0.234110
v -0.647203 1.984416 -0.217103
v -0.279561 1.812194 -0.172980
v -0.291163 1.818578 -0.187336
v -0.349175 1.849625 -0.259117
v -0.337573 1.843897 -0.244761
v -0.325970 1.837731 -0.230405
v -0.314368 1.831347 -0.216048
v -0.302766 1.824963 -0.201692
v -0.398538 1.802581 0.310283
v -0.379087 1.789099 0.305677
v -0.426857 1.820054 0.309245
v -0.468120 1.839429 0.308207
v -0.277242 1.743050 0.101808
v -0.275916 1.744056 0.064603
v -0.281303 1.743766 0.135096
v -0.274590 1.745062 0.027399
v -0.290834 1.747926 0.160551
v -0.303099 1.753807 0.182090
v -0.364426 1.781696 0.289783
v -0.352161 1.776953 0.268244
v -0.339895 1.771451 0.246706
v -0.327630 1.765569 0.225167
v -0.315364 1.759688 0.203628
v -0.529393 1.895646 -0.264946
v -0.558846 1.906976 -0.253563
v -0.495370 1.880663 -0.274196
v -0.659802 1.906976 0.196880
v -0.631013 1.901773 0.218938
v -0.688592 1.912647 0.174822
v -0.602223 1.894046 0.240995
v -0.573434 1.884141 0.263053
v -0.544644 1.872406 0.285111
v -0.511119 1.857837 0.301914
v -0.382624 1.819334 -0.274511
v -0.410942 1.839733 -0.275549
v -0.363338 1.803020 -0.270144
v -0.452205 1.861101 -0.276588
v -0.468120 1.839429 0.308207
v -0.274590 1.745062 0.027399
v -0.273264 1.746068 -0.009806
v -0.271937 1.747074 -0.047010
v -0.270611 1.748080 -0.084215
v -0.269285 1.749087 -0.121419
v -0.271191 1.751437 -0.152912
v -0.736887 1.945337 -0.129732
v -0.738213 1.944331 -0.092522
v -0.728529 1.944621 -0.161389
v -0.739540 1.943325 -0.055316
v -0.740866 1.942206 -0.018111
v -0.742192 1.940864 0.019093
v -0.743518 1.938928 0.056298
v -0.744844 1.936026 0.093502
v -0.738642 1.930773 0.126920
v -0.706108 1.940461 -0.181934
v -0.676656 1.934580 -0.198222
v -0.717381 1.921780 0.152764
v -0.588298 1.915579 -0.244774
v -0.617751 1.922478 -0.234110
v -0.647203 1.928699 -0.217103
v -0.279561 1.756477 -0.172980
v -0.291163 1.762861 -0.187336
v -0.349175 1.793908 -0.259117
v -0.337573 1.788180 -0.244761
v -0.325970 1.782014 -0.230405
v -0.314368 1.775630 -0.216048
v -0.302766 1.769246 -0.201692
v -0.398538 1.736092 0.310283
v -0.379087 1.722610 0.305677
v -0.426857 1.753565 0.309245
v -0.468120 1.772940 0.308207
v -0.277242 1.676561 0.101808
v -0.275916 1.677567 0.064603
v -0.281303 1.677277 0.135096
v -0.274590 1.678573 0.027399
v -0.290834 1.681437 0.160551
v -0.303099 1.687318 0.182090
v -0.364426 1.715207 0.289783
v -0.352161 1.710464 0.268244
v -0.339895 1.704962 0.246706
v -0.327630 1.699080 0.225167
v -0.315364 1.693199 0.203628
v -0.529393 1.829157 -0.264946
v -0.558846 1.840487 -0.253563
v -0.495370 1.814174 -0.274196
v -0.659802 1.840487 0.196880
v -0.631013 1.835284 0.218938
v -0.688592 1.846158 0.174822
v -0.602223 1.827557 0.240995
v -0.573434 1.817652 0.263053
v -0.544644 1.805917 0.285111
v -0.511119 1.791348 0.301914
v -0.382624 1.752845 -0.274511
v -0.410942 1.773244 -0.275549
v -0.363338 1.736531 -0.270144
v -0.452205 1.794612 -0.276588
v -0.468120 1.772940 0.308207
v -0.274590 1.678573 0.027399
v -0.273264 1.679579 -0.009806
v -0.271937 1.680585 -0.047010
v -0.270611 1.681591 -0.084215
v -0.269285 1.682598 -0.121419
v -0.271191 1.684948 -0.152912
v -0.736887 1.878848 -0.129732
v -0.738213 1.877842 -0.092522
v -0.728529 1.878132 -0.161389
v -0.739540 1.876836 -0.055316
v -0.740866 1.875717 -0.018111
v -0.742192 1.874375 0.019093
v -0.743518 1.872439 0.056298
v -0.744844 1.869537 0.093502
v -0.738642 1.864284 0.126920
v -0.706108 1.873972 -0.181934
v -0.676656 1.868091 -0.198222
v -0.717381 1.855291 0.152764
v -0.588298 1.849090 -0.244774
v -0.617751 1.855989 -0.234110
v -0.647203 1.862210 -0.217103
v -0.279561 1.689988 -0.172980
v -0.291163 1.696372 -0.187336
v -0.349175 1.727419 -0.259117
v -0.337573 1.721691 -0.244761
v -0.325970 1.715525 -0.230405
v -0.314368 1.709141 -0.216048
v -0.302766 1.702757 -0.201692
v -0.398538 1.681830 0.310283
v -0.379087 1.668348 0.305677
v -0.426857 1.699303 0.309245
v -0.468120 1.718678 0.308207
v -0.277242 1.622299 0.101808
v -0.275916 1.623305 0.064603
v -0.281303 1.623015 0.135096
v -0.274590 1.624311 0.027399
v -0.290834 1.627175 0.160551
v -0.303099 1.633056 0.182090
v -0.364426 1.660945 0.289783
v -0.352161 1.656202 0.268244
v -0.339895 1.650700 0.246706
v -0.327630 1.644818 0.225167
v -0.315364 1.638937 0.203628
v -0.529393 1.774895 -0.264946
v -0.558846 1.786225 -0.253563
v -0.495370 1.759912 -0.274196
v -0.659802 1.786225 0.196880
v -0.631013 1.781022 0.218938
v -0.688592 1.791896 0.174822
v -0.602223 1.773295 0.240995
v -0.573434 1.763390 0.263053
v -0.544644 1.751655 0.285111
v -0.511119 1.737086 0.301914
v -0.382624 1.698583 -0.274511
v -0.410942 1.718982 -0.275549
v -0.363338 1.682269 -0.270144
v -0.452205 1.740350 -0.276588
v -0.468120 1.718678 0.308207
v -0.274590 1.624311 0.027399
v -0.273264 1.625317 -0.009806
v -0.271937 1.626323 -0.047010
v -0.270611 1.627329 -0.084215
v -0.269285 1.628336 -0.121419
v -0.271191 1.630686 -0.152912
v -0.736887 1.824586 -0.129732
v -0.738213 1.823580 -0.092522
v -0.728529 1.823870 -0.161389
v -0.739540 1.822574 -0.055316
v -0.740866 1.821455 -0.018111
v -0.742192 1.820113 0.019093
v -0.743518 1.818177 0.056298
v -0.744844 1.815275 0.093502
v -0.738642 1.810022 0.126920
v -0.706108 1.819710 -0.181934
v -0.676656 1.813829 -0.198222
v -0.717381 1.801029 0.152764
v -0.588298 1.794828 -0.244774
v -0.617751 1.801727 -0.234110
v -0.647203 1.807948 -0.217103
v -0.279561 1.635726 -0.172980
v -0.291163 1.642110 -0.187336
v -0.349175 1.673157 -0.259117
v -0.337573 1.667429 -0.244761
v -0.325970 1.661263 -0.230405
v -0.314368 1.654879 -0.216048
v -0.302766 1.648495 -0.201692
v -0.398538 1.638509 0.310283
v -0.379087 1.625027 0.305677
v -0.426857 1.655982 0.309245
v -0.468120 1.675357 0.308207
v -0.277242 1.578978 0.101808
v -0.275916 1.579984 0.064603
v -0.281303 1.579694 0.135096
v -0.274590 1.580990 0.027399
v -0.290834 1.583854 0.160551
v -0.303099 1.589735 0.182090
v -0.364426 1.617624 0.289783
v -0.352161 1.612881 0.268244
v -0.339895 1.607379 0.246706
v -0.327630 1.601497 0.225167
v -0.315364 1.595616 0.203628
v -0.529393 1.731574 -0.264946
v -0.558846 1.742904 -0.253563
v -0.495370 1.716591 -0.274196
v -0.659802 1.742904 0.196880
v -0.631013 1.737701 0.218938
v -0.688592 1.748575 0.174822
v -0.602223 1.729974 0.240995
v -0.573434 1.720069 0.263053
v -0.544644 1.708334 0.285111
v -0.511119 1.693765 0.301914
v -0.382624 1.655262 -0.274511
v -0.410942 1.675661 -0.275549
v -0.363338 1.638948 -0.270144
v -0.452205 1.697029 -0.276588
v -0.468120 1.675357 0.308207
v -0.274590 1.580990 0.027399
v -0.273264 1.581996 -0.009806
v -0.271937 1.583002 -0.047010
v -0.270611 1.584008 -0.084215
v -0.269285 1.585015 -0.121419
v -0.271191 1.587365 -0.152912
v -0.736887 1.781265 -0.129732
v -0.738213 1.780259 -0.092522
v -0.728529 1.780549 -0.161389
v -0.739540 1.779253 -0.055316
v -0.740866 1.778134 -0.018111
v -0.742192 1.776792 0.019093
v -0.743518 1.774856 0.056298
v -0.744844 1.771954 0.093502
v -0.738642 1.766701 0.126920
v -0.706108 1.776389 -0.181934
v -0.676656 1.770508 -0.198222
v -0.717381 1.757708 0.152764
v -0.588298 1.751507 -0.244774
v -0.617751 1.758406 -0.234110
v -0.647203 1.764627 -0.217103
v -0.279561 1.592405 -0.172980
v -0.291163 1.598789 -0.187336
v -0.349175 1.629836 -0.259117
v -0.337573 1.624108 -0.244761
v -0.325970 1.617942 -0.230405
v -0.314368 1.611558 -0.216048
v -0.302766 1.605174 -0.201692
v -0.398538 1.592922 0.310283
v -0.379087 1.579440 0.305677
v -0.426857 1.610395 0.309245
v -0.468120 1.629770 0.308207
v -0.277242 1.533391 0.101808
v -0.275916 1.534397 0.064603
v -0.281303 1.534107 0.135096
v -0.274590 1.535403 0.027399
v -0.290834 1.538267 0.160551
v -0.303099 1.544148 0.182090
v -0.364426 1.572037 0.289783
v -0.352161 1.567294 0.268244
v -0.339895 1.561792 0.246706
v -0.327630 1.555910 0.225167
v -0.315364 1.550029 0.203628
v -0.529393 1.685987 -0.264946
v -0.558846 1.697317 -0.253563
v -0.495370 1.671004 -0.274196
v -0.659802 1.697317 0.196880
v -0.631013 1.692114 0.218938
v -0.688592 1.702988 0.174822
v -0.602223 1.684387 0.240995
v -0.573434 1.674482 0.263053
v -0.544644 1.662747 0.285111
v -0.511119 1.648178 0.301914
v -0.382624 1.609675 -0.274511
v -0.410942 1.630074 -0.275549
v -0.363338 1.593361 -0.270144
v -0.452205 1.651442 -0.276588
v -0.468120 1.629770 0.308207
v -0.274590 1.535403 0.027399
v -0.273264 1.536409 -0.009806
v -0.271937 1.537415 -0.047010
v -0.270611 1.538421 -0.084215
v -0.269285 1.539428 -0.121419
v -0.271191 1.541778 -0.152912
v -0.736887 1.735678 -0.129732
v -0.738213 1.734672 -0.092522
v -0.728529 1.734962 -0.161389
v -0.739540 1.733666 -0.055316
v -0.740866 1.732547 -0.018111
v -0.742192 1.731205 0.019093
v -0.743518 1.729269 0.056298
v -0.744844 1.726367 0.093502
v -0.738642 1.721114 0.126920
v -0.706108 1.730802 -0.181934
v -0.676656 1.724921 -0.198222
v -0.717381 1.712121 0.152764
v -0.588298 1.705920 -0.244774
v -0.617751 1.712819 -0.234110
v -0.647203 1.719040 -0.217103
v -0.279561 1.546818 -0.172980
v -0.291163 1.553202 -0.187336
v -0.349175 1.584249 -0.259117
v -0.337573 1.578521 -0.244761
v -0.325970 1.572355 -0.230405
v -0.314368 1.565971 -0.216048
v -0.302766 1.559587 -0.201692
v -0.398538 1.551881 0.310283
v -0.379087 1.538399 0.305677
v -0.426857 1.569354 0.309245
v -0.468120 1.588729 0.308207
v -0.277242 1.492350 0.101808
v -0.275916 1.493356 0.064603
v -0.281303 1.493066 0.135096
v -0.274590 1.494362 0.027399
v -0.290834 1.497226 0.160551
v -0.303099 1.503107 0.182090
v -0.364426 1.530996 0.289783
v -0.352161 1.526253 0.268244
v -0.339895 1.520751 0.246706
v -0.327630 1.514869 0.225167
v -0.315364 1.508988 0.203628
v -0.529393 1.644946 -0.264946
v -0.558846 1.656276 -0.253563
v -0.495370 1.629963 -0.274196
v -0.659802 1.656276 0.196880
v -0.631013 1.651073 0.218938
v -0.688592 1.661947 0.174822
v -0.602223 1.643346 0.240995
v -0.573434 1.633441 0.263053
v -0.544644 1.621706 0.285111
v -0.511119 1.607137 0.301914
v -0.382624 1.568634 -0.274511
v -0.410942 1.589033 -0.275549
v -0.363338 1.552320 -0.270144
v -0.452205 1.610401 -0.276588
v -0.468120 1.588729 0.308207
v -0.274590 1.494362 0.027399
v -0.273264 1.495368 -0.009806
v -0.271937 1.496374 -0.047010
v -0.270611 1.497380 -0.084215
v -0.269285 1.498387 -0.121419
v -0.271191 1.500737 -0.152912
v -0.736887 1.694637 -0.129732
v -0.738213 1.693631 -0.092522
v -0.728529 1.693921 -0.161389
v -0.739540 1.692625 -0.055316
v -0.740866 1.691506 -0.018111
v -0.742192 1.690164 0.019093
v -0.743518 1.688228 0.056298
v -0.744844 1.685326 0.093502
v -0.738642 1.680073 0.126920
v -0.706108 1.689761 -0.181934
v -0.676656 1.683880 -0.198222
v -0.717381 1.671080 0.152764
v -0.588298 1.664879 -0.244774
v -0.617751 1.671778 -0.234110
v -0.647203 1.677999 -0.217103
v -0.279561 1.505777 -0.172980
v -0.291163 1.512161 -0.187336
v -0.349175 1.543208 -0.259117
v -0.337573 1.537480 -0.244761
v -0.325970 1.531314 -0.230405
v -0.314368 1.524930 -0.216048
v -0.302766 1.518546 -0.201692
v -0.398538 1.515370 0.310283
v -0.379087 1.501888 0.305677
v -0.426857 1.532843 0.309245
v -0.468120 1.552218 0.308207
v -0.277242 1.455839 0.101808
v -0.275916 1.456845 0.064603
v -0.281303 1.456555 0.135096
v -0.274590 1.457851 0.027399
v -0.290834 1.460715 0.160551
v -0.303099 1.466596 0.182090
v -0.364426 1.494485 0.289783
v -0.352161 1.489742 0.268244
v -0.339895 1.484240 0.246706
v -0.327630 1.478358 0.225167
v -0.315364 1.472477 0.203628
v -0.529393 1.608435 -0.264946
v -0.558846 1.619765 -0.253563
v -0.495370 1.593452 -0.274196
v -0.659802 1.619765 0.196880
v -0.631013 1.614562 0.218938
v -0.688592 1.625436 0.174822
v -0.602223 1.606835 0.240995
v -0.573434 1.596930 0.263053
v -0.544644 1.585195 0.285111
v -0.511119 1.570626 0.301914
v -0.382624 1.532123 -0.274511
v -0.410942 1.552522 -0.275549
v -0.363338 1.515809 -0.270144
v -0.452205 1.573890 -0.276588
v -0.468120 1.552218 0.308207
v -0.274590 1.457851 0.027399
v -0.273264 1.458857 -0.009806
v -0.271937 1.459863 -0.047010
v -0.270611 1.460869 -0.084215
v -0.269285 1.461876 -0.121419
v -0.271191 1.464226 -0.152912
v -0.736887 1.658126 -0.129732
v -0.738213 1.657120 -0.092522
v -0.728529 1.657410 -0.161389
v -0.739540 1.656114 -0.055316
v -0.740866 1.654995 -0.018111
v -0.742192 1.653653 0.019093
v -0.743518 1.651717 0.056298
v -0.744844 1.648815 0.093502
v -0.738642 1.643562 0.126920
v -0.706108 1.653250 -0.181934
v -0.676656 1.647369 -0.198222
v -0.717381 1.634569 0.152764
v -0.588298 1.628368 -0.244774
v -0.617751 1.635267 -0.234110
v -0.647203 1.641488 -0.217103
v -0.279561 1.469266 -0.172980
v -0.291163 1.475650 -0.187336
v -0.349175 1.506697 -0.259117
v -0.337573 1.500969 -0.244761
v -0.325970 1.494803 -0.230405
v -0.314368 1.488419 -0.216048
v -0.302766 1.482035 -0.201692
v -0.398538 1.468312 0.310283
v -0.379087 1.454830 0.305677
v -0.426857 1.485785 0.309245
v -0.468120 1.505160 0.308207
v -0.277242 1.408781 0.101808
v -0.275916 1.409787 0.064603
v -0.281303 1.409497 0.135096
v -0.274590 1.410793 0.027399
v -0.290834 1.413657 0.160551
v -0.303099 1.419538 0.182090
v -0.364426 1.447427 0.289783
v -0.352161 1.442684 0.268244
v -0.339895 1.437182 0.246706
v -0.327630 1.431300 0.225167
v -0.315364 1.425419 0.203628
v -0.529393 1.561377 -0.264946
v -0.558846 1.572707 -0.253563
v -0.495370 1.546394 -0.274196
v -0.659802 1.572707 0.196880
v -0.631013 1.567504 0.218938
v -0.688592 1.578378 0.174822
v -0.602223 1.559777 0.240995
v -0.573434 1.549872 0.263053
v -0.544644 1.538137 0.285111
v -0.511119 1.523568 0.301914
v -0.382624 1.485065 -0.274511
v -0.410942 1.505464 -0.275549
v -0.363338 1.468751 -0.270144
v -0.452205 1.526832 -0.276588
v -0.468120 1.505160 0.308207
v -0.274590 1.410793 0.027399
v -0.273264 1.411799 -0.009806
v -0.271937 1.412805 -0.047010
v -0.270611 1.413811 -0.084215
v -0.269285 1.414818 -0.121419
v -0.271191 1.417168 -0.152912
v -0.736887 1.611068 -0.129732
v -0.738213 1.610062 -0.092522
v -0.728529 1.610352 -0.161389
v -0.739540 1.609056 -0.055316
v -0.740866 1.607937 -0.018111
v -0.742192 1.606595 0.019093
v -0.743518 1.604659 0.056298
v -0.744844 1.601757 0.093502
v -0.738642 1.596504 0.126920
v -0.706108 1.606192 -0.181934
v -0.676656 1.600311 -0.198222
v -0.717381 1.587511 0.152764
v -0.588298 1.581310 -0.244774
v -0.617751 1.588209 -0.234110
v -0.647203 1.594430 -0.217103
v -0.279561 1.422208 -0.172980
v -0.291163 1.428592 -0.187336
v -0.349175 1.459639 -0.259117
v -0.337573 1.453911 -0.244761
v -0.325970 1.447745 -0.230405
v -0.314368 1.441361 -0.216048
v -0.302766 1.434977 -0.201692
v -0.398538 1.416465 0.310283
v -0.379087 1.402983 0.305677
v -0.426857 1.433938 0.309245
v -0.468120 1.453313 0.308207
v -0.277242 1.356934 0.101808
v -0.275916 1.357940 0.064603
v -0.281303 1.357650 0.135096
v -0.274590 1.358946 0.027399
v -0.290834 1.361810 0.160551
v -0.303099 1.367691 0.182090
v -0.364426 1.395580 0.289783
v -0.352161 1.390837 0.268244
v -0.339895 1.385335 0.246706
v -0.327630 1.379453 0.225167
v -0.315364 1.373572 0.203628
v -0.529393 1.509530 -0.264946
v -0.558846 1.520860 -0.253563
v -0.495370 1.494547 -0.274196
v -0.659802 1.520860 0.196880
v -0.631013 1.515657 0.218938
v -0.688592 1.526531 0.174822
v -0.602223 1.507930 0.240995
v -0.573434 1.498025 0.263053
v -0.544644 1.486290 0.285111
v -0.511119 1.471721 0.301914
v -0.382624 1.433218 -0.274511
v -0.410942 1.453617 -0.275549
v -0.363338 1.416904 -0.270144
v -0.452205 1.474985 -0.276588
v -0.468120 1.453313 0.308207
v -0.274590 1.358946 0.027399
v -0.273264 1.359952 -0.009806
v -0.271937 1.360958 -0.047010
v -0.270611 1.361964 -0.084215
v -0.269285 1.362971 -0.121419
v -0.271191 1.365321 -0.152912
v -0.736887 1.559221 -0.129732
v -0.738213 1.558215 -0.092522
v -0.728529 1.558505 -0.161389
v -0.739540 1.557209 -0.055316
v -0.740866 1.556090 -0.018111
v -0.742192 1.554748 0.019093
v -0.743518 1.552812 0.056298
v -0.744844 1.549910 0.093502
v -0.738642 1.544657 0.126920
v -0.706108 1.554345 -0.181934
v -0.676656 1.548464 -0.198222
v -0.717381 1.535664 0.152764
v -0.588298 1.529463 -0.244774
v -0.617751 1.536362 -0.234110
v -0.647203 1.542583 -0.217103
v -0.279561 1.370361 -0.172980
v -0.291163 1.376745 -0.187336
v -0.349175 1.407792 -0.259117
v -0.337573 1.402064 -0.244761
v -0.325970 1.395898 -0.230405
v -0.314368 1.389514 -0.216048
v -0.302766 1.383130 -0.201692
v -0.393622 1.370966 0.309987
v -0.373068 1.359252 0.305337
v -0.423405 1.385813 0.309028
v -0.466250 1.401389 0.308151
v -0.268845 1.320935 0.101070
v -0.267861 1.321761 0.063850
v -0.272733 1.321546 0.134381
v -0.266878 1.322587 0.026631
v -0.282431 1.325034 0.159874
v -0.295033 1.329959 0.181459
v -0.357906 1.353072 0.289391
v -0.345406 1.349281 0.267798
v -0.332838 1.344734 0.246212
v -0.320237 1.339808 0.224627
v -0.307634 1.334883 0.203042
v -0.536130 1.447321 -0.264934
v -0.566407 1.456046 -0.253419
v -0.500959 1.435386 -0.274323
v -0.663967 1.450537 0.197738
v -0.634681 1.448120 0.219623
v -0.693296 1.453421 0.175851
v -0.605167 1.443188 0.241524
v -0.575457 1.436088 0.263443
v -0.545583 1.427165 0.285375
v -0.510772 1.415804 0.302038
v -0.383156 1.384445 -0.275015
v -0.413201 1.402206 -0.275995
v -0.362452 1.369967 -0.270670
v -0.456226 1.419767 -0.276888
v -0.466250 1.401389 0.308151
v -0.266878 1.322587 0.026631
v -0.265894 1.323413 -0.010589
v -0.264910 1.324239 -0.047808
v -0.263926 1.325066 -0.085028
v -0.262943 1.325893 -0.122247
v -0.265261 1.327812 -0.153741
v -0.746354 1.479219 -0.128572
v -0.747337 1.478393 -0.091347
v -0.738175 1.479006 -0.160284
v -0.748322 1.477566 -0.054126
v -0.749295 1.476628 -0.016906
v -0.750248 1.475467 0.020316
v -0.751148 1.473714 0.057543
v -0.751961 1.471000 0.094776
v -0.745090 1.466591 0.128185
v -0.715607 1.476717 -0.180961
v -0.685854 1.473380 -0.197421
v -0.722935 1.459752 0.153938
v -0.596455 1.462034 -0.244478
v -0.626338 1.466341 -0.233649
v -0.656117 1.470022 -0.216473
v -0.274184 1.331920 -0.173784
v -0.286408 1.337120 -0.188101
v -0.347453 1.362254 -0.259681
v -0.335288 1.357706 -0.245368
v -0.323082 1.352723 -0.231053
v -0.310858 1.347522 -0.216735
v -0.298634 1.342322 -0.202418
v -0.393622 1.324488 0.309987
v -0.373068 1.312774 0.305337
v -0.423405 1.339334 0.309028
v -0.466250 1.354911 0.308151
v -0.268845 1.274457 0.101070
v -0.267861 1.275283 0.063850
v -0.272733 1.275068 0.134381
v -0.266878 1.276109 0.026631
v -0.282431 1.278556 0.159874
v -0.295033 1.283481 0.181459
v -0.357906 1.306594 0.289391
v -0.345406 1.302802 0.267798
v -0.332838 1.298255 0.246212
v -0.320237 1.293330 0.224627
v -0.307634 1.288405 0.203042
v -0.536130 1.400842 -0.264934
v -0.566407 1.409567 -0.253419
v -0.500959 1.388907 -0.274323
v -0.663967 1.404059 0.197738
v -0.634681 1.401641 0.219623
v -0.693296 1.406942 0.175851
v -0.605167 1.396710 0.241524
v -0.575457 1.389610 0.263443
v -0.545583 1.380687 0.285375
v -0.510772 1.369326 0.302038
v -0.383156 1.337967 -0.275015
v -0.413201 1.355727 -0.275995
v -0.362452 1.323489 -0.270670
v -0.456226 1.373289 -0.276888
v -0.466250 1.354911 0.308151
v -0.266878 1.276109 0.026631
v -0.265894 1.276935 -0.010589
v -0.264910 1.277761 -0.047808
v -0.263926 1.278587 -0.085028
v -0.262943 1.279415 -0.122247
v -0.265261 1.281334 -0.153741
v -0.746354 1.432740 -0.128572
v -0.747337 1.431914 -0.091347
v -0.738175 1.432528 -0.160284
v -0.748322 1.431088 -0.054126
v -0.749295 1.430149 -0.016906
v -0.750248 1.428989 0.020316
v -0.751148 1.427236 0.057543
v -0.751961 1.424522 0.094776
v -0.745090 1.420113 0.128185
v -0.715607 1.430239 -0.180961
v -0.685854 1.426901 -0.197421
v -0.722935 1.413274 0.153938
v -0.596455 1.415556 -0.244478
v -0.626338 1.419862 -0.233649
v -0.656117 1.423544 -0.216473
v -0.274184 1.285441 -0.173784
v -0.286408 1.290642 -0.188101
v -0.347453 1.315775 -0.259681
v -0.335288 1.311228 -0.245368
v -0.323082 1.306245 -0.231053
v -0.310858 1.301044 -0.216735
v -0.298634 1.295843 -0.202418
v -0.393622 1.263441 0.309987
v -0.373068 1.251727 0.305337
v -0.423405 1.278287 0.309028
v -0.466250 1.293864 0.308151
v -0.268845 1.213410 0.101070
v -0.267861 1.214236 0.063850
v -0.272733 1.214021 0.134381
v -0.266878 1.215062 0.026631
v -0.282431 1.217509 0.159874
v -0.295033 1.222434 0.181459
v -0.357906 1.245547 0.289391
v -0.345406 1.241756 0.267798
v -0.332838 1.237208 0.246212
v -0.320237 1.232283 0.224627
v -0.307634 1.227358 0.203042
v -0.536130 1.339796 -0.264934
v -0.566407 1.348521 -0.253419
v -0.500959 1.327861 -0.274323
v -0.663967 1.343012 0.197738
v -0.634681 1.340595 0.219623
v -0.693296 1.345896 0.175851
v -0.605167 1.335663 0.241524
v -0.575457 1.328563 0.263443
v -0.545583 1.319640 0.285375
v -0.510772 1.308279 0.302038
v -0.383156 1.276920 -0.275015
v -0.413201 1.294681 -0.275995
v -0.362452 1.262442 -0.270670
v -0.456226 1.312242 -0.276888
v -0.466250 1.293864 0.308151
v -0.266878 1.215062 0.026631
v -0.265894 1.215888 -0.010589
v -0.264910 1.216714 -0.047808
v -0.263926 1.217541 -0.085028
v -0.262943 1.218368 -0.122247
v -0.265261 1.220287 -0.153741
v -0.746354 1.371693 -0.128572
v -0.747337 1.370867 -0.091347
v -0.738175 1.371481 -0.160284
v -0.748322 1.370041 -0.054126
v -0.749295 1.369103 -0.016906
v -0.750248 1.367942 0.020316
v -0.751148 1.366189 0.057543
v -0.751961 1.363475 0.094776
v -0.745090 1.359066 0.128185
v -0.715607 1.369192 -0.180961
v -0.685854 1.365855 -0.197421
v -0.722935 1.352227 0.153938
v -0.596455 1.354509 -0.244478
v -0.626338 1.358816 -0.233649
v -0.656117 1.362497 -0.216473
v -0.274184 1.224394 -0.173784
v -0.286408 1.229595 -0.188101
v -0.347453 1.254728 -0.259681
v -0.335288 1.250181 -0.245368
v -0.323082 1.245198 -0.231053
v -0.310858 1.239997 -0.216735
v -0.298634 1.234797 -0.202418
v -0.393622 1.203227 0.309987
v -0.373068 1.191513 0.305337
v -0.423405 1.218073 0.309028
v -0.466250 1.233650 0.308151
v -0.268845 1.153196 0.101070
v -0.267861 1.154022 0.063850
v -0.272733 1.153807 0.134381
v -0.266878 1.154848 0.026631
v -0.282431 1.157295 0.159874
v -0.295033 1.162220 0.181459
v -0.357906 1.185333 0.289391
v -0.345406 1.181542 0.267798
v -0.332838 1.176995 0.246212
v -0.320237 1.172069 0.224627
v -0.307634 1.167144 0.203042
v -0.536130 1.279582 -0.264934
v -0.566407 1.288307 -0.253419
v -0.500959 1.267647 -0.274323
v -0.663967 1.282798 0.197738
v -0.634681 1.280381 0.219623
v -0.693296 1.285682 0.175851
v -0.605167 1.275449 0.241524
v -0.575457 1.268349 0.263443
v -0.545583 1.259426 0.285375
v -0.510772 1.248065 0.302038
v -0.383156 1.216706 -0.275015
v -0.413201 1.234467 -0.275995
v -0.362452 1.202228 -0.270670
v -0.456226 1.252028 -0.276888
v -0.466250 1.233650 0.308151
v -0.266878 1.154848 0.026631
v -0.265894 1.155674 -0.010589
v -0.264910 1.156500 -0.047808
v -0.263926 1.157327 -0.085028
v -0.262943 1.158154 -0.122247
v -0.265261 1.160073 -0.153741
v -0.746354 1.311480 -0.128572
v -0.747337 1.310654 -0.091347
v -0.738175 1.311267 -0.160284
v -0.748322 1.309827 -0.054126
v -0.749295 1.308889 -0.016906
v -0.750248 1.307728 0.020316
v -0.751148 1.305975 0.057543
v -0.751961 1.303261 0.094776
v -0.745090 1.298852 0.128185
v -0.715607 1.308978 -0.180961
v -0.685854 1.305641 -0.197421
v -0.722935 1.292013 0.153938
v -0.596455 1.294295 -0.244478
v -0.626338 1.298602 -0.233649
v -0.656117 1.302283 -0.216473
v -0.274184 1.164181 -0.173784
v -0.286408 1.169381 -0.188101
v -0.347453 1.194515 -0.259681
v -0.335288 1.189967 -0.245368
v -0.323082 1.184984 -0.231053
v -0.310858 1.179783 -0.216735
v -0.298634 1.174583 -0.202418
v -0.393622 1.138841 0.309987
v -0.373068 1.127127 0.305337
v -0.423405 1.153688 0.309028
v -0.466250 1.169264 0.308151
v -0.268845 1.088810 0.101070
v -0.267861 1.089636 0.063850
v -0.272733 1.089422 0.134381
v -0.266878 1.090462 0.026631
v -0.282431 1.092909 0.159874
v -0.295033 1.097834 0.181459
v -0.357906 1.120947 0.289391
v -0.345406 1.117156 0.267798
v -0.332838 1.112609 0.246212
v -0.320237 1.107683 0.224627
v -0.307634 1.102759 0.203042
v -0.536130 1.215196 -0.264934
v -0.566407 1.223921 -0.253419
v -0.500959 1.203261 -0.274323
v -0.663967 1.218412 0.197738
v -0.634681 1.215995 0.219623
v -0.693296 1.221296 0.175851
v -0.605167 1.211064 0.241524
v -0.575457 1.203963 0.263443
v -0.545583 1.195041 0.285375
v -0.510772 1.183680 0.302038
v -0.383156 1.152320 -0.275015
v -0.413201 1.170081 -0.275995
v -0.362452 1.137842 -0.270670
v -0.456226 1.187642 -0.276888
v -0.466250 1.169264 0.308151
v -0.266878 1.090462 0.026631
v -0.265894 1.091288 -0.010589
v -0.264910 1.092115 -0.047808
v -0.263926 1.092941 -0.085028
v -0.262943 1.093768 -0.122247
v -0.265261 1.095687 -0.153741
v -0.746354 1.247094 -0.128572
v -0.747337 1.246268 -0.091347
v -0.738175 1.246881 -0.160284
v -0.748322 1.245442 -0.054126
v -0.749295 1.244503 -0.016906
v -0.750248 1.243342 0.020316
v -0.751148 1.241590 0.057543
v -0.751961 1.238875 0.094776
v -0.745090 1.234467 0.128185
v -0.715607 1.244592 -0.180961
v -0.685854 1.241255 -0.197421
v -0.722935 1.227627 0.153938
v -0.596455 1.229909 -0.244478
v -0.626338 1.234216 -0.233649
v -0.656117 1.237897 -0.216473
v -0.274184 1.099795 -0.173784
v -0.286408 1.104995 -0.188101
v -0.347453 1.130129 -0.259681
v -0.335288 1.125581 -0.245368
v -0.323082 1.120598 -0.231053
v -0.310858 1.115397 -0.216735
v -0.298634 1.110197 -0.202418
v -0.389937 1.071762 0.309686
v -0.368385 1.062027 0.304989
v -0.421001 1.083703 0.308810
v -0.465138 1.095129 0.308083
v -0.262025 1.032508 0.100363
v -0.261313 1.033189 0.063134
v -0.265785 1.032957 0.133691
v -0.260601 1.033871 0.025906
v -0.275642 1.035667 0.159218
v -0.288545 1.039507 0.180844
v -0.352785 1.057216 0.288993
v -0.340091 1.054494 0.267352
v -0.327257 1.051027 0.245722
v -0.314353 1.047186 0.224096
v -0.301449 1.043347 0.202470
v -0.541968 1.130599 -0.264855
v -0.572879 1.136478 -0.253220
v -0.505869 1.122003 -0.274373
v -0.667189 1.124558 0.198504
v -0.637695 1.125074 0.220237
v -0.696769 1.124502 0.176766
v -0.607735 1.123110 0.242000
v -0.577375 1.119005 0.263791
v -0.546677 1.113101 0.285606
v -0.510859 1.105207 0.302138
v -0.383759 1.082492 -0.275433
v -0.415362 1.097309 -0.276346
v -0.361750 1.070076 -0.271121
v -0.459866 1.110693 -0.277099
v -0.465138 1.095129 0.308083
v -0.260601 1.033871 0.025906
v -0.259888 1.034552 -0.011323
v -0.259175 1.035234 -0.048551
v -0.258463 1.035916 -0.085781
v -0.257751 1.036598 -0.123009
v -0.260401 1.038090 -0.154500
v -0.753580 1.143221 -0.127498
v -0.754292 1.142540 -0.090264
v -0.745579 1.143588 -0.159253
v -0.755005 1.141858 -0.053034
v -0.755697 1.141065 -0.015803
v -0.756347 1.140053 0.021429
v -0.756888 1.138458 0.058670
v -0.757250 1.135913 0.095922
v -0.749822 1.132388 0.129317
v -0.723000 1.143324 -0.180044
v -0.693148 1.142728 -0.196651
v -0.726987 1.127849 0.154984
v -0.603315 1.139638 -0.244145
v -0.633417 1.141152 -0.233173
v -0.663324 1.142093 -0.215851
v -0.269775 1.041204 -0.174516
v -0.282511 1.045129 -0.188793
v -0.346031 1.063893 -0.260172
v -0.333416 1.060613 -0.245903
v -0.320719 1.056903 -0.231628
v -0.307983 1.052978 -0.217349
v -0.295248 1.049054 -0.203071
v -0.389937 1.002920 0.309686
v -0.368385 0.993184 0.304989
v -0.421001 1.014861 0.308810
v -0.465138 1.026287 0.308083
v -0.262025 0.963665 0.100363
v -0.261313 0.964347 0.063134
v -0.265785 0.964114 0.133691
v -0.260601 0.965029 0.025906
v -0.275642 0.966824 0.159218
v -0.288545 0.970664 0.180844
v -0.352785 0.988373 0.288993
v -0.340091 0.985652 0.267352
v -0.327257 0.982185 0.245722
v -0.314353 0.978344 0.224096
v -0.301449 0.974504 0.202470
v -0.541968 1.061757 -0.264855
v -0.572879 1.067636 -0.253220
v -0.505869 1.053161 -0.274373
v -0.667189 1.055716 0.198504
v -0.637695 1.056232 0.220237
v -0.696769 1.055660 0.176766
v -0.607735 1.054267 0.242000
v -0.577375 1.050162 0.263791
v -0.546677 1.044259 0.285606
v -0.510859 1.036365 0.302138
v -0.383759 1.013650 -0.275433
v -0.415362 1.028466 -0.276347
v -0.361750 1.001233 -0.271121
v -0.459866 1.041851 -0.277099
v -0.465138 1.026287 0.308083
v -0.260601 0.965029 0.025906
v -0.259888 0.965710 -0.011323
v -0.259175 0.966392 -0.048551
v -0.258463 0.967073 -0.085781
v -0.257751 0.967756 -0.123009
v -0.260401 0.969248 -0.154500
v -0.753580 1.074379 -0.127498
v -0.754292 1.073697 -0.090264
v -0.745579 1.074745 -0.159253
v -0.755005 1.073015 -0.053034
v -0.755697 1.072223 -0.015803
v -0.756347 1.071211 0.021429
v -0.756888 1.069615 0.058670
v -0.757250 1.067070 0.095922
v -0.749822 1.063546 0.129317
v -0.723000 1.074482 -0.180044
v -0.693148 1.073885 -0.196651
v -0.726987 1.059006 0.154984
v -0.603315 1.070796 -0.244145
v -0.633417 1.072309 -0.233173
v -0.663324 1.073251 -0.215851
v -0.269775 0.972362 -0.174516
v -0.282511 0.976286 -0.188793
v -0.346031 0.995050 -0.260172
v -0.333416 0.991771 -0.245903
v -0.320719 0.988061 -0.231628
v -0.307983 0.984136 -0.217349
v -0.295248 0.980212 -0.203071
v -0.389937 0.940580 0.309686
v -0.368385 0.930845 0.304989
v -0.421001 0.952521 0.308810
v -0.465138 0.963947 0.308083
v -0.262025 0.901326 0.100363
v -0.261313 0.902007 0.063134
v -0.265785 0.901775 0.133691
v -0.260601 0.902689 0.025906
v -0.275642 0.904485 0.159218
v -0.288545 0.908325 0.180844
v -0.352785 0.926034 0.288993
v -0.340091 0.923312 0.267352
v -0.327257 0.919845 0.245722
v -0.314353 0.916004 0.224096
v -0.301449 0.912165 0.202470
v -0.541968 0.999417 -0.264855
v -0.572879 1.005296 -0.253220
v -0.505869 0.990821 -0.274373
v -0.667189 0.993376 0.198504
v -0.637695 0.993892 0.220237
v -0.696769 0.993320 0.176766
v -0.607735 0.991928 0.242000
v -0.577375 0.987823 0.263791
v -0.546677 0.981919 0.285606
v -0.510859 0.974025 0.302138
v -0.383759 0.951310 -0.275433
v -0.415362 0.966127 -0.276347
v -0.361750 0.938894 -0.271121
v -0.459866 0.979511 -0.277099
v -0.465138 0.963947 0.308083
v -0.260601 0.902689 0.025906
v -0.259888 0.903370 -0.011323
v -0.259175 0.904052 -0.048551
v -0.258463 0.904734 -0.085781
v -0.257751 0.905416 -0.123009
v -0.260401 0.906908 -0.154500
v -0.753580 1.012039 -0.127498
v -0.754292 1.011358 -0.090264
v -0.745579 1.012406 -0.159253
v -0.755005 1.010676 -0.053034
v -0.755697 1.009883 -0.015803
v -0.756347 1.008871 0.021429
v -0.756888 1.007276 0.058670
v -0.757250 1.004731 0.095922
v -0.749822 1.001206 0.129317
v -0.723000 1.012142 -0.180044
v -0.693148 1.011546 -0.196651
v -0.726987 0.996667 0.154984
v -0.603315 1.008456 -0.244145
v -0.633417 1.009970 -0.233173
v -0.663324 1.010911 -0.215851
v -0.269775 0.910022 -0.174516
v -0.282511 0.913947 -0.188793
v -0.346031 0.932711 -0.260172
v -0.333416 0.929431 -0.245903
v -0.320719 0.925721 -0.231628
v -0.307983 0.921796 -0.217349
v -0.295248 0.917872 -0.203071
v -0.389937 0.876351 0.309686
v -0.368385 0.866616 0.304989
v -0.421001 0.888292 0.308810
v -0.465138 0.899718 0.308083
v -0.262025 0.837097 0.100363
v -0.261313 0.837778 0.063134
v -0.265785 0.837546 0.133691
v -0.260601 0.838460 0.025906
v -0.275642 0.840256 0.159218
v -0.288545 0.844096 0.180844
v -0.352785 0.861805 0.288993
v -0.340091 0.859083 0.267352
v -0.327257 0.855616 0.245722
v -0.314353 0.851775 0.224096
v -0.301449 0.847936 0.202470
v -0.541968 0.935188 -0.264855
v -0.572879 0.941067 -0.253220
v -0.505869 0.926592 -0.274373
v -0.667189 0.929147 0.198504
v -0.637695 0.929663 0.220237
v -0.696769 0.929091 0.176766
v -0.607735 0.927699 0.242000
v -0.577375 0.923594 0.263791
v -0.546677 0.917690 0.285606
v -0.510859 0.909796 0.302138
v -0.383759 0.887081 -0.275433
v -0.415362 0.901898 -0.276347
v -0.361750 0.874665 -0.271122
v -0.459866 0.915282 -0.277099
v -0.465138 0.899718 0.308083
v -0.260601 0.838460 0.025906
v -0.259888 0.839141 -0.011323
v -0.259175 0.839823 -0.048551
v -0.258463 0.840505 -0.085781
v -0.257751 0.841187 -0.123009
v -0.260401 0.842679 -0.154500
v -0.753580 0.947810 -0.127498
v -0.754292 0.947128 -0.090264
v -0.745579 0.948177 -0.159253
v -0.755005 0.946447 -0.053034
v -0.755697 0.945654 -0.015803
v -0.756347 0.944642 0.021429
v -0.756888 0.943047 0.058670
v -0.757250 0.940502 0.095922
v -0.749822 0.936977 0.129317
v -0.723000 0.947913 -0.180044
v -0.693148 0.947317 -0.196651
v -0.726987 0.932438 0.154984
v -0.603315 0.944227 -0.244145
v -0.633417 0.945741 -0.233173
v -0.663324 0.946682 -0.215851
v -0.269775 0.845793 -0.174516
v -0.282511 0.849718 -0.188793
v -0.346031 0.868482 -0.260172
v -0.333416 0.865202 -0.245903
v -0.320719 0.861492 -0.231628
v -0.307983 0.857567 -0.217349
v -0.295248 0.853643 -0.203071
v -0.389937 0.823337 0.309686
v -0.368385 0.813602 0.304989
v -0.421001 0.835278 0.308810
v -0.465138 0.846704 0.308083
v -0.262025 0.784083 0.100363
v -0.261313 0.784765 0.063134
v -0.265785 0.784532 0.133691
v -0.260601 0.785446 0.025906
v -0.275642 0.787242 0.159218
v -0.288545 0.791082 0.180844
v -0.352785 0.808791 0.288993
v -0.340091 0.806070 0.267352
v -0.327257 0.802603 0.245722
v -0.314353 0.798762 0.224096
v -0.301449 0.794922 0.202470
v -0.541968 0.882174 -0.264855
v -0.572879 0.888053 -0.253220
v -0.505869 0.873579 -0.274373
v -0.667189 0.876134 0.198504
v -0.637695 0.876650 0.220237
v -0.696769 0.876078 0.176766
v -0.607735 0.874685 0.242000
v -0.577375 0.870580 0.263791
v -0.546677 0.864677 0.285606
v -0.510859 0.856782 0.302138
v -0.383759 0.834067 -0.275433
v -0.415362 0.848884 -0.276347
v -0.361750 0.821651 -0.271122
v -0.459866 0.862269 -0.277099
v -0.465138 0.846704 0.308083
v -0.260601 0.785446 0.025906
v -0.259888 0.786128 -0.011323
v -0.259175 0.786810 -0.048551
v -0.258463 0.787491 -0.085781
v -0.257751 0.788174 -0.123009
v -0.260401 0.789665 -0.154500
v -0.753580 0.894796 -0.127498
v -0.754292 0.894115 -0.090264
v -0.745579 0.895163 -0.159253
v -0.755005 0.893433 -0.053034
v -0.755697 0.892641 -0.015803
v -0.756347 0.891629 0.021429
v -0.756888 0.890033 0.058670
v -0.757250 0.887488 0.095922
v -0.749822 0.883963 0.129317
v -0.723000 0.894900 -0.180044
v -0.693148 0.894303 -0.196651
v -0.726987 0.879424 0.154984
v -0.603315 0.891214 -0.244145
v -0.633417 0.892727 -0.233173
v -0.663324 0.893669 -0.215851
v -0.269775 0.792780 -0.174516
v -0.282511 0.796704 -0.188793
v -0.346031 0.815468 -0.260172
v -0.333416 0.812188 -0.245903
v -0.320719 0.808478 -0.231628
v -0.307983 0.804554 -0.217349
v -0.295248 0.800629 -0.203071
v -0.389937 0.749778 0.309686
v -0.368385 0.740042 0.304989
v -0.421001 0.761719 0.308810
v -0.465138 0.773144 0.308083
v -0.262025 0.710523 0.100363
v -0.261313 0.711205 0.063134
v -0.265785 0.710972 0.133691
v -0.260601 0.711886 0.025906
v -0.275642 0.713682 0.159218
v -0.288545 0.717522 0.180844
v -0.352785 0.735231 0.288993
v -0.340091 0.732510 0.267352
v -0.327257 0.729043 0.245722
v -0.314353 0.725202 0.224096
v -0.301449 0.721362 0.202470
v -0.541968 0.808614 -0.264855
v -0.572879 0.814493 -0.253220
v -0.505869 0.800019 -0.274373
v -0.667189 0.802574 0.198504
v -0.637695 0.803090 0.220237
v -0.696769 0.802518 0.176766
v -0.607735 0.801125 0.242000
v -0.577375 0.797020 0.263791
v -0.546677 0.791117 0.285606
v -0.510859 0.783222 0.302138
v -0.383759 0.760507 -0.275433
v -0.415362 0.775324 -0.276347
v -0.361750 0.748091 -0.271122
v -0.459866 0.788709 -0.277099
v -0.465138 0.773144 0.308083
v -0.260601 0.711886 0.025906
v -0.259888 0.712568 -0.011323
v -0.259175 0.713250 -0.048551
v -0.258463 0.713931 -0.085781
v -0.257751 0.714614 -0.123009
v -0.260401 0.716106 -0.154500
v -0.753580 0.821236 -0.127498
v -0.754292 0.820555 -0.090264
v -0.745579 0.821603 -0.159253
v -0.755005 0.819873 -0.053034
v -0.755697 0.819081 -0.015803
v -0.756347 0.818069 0.021429
v -0.756888 0.816473 0.058670
v -0.757250 0.813928 0.095922
v -0.749822 0.810403 0.129317
v -0.723000 0.821340 -0.180044
v -0.693148 0.820743 -0.196651
v -0.726987 0.805864 0.154984
v -0.603315 0.817654 -0.244145
v -0.633417 0.819167 -0.233173
v -0.663324 0.820109 -0.215851
v -0.269775 0.719220 -0.174516
v -0.282511 0.723144 -0.188793
v -0.346031 0.741908 -0.260172
v -0.333416 0.738628 -0.245903
v -0.320719 0.734918 -0.231628
v -0.307983 0.730994 -0.217349
v -0.295248 0.727070 -0.203071
v -0.390311 0.674837 0.310019
v -0.368076 0.666742 0.305392
v -0.422170 0.684447 0.309034
v -0.467028 0.692575 0.308134
v -0.258892 0.645955 0.101180
v -0.258064 0.646828 0.063957
v -0.262827 0.645998 0.134491
v -0.257235 0.647701 0.026736
v -0.272973 0.647875 0.159979
v -0.286224 0.650667 0.181556
v -0.352089 0.663160 0.289455
v -0.339131 0.661468 0.267866
v -0.325977 0.659043 0.246287
v -0.312726 0.656250 0.224710
v -0.299474 0.653458 0.203132
v -0.543672 0.724419 -0.265042
v -0.574986 0.727948 -0.253536
v -0.506992 0.718557 -0.274415
v -0.670204 0.707371 0.197686
v -0.640929 0.709988 0.219562
v -0.699600 0.705206 0.175806
v -0.611005 0.710166 0.241462
v -0.580523 0.708239 0.263385
v -0.549571 0.704543 0.285327
v -0.513343 0.699261 0.302004
v -0.382288 0.688203 -0.275024
v -0.414897 0.700641 -0.276038
v -0.359439 0.677435 -0.270649
v -0.460266 0.710695 -0.276959
v -0.467028 0.692575 0.308134
v -0.257235 0.647701 0.026736
v -0.256406 0.648574 -0.010487
v -0.255576 0.649447 -0.047709
v -0.254747 0.650320 -0.084932
v -0.253919 0.651194 -0.122153
v -0.256529 0.652604 -0.153652
v -0.756259 0.720813 -0.128661
v -0.757088 0.719940 -0.091434
v -0.748163 0.721891 -0.160376
v -0.757918 0.719067 -0.054210
v -0.758717 0.718085 -0.016986
v -0.759460 0.716887 0.020239
v -0.760050 0.715115 0.057471
v -0.760393 0.712410 0.094712
v -0.752875 0.709319 0.128130
v -0.725533 0.723380 -0.181059
v -0.695644 0.725058 -0.197524
v -0.729884 0.706387 0.153891
v -0.605613 0.728811 -0.244596
v -0.635794 0.728049 -0.233764
v -0.665767 0.726707 -0.216583
v -0.266017 0.655091 -0.173701
v -0.278943 0.658115 -0.188027
v -0.343354 0.672392 -0.259646
v -0.330596 0.670001 -0.245327
v -0.317724 0.667188 -0.231003
v -0.304798 0.664164 -0.216677
v -0.291871 0.661140 -0.202352
v -0.390311 0.609190 0.310019
v -0.368076 0.601095 0.305392
v -0.422170 0.618800 0.309034
v -0.467028 0.626928 0.308134
v -0.258892 0.580308 0.101180
v -0.258064 0.581181 0.063957
v -0.262827 0.580351 0.134491
v -0.257235 0.582054 0.026736
v -0.272973 0.582228 0.159979
v -0.286224 0.585020 0.181556
v -0.352089 0.597513 0.289455
v -0.339131 0.595821 0.267866
v -0.325977 0.593396 0.246287
v -0.312726 0.590603 0.224710
v -0.299474 0.587811 0.203132
v -0.543672 0.658771 -0.265042
v -0.574986 0.662301 -0.253536
v -0.506992 0.652909 -0.274415
v -0.670204 0.641724 0.197686
v -0.640929 0.644341 0.219562
v -0.699600 0.639559 0.175806
v -0.611005 0.644519 0.241462
v -0.580523 0.642592 0.263385
v -0.549571 0.638896 0.285327
v -0.513343 0.633614 0.302004
v -0.382288 0.622555 -0.275024
v -0.414897 0.634994 -0.276038
v -0.359439 0.611788 -0.270649
v -0.460266 0.645048 -0.276959
v -0.467028 0.626928 0.308134
v -0.257235 0.582054 0.026736
v -0.256406 0.582927 -0.010487
v -0.255576 0.583800 -0.047709
v -0.254747 0.584673 -0.084932
v -0.253919 0.585547 -0.122153
v -0.256529 0.586957 -0.153652
v -0.756259 0.655166 -0.128661
v -0.757088 0.654293 -0.091434
v -0.748163 0.656244 -0.160376
v -0.757918 0.653420 -0.054210
v -0.758717 0.652438 -0.016986
v -0.759460 0.651240 0.020239
v -0.760050 0.649468 0.057471
v -0.760393 0.646763 0.094712
v -0.752875 0.643672 0.128130
v -0.725533 0.657733 -0.181059
v -0.695644 0.659411 -0.197524
v -0.729884 0.640740 0.153891
v -0.605613 0.663164 -0.244596
v -0.635794 0.662402 -0.233764
v -0.665767 0.661060 -0.216583
v -0.266017 0.589444 -0.173701
v -0.278943 0.592468 -0.188027
v -0.343354 0.606744 -0.259646
v -0.330596 0.604354 -0.245327
v -0.317724 0.601541 -0.231003
v -0.304798 0.598517 -0.216677
v -0.291871 0.595493 -0.202352
v -0.390311 0.554868 0.310019
v -0.368076 0.546773 0.305392
v -0.422170 0.564478 0.309034
v -0.467028 0.572606 0.308134
v -0.258892 0.525986 0.101180
v -0.258064 0.526859 0.063957
v -0.262827 0.526029 0.134491
v -0.257235 0.527732 0.026736
v -0.272973 0.527906 0.159979
v -0.286224 0.530698 0.181556
v -0.352089 0.543192 0.289455
v -0.339131 0.541500 0.267866
v -0.325977 0.539074 0.246287
v -0.312726 0.536281 0.224710
v -0.299474 0.533490 0.203132
v -0.543672 0.604450 -0.265042
v -0.574986 0.607979 -0.253536
v -0.506992 0.598588 -0.274415
v -0.670204 0.587402 0.197686
v -0.640929 0.590019 0.219562
v -0.699600 0.585237 0.175806
v -0.611005 0.590197 0.241462
v -0.580523 0.588270 0.263385
v -0.549571 0.584574 0.285327
v -0.513343 0.579292 0.302004
v -0.382288 0.568234 -0.275024
v -0.414897 0.580672 -0.276038
v -0.359439 0.557466 -0.270649
v -0.460266 0.590726 -0.276959
v -0.467028 0.572606 0.308134
v -0.257235 0.527732 0.026736
v -0.256406 0.528605 -0.010487
v -0.255576 0.529478 -0.047709
v -0.254747 0.530351 -0.084932
v -0.253919 0.531225 -0.122153
v -0.256529 0.532635 -0.153652
v -0.756259 0.600844 -0.128661
v -0.757088 0.599971 -0.091434
v -0.748163 0.601922 -0.160376
v -0.757918 0.599098 -0.054210
v -0.758717 0.598116 -0.016986
v -0.759460 0.596918 0.020239
v -0.760050 0.595147 0.057471
v -0.760393 0.592441 0.094712
v -0.752875 0.589350 0.128130
v -0.725533 0.603411 -0.181059
v -0.695644 0.605090 -0.197524
v -0.729884 0.586418 0.153891
v -0.605613 0.608842 -0.244596
v -0.635794 0.608080 -0.233764
v -0.665767 0.606738 -0.216583
v -0.266017 0.535122 -0.173701
v -0.278943 0.538146 -0.188027
v -0.343354 0.552423 -0.259646
v -0.330596 0.550032 -0.245327
v -0.317724 0.547219 -0.231003
v -0.304798 0.544195 -0.216677
v -0.291871 0.541171 -0.202352
v -0.390311 0.482609 0.310019
v -0.368076 0.474515 0.305392
v -0.422170 0.492220 0.309034
v -0.467028 0.500348 0.308134
v -0.258892 0.453728 0.101180
v -0.258064 0.454600 0.063957
v -0.262827 0.453771 0.134491
v -0.257235 0.455473 0.026736
v -0.272973 0.455647 0.159979
v -0.286224 0.458439 0.181556
v -0.352089 0.470933 0.289455
v -0.339131 0.469241 0.267866
v -0.325977 0.466816 0.246287
v -0.312726 0.464023 0.224710
v -0.299474 0.461231 0.203132
v -0.543672 0.532191 -0.265042
v -0.574986 0.535720 -0.253536
v -0.506992 0.526329 -0.274415
v -0.670204 0.515144 0.197686
v -0.640929 0.517761 0.219562
v -0.699600 0.512978 0.175806
v -0.611005 0.517938 0.241462
v -0.580523 0.516011 0.263385
v -0.549571 0.512316 0.285327
v -0.513343 0.507034 0.302004
v -0.382288 0.495975 -0.275024
v -0.414897 0.508414 -0.276038
v -0.359439 0.485207 -0.270649
v -0.460266 0.518468 -0.276959
v -0.467028 0.500348 0.308134
v -0.257235 0.455473 0.026736
v -0.256406 0.456346 -0.010487
v -0.255576 0.457220 -0.047709
v -0.254747 0.458093 -0.084932
v -0.253919 0.458966 -0.122153
v -0.256529 0.460377 -0.153652
v -0.756259 0.528586 -0.128661
v -0.757088 0.527713 -0.091434
v -0.748163 0.529664 -0.160376
v -0.757918 0.526840 -0.054210
v -0.758717 0.525858 -0.016986
v -0.759460 0.524660 0.020239
v -0.760050 0.522888 0.057471
v -0.760393 0.520183 0.094712
v -0.752875 0.517092 0.128130
v -0.725533 0.531152 -0.181059
v -0.695644 0.532831 -0.197524
v -0.729884 0.514160 0.153891
v -0.605613 0.536583 -0.244596
v -0.635794 0.535822 -0.233764
v -0.665767 0.534480 -0.216583
v -0.266017 0.462864 -0.173701
v -0.278943 0.465888 -0.188027
v -0.343354 0.480164 -0.259646
v -0.330596 0.477774 -0.245327
v -0.317724 0.474961 -0.231003
v -0.304798 0.471937 -0.216677
v -0.291871 0.468913 -0.202352
v -0.390311 0.421519 0.310019
v -0.368076 0.413424 0.305392
v -0.422170 0.431129 0.309034
v -0.467028 0.439257 0.308134
v -0.258892 0.392637 0.101180
v -0.258064 0.393510 0.063957
v -0.262827 0.392680 0.134491
v -0.257235 0.394383 0.026736
v -0.272973 0.394557 0.159979
v -0.286224 0.397349 0.181556
v -0.352089 0.409842 0.289455
v -0.339131 0.408150 0.267866
v -0.325977 0.405725 0.246287
v -0.312726 0.402932 0.224710
v -0.299474 0.400141 0.203132
v -0.543672 0.471101 -0.265042
v -0.574986 0.474630 -0.253536
v -0.506992 0.465239 -0.274415
v -0.670204 0.454053 0.197686
v -0.640929 0.456670 0.219562
v -0.699600 0.451888 0.175806
v -0.611005 0.456848 0.241462
v -0.580523 0.454921 0.263385
v -0.549571 0.451225 0.285327
v -0.513343 0.445943 0.302004
v -0.382288 0.434885 -0.275024
v -0.414897 0.447323 -0.276038
v -0.359439 0.424117 -0.270649
v -0.460266 0.457377 -0.276959
v -0.467028 0.439257 0.308134
v -0.257235 0.394383 0.026736
v -0.256406 0.395256 -0.010487
v -0.255576 0.396129 -0.047709
v -0.254747 0.397002 -0.084932
v -0.253919 0.397876 -0.122153
v -0.256529 0.399286 -0.153652
v -0.756259 0.467495 -0.128661
v -0.757088 0.466622 -0.091434
v -0.748163 0.468573 -0.160376
v -0.757918 0.465749 -0.054210
v -0.758717 0.464767 -0.016986
v -0.759460 0.463569 0.020239
v -0.760050 0.461797 0.057471
v -0.760393 0.459092 0.094712
v -0.752875 0.456001 0.128130
v -0.725533 0.470062 -0.181059
v -0.695644 0.471740 -0.197524
v -0.729884 0.453069 0.153891
v -0.605613 0.475493 -0.244596
v -0.635794 0.474731 -0.233764
v -0.665767 0.473389 -0.216583
v -0.266017 0.401773 -0.173701
v -0.278943 0.404797 -0.188027
v -0.343354 0.419074 -0.259646
v -0.330596 0.416683 -0.245327
v -0.317724 0.413870 -0.231003
v -0.304798 0.410846 -0.216677
v -0.291871 0.407822 -0.202352
v -0.391151 0.369586 0.310403
v -0.368307 0.363353 0.305864
v -0.423684 0.376566 0.309285
v -0.469050 0.381008 0.308178
v -0.256772 0.352405 0.102159
v -0.255832 0.353498 0.064945
v -0.260863 0.351987 0.135449
v -0.254891 0.354591 0.027732
v -0.271256 0.352923 0.160889
v -0.284798 0.354533 0.182406
v -0.352002 0.361156 0.289999
v -0.338841 0.360618 0.268474
v -0.325425 0.359365 0.246955
v -0.311882 0.357753 0.225439
v -0.298340 0.356143 0.203922
v -0.545177 0.408882 -0.265274
v -0.576732 0.409794 -0.253922
v -0.508095 0.406074 -0.274474
v -0.672202 0.379625 0.196708
v -0.643348 0.384532 0.218748
v -0.701214 0.375158 0.174663
v -0.613649 0.387062 0.240808
v -0.583221 0.387539 0.262885
v -0.552181 0.386291 0.284977
v -0.515726 0.383915 0.301826
v -0.381326 0.386007 -0.274534
v -0.414837 0.395746 -0.275675
v -0.357696 0.377123 -0.270078
v -0.460870 0.402065 -0.276799
v -0.469050 0.381008 0.308178
v -0.254891 0.354591 0.027732
v -0.253950 0.355685 -0.009483
v -0.253009 0.356778 -0.046696
v -0.252068 0.357872 -0.083910
v -0.251128 0.358966 -0.121123
v -0.253687 0.360290 -0.152630
v -0.757437 0.387359 -0.130040
v -0.758378 0.386266 -0.092821
v -0.749298 0.389228 -0.161707
v -0.759320 0.385173 -0.055606
v -0.760222 0.383973 -0.018391
v -0.761050 0.382563 0.018825
v -0.761680 0.380593 0.056047
v -0.761986 0.377713 0.093275
v -0.754408 0.375107 0.126720
v -0.726762 0.392645 -0.182264
v -0.697028 0.396828 -0.198564
v -0.731383 0.373954 0.152592
v -0.607371 0.408116 -0.245142
v -0.637443 0.404847 -0.234473
v -0.667291 0.400991 -0.217457
v -0.263246 0.362077 -0.172720
v -0.276305 0.364096 -0.187102
v -0.341309 0.373364 -0.259009
v -0.328469 0.371964 -0.244631
v -0.315483 0.370151 -0.230250
v -0.302424 0.368133 -0.215867
v -0.289365 0.366115 -0.201485
vn 0.6598 -0.0098 0.7514
vn 0.6610 -0.0170 0.7502
vn 0.6549 -0.0396 0.7547
vn 0.6524 -0.0248 0.7575
vn 0.6499 -0.0098 0.7599
vn 0.6586 -0.0027 0.7525
vn 0.6640 0.0134 0.7476
vn 0.6656 0.0045 0.7463
vn 0.6672 -0.0044 0.7449
vn 0.7579 0.1227 -0.6407
vn 0.7599 0.1131 -0.6401
vn 0.7728 0.0874 -0.6286
vn 0.7706 0.1001 -0.6294
vn 0.7681 0.1131 -0.6302
vn 0.7558 0.1325 -0.6413
vn 0.7393 0.1666 -0.6525
vn 0.7416 0.1574 -0.6521
vn 0.7438 0.1483 -0.6517
vn 0.1043 -0.1807 -0.9780
vn 0.1317 -0.2484 -0.9597
vn 0.3973 -0.1518 -0.9051
vn 0.3732 -0.0934 -0.9230
vn 0.3431 -0.0234 -0.9390
vn 0.0710 -0.0956 -0.9929
vn 0.0056 -0.0961 -0.9954
vn 0.0385 -0.1910 -0.9808
vn 0.0666 -0.2629 -0.9625
vn 0.0382 -0.1817 -0.9826
vn 0.0676 -0.2566 -0.9642
vn 0.0001 -0.0775 -0.9970
vn -0.0330 -0.1056 -0.9939
vn 0.0408 -0.1855 -0.9818
vn 0.0698 -0.2550 -0.9644
vn 0.6574 0.0044 0.7535
vn 0.6476 0.0050 0.7620
vn 0.6451 0.0193 0.7638
vn 0.6562 0.0114 0.7545
vn 0.6607 0.0308 0.7500
vn 0.6624 0.0221 0.7489
vn 0.2987 0.0212 0.9541
vn 0.2311 0.0498 0.9717
vn 0.4110 0.1654 0.8965
vn 0.4484 0.1407 0.8827
vn 0.4622 0.1320 0.8769
vn 0.3283 0.0117 0.9445
vn 0.2821 -0.0715 0.9567
vn 0.2640 -0.0617 0.9626
vn 0.2111 -0.0349 0.9768
vn 0.2385 -0.0997 0.9660
vn 0.2161 -0.0999 0.9712
vn 0.2378 -0.1016 0.9660
vn 0.1467 -0.1180 0.9821
vn 0.1542 -0.1276 0.9798
vn 0.1521 -0.1635 0.9748
vn 0.0502 -0.1436 0.9884
vn 0.0669 -0.2043 0.9766
vn 0.0374 -0.1216 0.9919
vn -0.0000 -0.1160 0.9933
vn -0.0000 -0.1464 0.9892
vn -0.0000 -0.2192 0.9757
vn 0.3893 -0.1231 -0.9129
vn 0.2368 -0.1526 -0.9595
vn 0.2047 -0.0529 -0.9774
vn 0.3961 -0.0645 -0.9159
vn 0.4274 -0.0394 -0.9032
vn 0.3951 -0.0734 -0.9157
vn 0.3181 0.0613 -0.9461
vn 0.3111 0.0324 -0.9498
vn 0.1585 0.0101 -0.9873
vn 0.7261 -0.0305 0.6869
vn 0.7175 -0.0515 0.6946
vn 0.6960 -0.0116 0.7179
vn 0.6970 0.0055 0.7170
vn 0.6932 0.0239 0.7204
vn 0.7216 -0.0068 0.6922
vn 0.7524 -0.0197 0.6584
vn 0.7565 -0.0559 0.6515
vn 0.7353 -0.0873 0.6721
vn 0.0876 0.0065 0.9961
vn 0.3368 0.0657 0.9393
vn 0.3335 0.0714 0.9400
vn 0.0893 0.0093 0.9960
vn 0.0366 -0.0100 0.9993
vn 0.0305 -0.0066 0.9995
vn 0.0265 0.0060 0.9996
vn 0.0842 0.0154 0.9963
vn 0.3383 0.0682 0.9386
vn 0.0152 0.0701 -0.9974
vn -0.0292 0.0543 -0.9981
vn -0.0183 0.0347 -0.9992
vn 0.0277 0.0382 -0.9989
vn 0.2805 0.0980 -0.9548
vn 0.2573 0.1315 -0.9573
vn 0.2531 0.1201 -0.9600
vn 0.0161 0.0642 -0.9978
vn -0.0366 0.0466 -0.9982
vn 0.5882 0.1397 0.7965
vn 0.5872 0.1329 0.7985
vn 0.6047 0.0259 0.7960
vn 0.6056 0.0239 0.7954
vn 0.6054 0.0230 0.7956
vn 0.5825 0.1466 0.7995
vn 0.6016 0.1008 0.7924
vn 0.6064 0.0849 0.7906
vn 0.6086 0.0684 0.7906
vn 0.6241 -0.0947 0.7756
vn 0.3766 -0.1512 0.9140
vn 0.3516 -0.1041 0.9303
vn 0.6058 -0.0623 0.7932
vn 0.6968 -0.0346 0.7164
vn 0.7100 -0.0660 0.7011
vn 0.7121 -0.0910 0.6962
vn 0.6327 -0.1103 0.7665
vn 0.3888 -0.1661 0.9062
vn 0.0456 -0.0198 -0.9988
vn -0.0118 -0.0143 -0.9998
vn 0.3115 0.0406 -0.9494
vn 0.0962 0.0096 0.9953
vn 0.3358 0.0722 0.9392
vn 0.3465 0.0501 0.9367
vn 0.1085 -0.0127 0.9940
vn 0.0556 -0.0203 0.9982
vn 0.0478 -0.0108 0.9988
vn -0.0212 0.0075 -0.9997
vn -0.1015 -0.0047 -0.9948
vn -0.0263 0.0347 -0.9991
vn -0.1373 -0.0133 -0.9904
vn 0.0223 -0.0328 0.9992
vn 0.0366 -0.0273 0.9990
vn -0.0542 -0.1221 0.9910
vn -0.1289 -0.1096 0.9856
vn -0.1985 -0.0872 0.9762
vn -0.0016 -0.0299 0.9996
vn -0.0926 0.0146 -0.9956
vn -0.3433 -0.0444 -0.9382
vn -0.2962 -0.0574 -0.9534
vn -0.0773 0.0217 -0.9968
vn -0.0354 0.0302 -0.9989
vn -0.0323 0.0213 -0.9993
vn -0.0947 0.0097 -0.9955
vn -0.3560 -0.0414 -0.9336
vn 0.0817 0.0236 0.9964
vn 0.3388 0.0697 0.9383
vn 0.0254 0.0162 0.9995
vn 0.0337 0.0074 0.9994
vn 0.0880 0.0142 0.9960
vn 0.3455 0.0581 0.9366
vn 0.0238 0.0435 -0.9988
vn 0.2567 0.0915 -0.9622
vn 0.2561 0.0774 -0.9635
vn 0.0281 0.0324 -0.9991
vn -0.0482 0.0312 -0.9984
vn -0.2143 -0.0514 -0.9754
vn 0.5649 -0.0144 0.8250
vn 0.2958 0.0083 0.9552
vn 0.2969 0.0062 0.9549
vn 0.5634 -0.0355 0.8254
vn 0.5699 -0.0108 0.8217
vn 0.3017 -0.0069 0.9534
vn -0.0155 -0.0160 0.9998
vn -0.2183 -0.0600 0.9740
vn -0.2192 -0.0391 0.9749
vn -0.0181 0.0014 0.9998
vn 0.6683 0.1529 -0.7280
vn 0.3504 0.0518 -0.9352
vn 0.3363 0.0980 -0.9366
vn 0.6570 0.1863 -0.7305
vn 0.7567 0.2053 -0.6207
vn 0.7675 0.1813 -0.6149
vn 0.7809 0.1195 -0.6131
vn 0.6853 0.0694 -0.7249
vn 0.3802 -0.0575 -0.9231
vn 0.0072 -0.0173 0.9998
vn 0.0463 -0.0118 0.9989
vn -0.0068 0.0046 1.0000
vn -0.2220 -0.0360 0.9744
vn -0.2160 -0.0619 0.9744
vn -0.2142 -0.1059 0.9710
vn 0.0146 -0.0414 0.9990
vn 0.0548 -0.0266 0.9981
vn 0.7842 -0.0499 0.6185
vn 0.7457 -0.0899 0.6602
vn 0.7827 -0.0063 0.6223
vn 0.8000 0.0375 0.5988
vn 0.7993 0.0099 0.6008
vn 0.7451 -0.0194 0.6667
vn -0.0842 -0.0125 -0.9964
vn -0.3492 -0.0641 -0.9349
vn -0.0213 -0.0004 -0.9998
vn 0.0073 -0.0567 -0.9984
vn -0.0559 -0.0690 -0.9960
vn -0.3250 -0.1193 -0.9382
vn 0.0998 -0.0047 0.9950
vn 0.3575 0.0406 0.9330
vn 0.1101 -0.0181 0.9938
vn 0.3673 0.0302 0.9296
vn 0.5838 0.1249 0.8023
vn 0.5816 0.1156 0.8052
vn 0.6041 0.0200 0.7967
vn 0.6042 0.0233 0.7965
vn 0.6101 0.0511 0.7907
vn 0.6126 0.0334 0.7897
vn -0.0166 0.0129 0.9998
vn -0.2223 -0.0284 0.9746
vn 0.6937 0.2756 -0.6655
vn 0.6821 0.3141 -0.6603
vn 0.6637 0.3274 -0.6726
vn 0.6766 0.2852 -0.6788
vn 0.6886 0.2409 -0.6839
vn 0.7045 0.2353 -0.6696
vn 0.7325 0.2159 -0.6456
vn 0.7256 0.2436 -0.6436
vn 0.7182 0.2704 -0.6412
vn 0.4898 0.1214 0.8634
vn 0.2309 0.1538 0.9607
vn 0.2834 0.0114 0.9589
vn 0.5178 0.0174 0.8553
vn 0.5213 0.0390 0.8525
vn 0.2530 0.0909 0.9632
vn 0.0028 -0.0445 0.9990
vn 0.0535 -0.0235 0.9983
vn -0.2407 -0.1267 0.9623
vn -0.3047 -0.0751 0.9495
vn -0.0335 0.0005 0.9994
vn 0.0420 0.0118 0.9990
vn 0.6329 -0.1040 0.7672
vn 0.3961 -0.1599 0.9042
vn 0.7033 -0.0915 0.7050
vn 0.6929 -0.0374 0.7201
vn 0.6356 -0.0630 0.7695
vn 0.4079 -0.1352 0.9030
vn -0.0302 -0.1165 -0.9927
vn -0.3007 -0.1627 -0.9398
vn 0.0318 -0.1049 -0.9940
vn 0.0289 -0.0991 -0.9947
vn -0.0317 -0.1091 -0.9935
vn -0.3005 -0.1495 -0.9420
vn 0.1186 -0.0183 0.9928
vn 0.3770 0.0268 0.9258
vn 0.1269 0.0011 0.9919
vn 0.3867 0.0277 0.9218
vn 0.7548 0.1789 -0.6311
vn 0.7514 0.1944 -0.6306
vn 0.7391 0.1873 -0.6471
vn 0.7451 0.1578 -0.6480
vn 0.7581 0.1630 -0.6315
vn 0.7661 0.1637 -0.6216
vn 0.7638 0.1744 -0.6215
vn 0.7615 0.1849 -0.6213
vn 0.7009 -0.1045 0.7056
vn 0.7103 -0.0986 0.6970
vn 0.6844 -0.0364 0.7282
vn 0.0380 0.0112 -0.9992
vn 0.2585 0.0581 -0.9643
vn 0.2716 0.0069 -0.9624
vn 0.0633 -0.0439 -0.9970
vn -0.0483 0.0174 0.9987
vn 0.0530 0.0200 0.9984
vn -0.3441 -0.0421 0.9380
vn -0.3244 -0.1120 0.9393
vn -0.0077 -0.0644 0.9979
vn 0.1042 -0.0545 0.9931
vn 0.6771 0.0045 0.7359
vn 0.6794 -0.0079 0.7337
vn 0.6754 0.0172 0.7373
vn 0.6944 -0.0243 0.7192
vn -0.0392 -0.0921 -0.9950
vn -0.3064 -0.1271 -0.9434
vn 0.0212 -0.0839 -0.9963
vn 0.0314 -0.1033 -0.9942
vn -0.0283 -0.1104 -0.9935
vn -0.2948 -0.1409 -0.9451
vn 0.6410 0.2139 -0.7372
vn 0.3196 0.1375 -0.9375
vn 0.2864 0.2267 -0.9309
vn 0.6079 0.2795 -0.7432
vn 0.7441 0.2244 -0.6292
vn 0.6734 0.0310 0.7386
vn 0.6704 0.0452 0.7406
vn 0.0856 -0.0924 -0.9920
vn 0.2849 -0.0426 -0.9576
vn 0.2843 -0.0495 -0.9574
vn 0.0833 -0.0890 -0.9925
vn 0.7192 0.2045 -0.6641
vn 0.7204 0.1953 -0.6654
vn 0.7179 0.2119 -0.6631
vn 0.6941 0.2744 -0.6656
vn 0.6887 0.2717 -0.6722
vn 0.6837 0.2620 -0.6811
vn 0.0428 -0.1620 0.9859
vn 0.1501 -0.1422 0.9784
vn -0.2846 -0.1999 0.9376
vn -0.2530 -0.2497 0.9347
vn 0.0712 -0.2170 0.9736
vn 0.1659 -0.1927 0.9671
vn 0.6294 0.0292 0.7766
vn 0.6329 0.0073 0.7742
vn 0.6253 0.0504 0.7788
vn 0.7830 0.0767 -0.6173
vn 0.7848 0.0645 -0.6164
vn 0.7802 0.1232 -0.6132
vn 0.7795 0.1269 -0.6134
vn 0.7810 0.0891 -0.6182
vn 0.7749 0.0750 -0.6276
vn 0.7768 0.0628 -0.6266
vn 0.5839 -0.0265 0.8114
vn 0.3208 -0.0446 0.9461
vn 0.0744 -0.0748 -0.9944
vn 0.2754 -0.0411 -0.9604
vn 0.2675 -0.0516 -0.9622
vn 0.0794 -0.0931 -0.9925
vn 0.1526 0.0010 0.9883
vn 0.4018 0.0134 0.9156
vn 0.2021 -0.0556 0.9778
vn 0.4307 -0.0317 0.9020
vn 0.7825 0.1394 0.6069
vn 0.7166 0.1393 0.6834
vn 0.7251 0.1711 0.6671
vn 0.7878 0.1678 0.5926
vn 0.9202 0.1916 0.3412
vn 0.9200 0.1772 0.3496
vn 0.9154 0.1701 0.3647
vn 0.7742 0.1281 0.6198
vn 0.7108 0.1284 0.6916
vn 0.6217 0.1302 -0.7723
vn 0.6488 0.0837 -0.7563
vn 0.7480 0.1305 -0.6508
vn 0.7252 0.1722 -0.6666
vn 0.6864 0.2268 -0.6909
vn 0.5840 0.1824 -0.7910
vn 0.6365 -0.0152 0.7711
vn 0.6405 -0.0373 0.7671
vn 0.0815 -0.1071 -0.9909
vn 0.0386 -0.1166 -0.9924
vn 0.2536 -0.0636 -0.9652
vn 0.2352 -0.0537 -0.9705
vn 0.0648 -0.0789 -0.9948
vn 0.0225 -0.0849 -0.9961
vn 0.2384 -0.1203 0.9637
vn 0.4554 -0.0738 0.8872
vn 0.2419 -0.1568 0.9575
vn 0.4547 -0.0900 0.8861
vn -0.0190 -0.1231 -0.9922
vn -0.2820 -0.1503 -0.9476
vn -0.0328 -0.0913 -0.9953
vn -0.2892 -0.1182 -0.9499
vn 0.7980 0.1716 0.5777
vn 0.7421 0.1466 0.6540
vn 0.7329 0.1512 0.6633
vn 0.7937 0.1740 0.5829
vn 0.9243 0.2035 0.3229
vn 0.9238 0.2025 0.3250
vn 0.9219 0.2053 0.3286
vn 0.7967 0.1840 0.5756
vn 0.7414 0.1719 0.6487
vn 0.6318 0.1465 -0.7612
vn 0.5574 0.1008 -0.8241
vn 0.5786 0.0777 -0.8119
vn 0.6616 0.1045 -0.7426
vn 0.8842 0.1451 -0.4440
vn 0.8575 0.2254 -0.4624
vn 0.8315 0.2809 -0.4793
vn 0.5998 0.1801 -0.7796
vn 0.5323 0.1244 -0.8374
vn 0.0487 -0.0460 -0.9978
vn 0.0042 -0.0496 -0.9988
vn 0.2302 -0.0378 -0.9724
vn 0.2407 -0.0441 -0.9696
vn 0.0539 -0.0556 -0.9970
vn 0.0089 -0.0599 -0.9982
vn 0.2270 -0.1816 0.9568
vn 0.4315 -0.1053 0.8959
vn 0.1656 -0.2219 0.9609
vn 0.1550 -0.2294 0.9609
vn 0.2076 -0.1982 0.9579
vn -0.0496 -0.0560 -0.9972
vn -0.3015 -0.0835 -0.9498
vn -0.0444 -0.0650 -0.9969
vn -0.2985 -0.0883 -0.9503
vn 0.5520 -0.0339 0.8332
vn 0.2850 0.0235 0.9582
vn 0.0848 -0.2459 0.9656
vn -0.2336 -0.2743 0.9328
vn -0.2306 -0.2702 0.9348
vn 0.0846 -0.2480 0.9651
vn 0.0336 -0.0237 -0.9992
vn -0.0076 -0.0276 -0.9996
vn 0.0021 -0.0466 -0.9989
vn 0.0442 -0.0421 -0.9981
vn 0.2272 -0.0219 -0.9736
vn 0.2142 -0.0056 -0.9768
vn 0.2225 -0.0398 -0.9741
vn 0.0476 -0.0535 -0.9974
vn 0.0071 -0.0560 -0.9984
vn 0.7932 0.1779 0.5824
vn 0.7239 0.1624 0.6705
vn 0.7273 0.1536 0.6689
vn 0.7979 0.1678 0.5789
vn 0.9317 0.1971 0.3050
vn 0.9287 0.2036 0.3100
vn 0.9265 0.2065 0.3146
vn 0.7906 0.1832 0.5843
vn 0.7229 0.1685 0.6701
vn 0.0592 -0.0683 -0.9959
vn 0.0156 -0.0730 -0.9972
vn 0.2442 -0.0491 -0.9685
vn 0.1924 -0.2042 0.9598
vn 0.1419 -0.2229 0.9644
vn 0.1332 -0.2154 0.9674
vn 0.1829 -0.2040 0.9617
vn -0.0377 -0.0766 -0.9963
vn -0.2966 -0.0946 -0.9503
vn -0.0502 -0.0502 -0.9975
vn -0.3073 -0.0681 -0.9492
vn 0.7915 0.1898 0.5809
vn 0.7323 0.1914 0.6535
vn 0.9201 0.2041 0.3342
vn 0.0773 -0.2345 0.9690
vn -0.2347 -0.2512 0.9391
vn -0.2330 -0.2371 0.9431
vn 0.0725 -0.2225 0.9722
vn 0.1005 -0.0483 0.9938
vn 0.1386 -0.1240 0.9826
vn 0.0865 -0.1268 0.9881
vn 0.0463 -0.0479 0.9978
vn 0.0186 0.0061 0.9998
vn 0.0751 0.0029 0.9972
vn 0.0564 -0.0727 -0.9958
vn 0.0156 -0.0726 -0.9972
vn 0.2284 -0.0683 -0.9712
vn 0.2071 -0.0272 -0.9779
vn 0.0289 -0.0179 -0.9994
vn -0.0142 -0.0147 -0.9998
vn 0.8019 0.1824 0.5689
vn 0.7348 0.1620 0.6587
vn 0.7367 0.1554 0.6581
vn 0.8038 0.1754 0.5685
vn 0.9293 0.2180 0.2980
vn 0.9276 0.2257 0.2978
vn 0.9303 0.2137 0.2982
vn 0.8025 0.1746 0.5705
vn 0.7343 0.1573 0.6604
vn 0.1694 -0.1845 0.9681
vn 0.1194 -0.1913 0.9742
vn -0.0579 -0.0311 -0.9978
vn -0.3086 -0.0483 -0.9500
vn -0.0421 -0.0578 -0.9974
vn -0.2906 -0.0655 -0.9546
vn 0.7903 0.1815 0.5853
vn 0.7248 0.1657 0.6687
vn 0.9250 0.2058 0.3196
vn 0.0621 -0.1959 0.9786
vn -0.2331 -0.2083 0.9499
vn -0.2565 -0.1354 0.9570
vn 0.0308 -0.1295 0.9911
vn 0.7221 0.1103 -0.6830
vn 0.6432 0.0694 -0.7625
vn 0.6775 0.0649 -0.7326
vn 0.7478 0.0937 -0.6573
vn 0.9185 0.1141 -0.3786
vn 0.9070 0.1533 -0.3923
vn 0.9047 0.1274 -0.4066
vn 0.7024 0.0937 -0.7056
vn 0.6132 0.0637 -0.7874
vn 0.8083 0.1551 0.5679
vn 0.7421 0.1371 0.6562
vn 0.7524 0.1049 0.6503
vn 0.8164 0.1209 0.5647
vn 0.9392 0.1662 0.3003
vn 0.9337 0.1965 0.2993
vn -0.1046 0.0689 -0.9921
vn -0.3487 0.0847 -0.9334
vn -0.3113 0.0055 -0.9503
vn -0.0628 -0.0118 -0.9980
vn -0.0554 0.0654 -0.9963
vn -0.0794 0.1108 -0.9907
vn -0.1299 0.1103 -0.9854
vn -0.3723 0.1029 -0.9224
vn 0.0614 0.0329 0.9976
vn 0.0012 0.0402 0.9992
vn -0.0125 0.0677 0.9976
vn 0.0536 0.0527 0.9972
vn -0.0094 0.0592 -0.9982
vn 0.1773 0.0361 -0.9835
vn 0.1675 0.0606 -0.9840
vn -0.0285 0.1006 -0.9945
vn -0.0331 -0.0720 -0.9969
vn -0.2833 -0.0653 -0.9568
vn 0.8021 0.1647 0.5741
vn 0.7319 0.1507 0.6645
vn 0.9330 0.1981 0.3003
vn -0.0100 -0.0483 0.9988
vn -0.2936 -0.0464 0.9548
vn -0.3229 0.0173 0.9463
vn -0.0392 0.0077 0.9992
vn 0.7949 0.0526 -0.6044
vn 0.7367 0.0322 -0.6754
vn 0.7485 0.0234 -0.6627
vn 0.8102 0.0511 -0.5839
vn 0.9416 0.1052 -0.3199
vn 0.9370 0.0849 -0.3387
vn 0.9330 0.0633 -0.3542
vn 0.7821 0.0553 -0.6206
vn 0.7221 0.0422 -0.6905
vn -0.1012 0.1032 0.9895
vn -0.0290 0.1017 0.9944
vn -0.0762 0.0718 0.9945
vn -0.3703 0.0711 0.9262
vn -0.4019 0.0637 0.9135
vn -0.4384 0.0310 0.8982
vn -0.1358 0.1377 0.9811
vn -0.0520 0.1485 0.9875
vn 0.8208 0.1360 0.5549
vn 0.7659 0.1282 0.6301
vn 0.7750 0.1341 0.6175
vn 0.8266 0.1292 0.5477
vn 0.9422 0.1523 0.2984
vn 0.9380 0.1723 0.3009
vn 0.9412 0.1573 0.2989
vn 0.8236 0.1115 0.5560
vn 0.7655 0.0988 0.6358
vn -0.1252 0.0829 -0.9887
vn -0.3701 0.0375 -0.9282
vn -0.0707 0.0903 -0.9934
vn -0.0076 -0.0318 -0.9995
vn -0.0654 -0.0434 -0.9969
vn -0.3184 -0.1201 -0.9403
vn 0.0392 0.0831 0.9958
vn 0.0149 0.1358 0.9906
vn -0.0588 0.0436 0.9973
vn -0.3471 0.0563 0.9361
vn 0.8508 0.1131 -0.5132
vn 0.7475 0.1157 -0.6541
vn 0.7627 0.1124 -0.6369
vn 0.8716 0.1171 -0.4760
vn 0.9698 0.1084 -0.2185
vn 0.9628 0.0998 -0.2513
vn 0.9509 0.1100 -0.2894
vn 0.8306 0.0930 -0.5491
vn 0.7493 0.0788 -0.6576
vn 0.8239 0.0959 0.5586
vn 0.7627 0.0817 0.6416
vn 0.9432 0.1450 0.2988
vn -0.1659 0.1572 0.9735
vn -0.0708 0.1858 0.9800
vn -0.4684 -0.0107 0.8835
vn -0.3921 -0.1297 0.9107
vn -0.0671 -0.0209 0.9975
vn 0.0217 0.0098 0.9997
vn 0.8459 0.0731 0.5283
vn 0.8115 0.0548 0.5818
vn 0.8036 0.0625 0.5918
vn 0.8448 0.0712 0.5302
vn 0.9525 0.0964 0.2888
vn 0.9516 0.1069 0.2881
vn 0.9510 0.1111 0.2886
vn 0.8446 0.0858 0.5284
vn 0.8096 0.0809 0.5814
vn 0.0104 -0.1720 -0.9850
vn -0.2462 -0.2647 -0.9324
vn 0.0653 -0.1605 -0.9849
vn -0.0178 -0.0141 -0.9997
vn -0.1042 -0.0231 -0.9943
vn -0.3782 -0.0796 -0.9223
vn 0.8862 0.1733 -0.4296
vn 0.7988 0.1460 -0.5836
vn 0.7960 0.1673 -0.5817
vn 0.8851 0.1849 -0.4272
vn 0.9612 0.1968 -0.1933
vn 0.9616 0.1934 -0.1945
vn 0.9644 0.1704 -0.2025
vn 0.8834 0.1518 -0.4433
vn 0.7936 0.1209 -0.5963
vn 0.8372 0.1065 0.5364
vn 0.7933 0.1167 0.5976
vn 0.9484 0.1225 0.2926
vn -0.0184 0.0803 -0.9966
vn 0.1751 0.0374 -0.9838
vn 0.0359 -0.0355 -0.9987
vn 0.8445 0.1975 -0.4978
vn 0.7633 0.1777 -0.6211
vn 0.7248 0.2531 -0.6408
vn 0.8080 0.2595 -0.5289
vn 0.9243 0.2638 -0.2759
vn 0.9413 0.2264 -0.2503
vn 0.9521 0.2060 -0.2258
vn 0.8648 0.1808 -0.4684
vn 0.7798 0.1622 -0.6047
vn 0.8441 0.0726 0.5313
vn 0.8017 0.0704 0.5936
vn 0.8408 0.0641 0.5375
vn 0.9500 0.0985 0.2962
vn 0.9528 0.0894 0.2902
vn 0.0954 -0.1609 -0.9823
vn 0.0190 -0.0055 -0.9998
vn -0.0008 0.1788 0.9839
vn 0.0774 0.0059 0.9970
vn -0.8947 -0.4413 0.0693
vn -0.8654 -0.4324 0.2533
vn -0.9102 -0.3242 0.2579
vn -0.9428 -0.3253 0.0733
vn -0.9461 -0.3229 0.0249
vn -0.8976 -0.4404 0.0201
vn -0.9562 -0.2914 0.0262
vn -0.9523 -0.2953 0.0771
vn -0.9152 -0.3046 0.2639
vn -0.9461 -0.3228 0.0250
vn -0.8976 -0.4403 0.0201
vn -0.9462 -0.3228 0.0250
vn -0.9462 -0.3227 0.0249
vn -0.8981 -0.4385 -0.0330
vn -0.9466 -0.3214 -0.0274
vn -0.9187 -0.3073 -0.2481
vn -0.8701 -0.4193 -0.2592
vn -0.9362 -0.2481 -0.2488
vn -0.9583 -0.2848 -0.0237
vn -0.9838 -0.1617 0.0772
vn -0.9506 -0.1695 0.2603
vn -0.9665 -0.0213 0.2557
vn -0.9969 -0.0099 0.0786
vn -0.9994 -0.0062 0.0349
vn -0.9870 -0.1579 0.0306
vn -0.9870 -0.1577 0.0308
vn -0.9994 -0.0061 0.0353
vn -0.9994 -0.0060 0.0355
vn -0.9870 -0.1576 0.0309
vn -0.9994 -0.0060 0.0354
vn -0.9994 -0.0059 0.0351
vn -0.9870 -0.1575 0.0307
vn -0.9874 -0.1567 -0.0197
vn -0.9999 -0.0051 -0.0123
vn -0.9762 0.0007 -0.2170
vn -0.9609 -0.1482 -0.2338
vn -0.9945 0.0697 0.0782
vn -0.9665 0.0594 0.2497
vn -0.9669 0.0449 0.2512
vn -0.9955 0.0547 0.0778
vn -0.9977 0.0567 0.0363
vn -0.9967 0.0722 0.0368
vn -0.9967 0.0722 0.0373
vn -0.9977 0.0567 0.0369
vn -0.9977 0.0567 0.0371
vn -0.9967 0.0722 0.0375
vn -0.9967 0.0722 0.0374
vn -0.9977 0.0567 0.0370
vn -0.9977 0.0568 0.0366
vn -0.9967 0.0723 0.0370
vn -0.9972 0.0741 -0.0082
vn -0.9982 0.0591 -0.0088
vn -0.9760 0.0654 -0.2077
vn -0.9753 0.0803 -0.2060
vn -0.9970 -0.0025 0.0775
vn -0.9663 -0.0116 0.2570
vn -0.9630 -0.0662 0.2611
vn -0.9951 -0.0617 0.0775
vn -0.9976 -0.0608 0.0332
vn -0.9994 -0.0006 0.0348
vn -0.9994 -0.0006 0.0354
vn -0.9976 -0.0609 0.0337
vn -0.9976 -0.0609 0.0339
vn -0.9994 -0.0006 0.0356
vn -0.9994 -0.0005 0.0355
vn -0.9976 -0.0609 0.0338
vn -0.9976 -0.0610 0.0333
vn -0.9994 -0.0005 0.0350
vn -0.9999 0.0018 -0.0117
vn -0.9982 -0.0582 -0.0148
vn -0.9744 -0.0467 -0.2200
vn -0.9767 0.0084 -0.2146
vn -0.9896 -0.1215 0.0777
vn -0.9574 -0.1205 0.2626
vn -0.9453 -0.1884 0.2663
vn -0.9781 -0.1927 0.0782
vn -0.9807 -0.1933 0.0295
vn -0.9921 -0.1217 0.0316
vn -0.9920 -0.1219 0.0319
vn -0.9807 -0.1934 0.0297
vn -0.9807 -0.1935 0.0297
vn -0.9920 -0.1219 0.0321
vn -0.9920 -0.1219 0.0320
vn -0.9806 -0.1936 0.0295
vn -0.9920 -0.1220 0.0317
vn -0.9928 -0.1187 -0.0180
vn -0.9816 -0.1897 -0.0225
vn -0.9571 -0.1682 -0.2360
vn -0.9690 -0.1010 -0.2255
vn -0.9620 -0.2607 0.0815
vn -0.9213 -0.2676 0.2820
vn -0.9279 -0.2393 0.2858
vn -0.9673 -0.2396 0.0832
vn -0.9708 -0.2384 0.0275
vn -0.9659 -0.2576 0.0270
vn -0.9619 -0.2720 0.0267
vn -0.9584 -0.2742 0.0799
vn -0.9202 -0.2772 0.2763
vn -0.9659 -0.2573 0.0274
vn -0.9708 -0.2384 0.0280
vn -0.9708 -0.2384 0.0282
vn -0.9659 -0.2573 0.0275
vn -0.9620 -0.2718 0.0269
vn -0.9660 -0.2573 0.0274
vn -0.9708 -0.2384 0.0277
vn -0.9660 -0.2571 0.0271
vn -0.9620 -0.2716 0.0268
vn -0.9620 -0.2717 0.0269
vn -0.9665 -0.2547 -0.0325
vn -0.9714 -0.2351 -0.0336
vn -0.9380 -0.2149 -0.2721
vn -0.9336 -0.2388 -0.2670
vn -0.9329 -0.2507 -0.2584
vn -0.9627 -0.2688 -0.0307
vn -0.9634 -0.2562 0.0789
vn -0.9286 -0.2527 0.2717
vn -0.9663 -0.2559 0.0274
vn -0.9663 -0.2559 0.0275
vn -0.9673 -0.2522 -0.0276
vn -0.9408 -0.2303 -0.2487
vn -0.9690 -0.2322 0.0849
vn -0.9318 -0.2223 0.2869
vn -0.9239 -0.2476 0.2918
vn -0.9617 -0.2602 0.0866
vn -0.9649 -0.2613 0.0271
vn -0.9720 -0.2333 0.0278
vn -0.9720 -0.2335 0.0282
vn -0.9648 -0.2615 0.0273
vn -0.9719 -0.2335 0.0283
vn -0.9719 -0.2336 0.0282
vn -0.9648 -0.2616 0.0273
vn -0.9648 -0.2617 0.0272
vn -0.9719 -0.2337 0.0280
vn -0.9727 -0.2293 -0.0347
vn -0.9657 -0.2571 -0.0374
vn -0.9327 -0.2301 -0.2776
vn -0.9401 -0.2037 -0.2732
vn -0.9532 -0.2891 0.0886
vn -0.9123 -0.2782 0.3005
vn -0.9114 -0.2726 0.3082
vn -0.9560 -0.2790 0.0910
vn -0.9602 -0.2779 0.0267
vn -0.9569 -0.2891 0.0263
vn -0.9569 -0.2892 0.0263
vn -0.9602 -0.2782 0.0270
vn -0.9598 -0.2793 0.0279
vn -0.9568 -0.2895 0.0265
vn -0.9567 -0.2900 0.0265
vn -0.9592 -0.2814 0.0281
vn -0.9589 -0.2824 0.0265
vn -0.9566 -0.2903 0.0262
vn -0.9574 -0.2859 -0.0410
vn -0.9597 -0.2777 -0.0437
vn -0.9232 -0.2533 -0.2889
vn -0.9229 -0.2597 -0.2844
vn -0.9645 -0.2472 0.0924
vn -0.9176 -0.2481 0.3105
vn -0.9238 -0.2265 0.3086
vn -0.9720 -0.2160 0.0924
vn -0.9768 -0.2121 0.0296
vn -0.9691 -0.2450 0.0280
vn -0.9688 -0.2462 0.0293
vn -0.9759 -0.2156 0.0341
vn -0.9727 -0.2278 0.0454
vn -0.9675 -0.2507 0.0329
vn -0.9655 -0.2582 0.0338
vn -0.9678 -0.2470 0.0478
vn -0.9663 -0.2561 0.0268
vn -0.9647 -0.2618 0.0271
vn -0.9658 -0.2546 -0.0485
vn -0.9680 -0.2431 -0.0623
vn -0.9295 -0.2147 -0.2997
vn -0.9284 -0.2305 -0.2915
vn -0.9736 -0.2091 0.0915
vn -0.9245 -0.2239 0.3084
vn -0.9184 -0.2493 0.3071
vn -0.9663 -0.2416 0.0893
vn -0.9708 -0.2379 0.0297
vn -0.9784 -0.2044 0.0306
vn -0.9772 -0.2083 0.0403
vn -0.9703 -0.2381 0.0420
vn -0.9684 -0.2389 0.0714
vn -0.9730 -0.2218 0.0635
vn -0.9678 -0.2423 0.0686
vn -0.9680 -0.2385 0.0785
vn -0.9713 -0.2366 0.0259
vn -0.9675 -0.2515 0.0259
vn -0.9677 -0.2375 -0.0841
vn -0.9679 -0.2329 -0.0942
vn -0.9192 -0.2177 -0.3283
vn -0.9248 -0.2097 -0.3176
vn -0.9571 -0.2764 0.0869
vn -0.9122 -0.2750 0.3037
vn -0.9092 -0.2834 0.3049
vn -0.9533 -0.2892 0.0866
vn -0.9574 -0.2877 0.0259
vn -0.9613 -0.2740 0.0276
vn -0.9618 -0.2713 0.0370
vn -0.9578 -0.2857 0.0302
vn -0.9596 -0.2787 0.0392
vn -0.9634 -0.2617 0.0590
vn -0.9674 -0.2448 0.0646
vn -0.9629 -0.2668 0.0416
vn -0.9652 -0.2603 0.0263
vn -0.9717 -0.2348 0.0264
vn -0.9674 -0.2407 -0.0793
vn -0.9624 -0.2667 -0.0525
vn -0.9208 -0.2750 -0.2766
vn -0.9183 -0.2399 -0.3151
vn -0.8220 -0.5683 0.0368
vn -0.7879 -0.5612 0.2535
vn -0.0000 -0.9940 0.1092
vn -0.0000 -1.0000 -0.0048
vn -0.0000 -0.9965 -0.0839
vn -0.8394 -0.5431 -0.0216
vn -0.9212 -0.3889 0.0147
vn -0.9167 -0.3898 0.0880
vn -0.8715 -0.3608 0.3322
vn -0.8517 -0.5228 -0.0364
vn -0.0000 -0.9923 -0.1242
vn -0.0000 -0.9928 -0.1195
vn -0.8657 -0.4995 -0.0333
vn -0.9264 -0.3763 0.0134
vn -0.9237 -0.3830 0.0123
vn -0.8786 -0.4770 -0.0226
vn -0.0000 -0.9952 -0.0978
vn -0.0000 -0.9966 -0.0825
vn -0.8896 -0.4565 -0.0151
vn -0.9302 -0.3665 0.0181
vn -0.9286 -0.3708 0.0161
vn -0.8968 -0.4403 -0.0427
vn -0.0000 -0.9918 -0.1277
vn -0.0000 -0.9375 -0.3480
vn -0.8887 -0.4285 -0.1631
vn -0.9133 -0.3648 -0.1810
vn -0.9306 -0.3652 -0.0250
vn -0.9448 -0.3156 0.0884
vn -0.8992 -0.3017 0.3168
vn -0.9487 -0.3152 0.0235
vn -0.9492 -0.3136 0.0245
vn -0.9502 -0.3107 0.0264
vn -0.9513 -0.3070 0.0271
vn -0.9521 -0.3049 0.0249
vn -0.9510 -0.3076 -0.0328
vn -0.9213 -0.3159 -0.2267
vn 0.7750 0.3027 -0.5547
vn 0.6900 0.3056 -0.6561
vn 0.7701 0.2764 -0.5749
vn 0.9092 0.2665 -0.3198
vn 0.9102 0.2867 -0.2988
vn 0.9255 0.3553 -0.1309
vn 0.8112 0.3088 -0.4966
vn 0.9371 0.3255 -0.1264
vn 0.9441 0.3287 -0.0247
vn 0.9336 0.3575 -0.0236
vn 0.9722 0.2325 -0.0284
vn 0.9614 0.2409 -0.1330
vn 0.8350 0.2483 -0.4911
vn 0.9337 0.3574 -0.0233
vn 0.9443 0.3282 -0.0244
vn 0.9340 0.3565 -0.0225
vn 0.9723 0.2320 -0.0273
vn 0.9722 0.2325 -0.0281
vn 0.9348 0.3548 -0.0189
vn 0.9449 0.3268 -0.0217
vn 0.9461 0.3236 -0.0144
vn 0.9355 0.3532 -0.0104
vn 0.9727 0.2312 -0.0194
vn 0.9725 0.2314 -0.0247
vn 0.9338 0.3425 0.1034
vn 0.9469 0.3083 0.0917
vn 0.8722 0.2435 0.4243
vn 0.8506 0.2816 0.4441
vn 0.8846 0.1457 0.4429
vn 0.9716 0.2144 0.1003
vn 0.8768 0.1864 -0.4432
vn 0.7875 0.1747 -0.5910
vn 0.9586 0.1968 -0.2059
vn 0.9573 0.2619 -0.1227
vn 0.9796 0.1618 -0.1193
vn 0.9861 0.1631 -0.0304
vn 0.9638 0.2651 -0.0270
vn 0.9638 0.2652 -0.0271
vn 0.9861 0.1631 -0.0307
vn 0.9861 0.1632 -0.0307
vn 0.9638 0.2651 -0.0271
vn 0.9641 0.2641 -0.0257
vn 0.9862 0.1628 -0.0302
vn 0.9865 0.1614 -0.0288
vn 0.9652 0.2608 -0.0216
vn 0.9667 0.2447 0.0756
vn 0.9868 0.1507 0.0600
vn 0.9206 0.1085 0.3752
vn 0.8979 0.1834 0.4003
vn 0.8209 0.0625 -0.5677
vn 0.7539 0.0347 -0.6561
vn 0.9443 0.1149 -0.3082
vn 0.9806 0.1651 -0.1059
vn 0.9880 0.1136 -0.1045
vn 0.9933 0.1115 -0.0318
vn 0.9859 0.1648 -0.0301
vn 0.9904 0.1350 -0.0312
vn 0.9846 0.1358 -0.1101
vn 0.9859 0.1648 -0.0305
vn 0.9932 0.1114 -0.0322
vn 0.9932 0.1114 -0.0324
vn 0.9858 0.1648 -0.0307
vn 0.9903 0.1351 -0.0316
vn 0.9903 0.1351 -0.0315
vn 0.9858 0.1648 -0.0305
vn 0.9933 0.1114 -0.0322
vn 0.9933 0.1113 -0.0317
vn 0.9859 0.1648 -0.0300
vn 0.9903 0.1351 -0.0310
vn 0.9860 0.1598 0.0475
vn 0.9932 0.1077 0.0436
vn 0.9400 0.0888 0.3294
vn 0.9315 0.1304 0.3396
vn 0.9329 0.1023 0.3454
vn 0.9903 0.1301 0.0489
vn 0.8805 0.1294 -0.4561
vn 0.7813 0.1054 -0.6152
vn 0.9687 0.1372 -0.2068
vn 0.9880 0.1030 -0.1151
vn 0.9003 0.0994 -0.4237
vn 0.9943 0.1021 -0.0323
vn 0.9942 0.1021 -0.0326
vn 0.9942 0.1022 -0.0327
vn 0.9942 0.1021 -0.0325
vn 0.9943 0.1020 -0.0319
vn 0.9941 0.0960 0.0511
vn 0.9323 0.0692 0.3550
vn 0.7691 0.0666 -0.6356
vn 0.7041 0.0530 -0.7082
vn 0.9285 0.0658 -0.3656
vn 0.9931 0.0559 -0.1035
vn 0.9929 0.0649 -0.0994
vn 0.9973 0.0666 -0.0315
vn 0.9980 0.0530 -0.0334
vn 0.9980 0.0533 -0.0339
vn 0.9971 0.0684 -0.0330
vn 0.9971 0.0686 -0.0341
vn 0.9980 0.0533 -0.0342
vn 0.9980 0.0532 -0.0340
vn 0.9971 0.0685 -0.0333
vn 0.9970 0.0711 -0.0296
vn 0.9980 0.0536 -0.0330
vn 0.9977 0.0530 0.0415
vn 0.9961 0.0745 0.0467
vn 0.9491 0.0613 0.3090
vn 0.9475 0.0440 0.3167
vn 0.6848 0.0799 -0.7243
vn 0.5945 0.0631 -0.8016
vn 0.9902 0.1056 -0.0911
vn 0.9871 0.1364 -0.0843
vn 0.9897 0.1410 -0.0245
vn 0.9933 0.1123 -0.0272
vn 0.9929 0.1150 -0.0306
vn 0.9894 0.1421 -0.0282
vn 0.9894 0.1409 -0.0354
vn 0.9928 0.1150 -0.0337
vn 0.9930 0.1132 -0.0325
vn 0.9902 0.1347 -0.0359
vn 0.9914 0.1293 -0.0199
vn 0.9931 0.1154 -0.0228
vn 0.9914 0.1185 0.0561
vn 0.9905 0.1231 0.0611
vn 0.9478 0.0969 0.3039
vn 0.5705 0.1989 -0.7968
vn 0.5077 0.1402 -0.8501
vn 0.5591 0.2118 -0.8016
vn 0.4793 0.1825 -0.8584
vn 0.9862 0.1427 -0.0836
vn 0.9899 0.1178 -0.0789
vn 0.9921 0.1230 -0.0242
vn 0.9892 0.1444 -0.0249
vn 0.9892 0.1444 -0.0264
vn 0.9917 0.1258 -0.0256
vn 0.9911 0.1271 -0.0403
vn 0.9889 0.1432 -0.0386
vn 0.9898 0.1358 -0.0436
vn 0.9907 0.1273 -0.0483
vn 0.9919 0.1236 -0.0293
vn 0.9918 0.1255 -0.0237
vn 0.9920 0.1118 0.0595
vn 0.9920 0.1143 0.0543
vn 0.7223 0.1843 -0.6665
vn 0.7459 0.1394 -0.6513
vn 0.6824 0.2458 -0.6884
vn 0.9937 0.0936 -0.0613
vn 0.9939 0.1023 -0.0421
vn 0.9941 0.1084 -0.0103
vn 0.9945 0.1029 -0.0180
vn 0.9938 0.1086 -0.0256
vn 0.9933 0.1128 -0.0256
vn 0.9927 0.1154 -0.0350
vn 0.9929 0.1122 -0.0389
vn 0.9919 0.1193 -0.0447
vn 0.9919 0.1211 -0.0371
vn 0.9917 0.1249 -0.0316
vn 0.9919 0.1233 -0.0319
vn 0.9915 0.1207 0.0484
vn 0.9914 0.1231 0.0445
vn 0.6939 -0.0031 -0.7201
vn 0.4033 -0.1511 -0.9025
vn 0.6859 -0.0046 -0.7277
vn 0.9905 0.1336 -0.0333
vn 0.9847 0.1717 -0.0310
vn 0.9852 0.1716 -0.0040
vn 0.9910 0.1339 -0.0059
vn 0.9905 0.1355 -0.0250
vn 0.9847 0.1726 -0.0238
vn 0.9845 0.1729 -0.0304
vn 0.9901 0.1363 -0.0321
vn 0.9899 0.1378 -0.0323
vn 0.9845 0.1728 -0.0303
vn 0.9845 0.1726 -0.0301
vn 0.9899 0.1385 -0.0309
vn 0.9898 0.1353 0.0439
vn 0.9846 0.1690 0.0454
vn 0.7788 0.1018 -0.6190
vn 0.7788 0.1307 -0.6135
vn 0.7780 0.1346 -0.6137
vn 0.7764 0.1148 -0.6197
vn 0.9800 0.1971 -0.0286
vn 0.9802 0.1959 -0.0291
vn 0.9811 0.1934 -0.0034
vn 0.9803 0.1977 -0.0028
vn 0.9797 0.1990 -0.0228
vn 0.9809 0.1931 -0.0231
vn 0.9807 0.1932 -0.0297
vn 0.9795 0.1993 -0.0295
vn 0.9807 0.1933 -0.0297
vn 0.9807 0.1935 -0.0294
vn 0.9795 0.1993 -0.0294
vn 0.9797 0.1952 0.0460
vn 0.9811 0.1880 0.0450
vn 0.5682 0.3409 -0.7490
vn 0.2560 0.3099 -0.9156
vn 0.2496 0.3377 -0.9075
vn 0.5548 0.3600 -0.7501
vn 0.9708 0.2326 -0.0580
vn 0.9652 0.2523 -0.0694
vn 0.9693 0.2450 -0.0219
vn 0.9739 0.2265 -0.0171
vn 0.9790 0.2038 -0.0114
vn 0.9765 0.2104 -0.0460
vn 0.9744 0.2233 -0.0256
vn 0.9696 0.2432 -0.0263
vn 0.9697 0.2428 -0.0280
vn 0.9744 0.2228 -0.0287
vn 0.9794 0.2000 -0.0295
vn 0.9794 0.2005 -0.0248
vn 0.9745 0.2228 -0.0284
vn 0.9697 0.2428 -0.0277
vn 0.9697 0.2427 -0.0268
vn 0.9745 0.2228 -0.0274
vn 0.9794 0.2001 -0.0284
vn 0.9794 0.2000 -0.0292
vn 0.9747 0.2191 0.0441
vn 0.9699 0.2395 0.0439
vn 0.9798 0.1951 0.0444
vn 0.7478 0.2096 -0.6300
vn 0.7591 0.1952 -0.6210
vn 0.9804 0.1937 -0.0355
vn 0.9822 0.1875 -0.0065
vn 0.9824 0.1853 -0.0240
vn 0.9823 0.1851 -0.0300
vn 0.9823 0.1851 -0.0298
vn 0.9822 0.1854 -0.0293
vn 0.9828 0.1792 0.0444
vn 0.7143 0.1933 -0.6726
vn 0.6995 0.1946 -0.6876
vn 0.7089 0.1467 -0.6898
vn 0.7230 0.1499 -0.6744
vn 0.9624 0.2598 -0.0793
vn 0.9658 0.2438 -0.0885
vn 0.9713 0.2363 -0.0268
vn 0.9676 0.2512 -0.0248
vn 0.9677 0.2505 -0.0269
vn 0.9714 0.2359 -0.0279
vn 0.9714 0.2358 -0.0282
vn 0.9678 0.2503 -0.0277
vn 0.9678 0.2503 -0.0274
vn 0.9714 0.2358 -0.0279
vn 0.9714 0.2358 -0.0271
vn 0.9678 0.2503 -0.0265
vn 0.9680 0.2471 0.0437
vn 0.9715 0.2330 0.0431
vn 0.7618 0.1036 -0.6395
vn 0.7636 0.0944 -0.6388
vn 0.9709 0.2196 -0.0951
vn 0.9146 0.2301 -0.3324
vn 0.9204 0.2023 -0.3346
vn 0.9743 0.2031 -0.0976
vn 0.9790 0.2018 -0.0281
vn 0.9763 0.2148 -0.0281
vn 0.9762 0.2148 -0.0286
vn 0.9788 0.2029 -0.0283
vn 0.9785 0.2042 -0.0283
vn 0.9762 0.2150 -0.0288
vn 0.9761 0.2153 -0.0285
vn 0.9783 0.2054 -0.0280
vn 0.9780 0.2066 -0.0272
vn 0.9761 0.2155 -0.0276
vn 0.9760 0.2136 0.0432
vn 0.9773 0.2071 0.0451
vn 0.7688 0.1751 -0.6150
vn 0.7702 0.1689 -0.6150
vn 0.9790 0.1817 -0.0923
vn 0.9786 0.1832 -0.0937
vn 0.9249 0.1644 -0.3428
vn 0.9236 0.1532 -0.3514
vn 0.9170 0.1469 -0.3710
vn 0.9789 0.1807 -0.0956
vn 0.9814 0.1907 -0.0222
vn 0.9816 0.1896 -0.0236
vn 0.9822 0.1864 -0.0241
vn 0.9811 0.1917 -0.0276
vn 0.9825 0.1843 -0.0275
vn 0.9806 0.1941 -0.0267
vn 0.9803 0.1975 -0.0025
vn 0.9809 0.1944 -0.0037
vn 0.9828 0.1848 -0.0068
vn 0.9800 0.1982 0.0201
vn 0.9815 0.1909 0.0140
vn 0.9794 0.2006 0.0221
vn 0.9789 0.2036 0.0181
vn 0.9791 0.2025 0.0162
vn 0.9799 0.1992 0.0108
vn 0.9757 0.2019 0.0853
vn 0.9756 0.2036 0.0815
vn 0.9755 0.2011 0.0887
vn 0.9770 0.2078 0.0482
vn 0.9785 0.2045 -0.0254
vn 0.9788 0.2036 -0.0229
vn 0.9767 0.2081 0.0519
vn 0.9765 0.2081 0.0562
vn 0.9789 0.2035 -0.0201
vn 0.9790 0.2030 -0.0170
vn 0.9763 0.2079 0.0605
vn 0.9761 0.2075 0.0650
vn 0.9794 0.2017 -0.0128
vn 0.9800 0.1987 -0.0064
vn 0.9759 0.2068 0.0703
vn 0.9757 0.2055 0.0762
vn 0.9804 0.1969 0.0023
vn 0.9790 0.2020 -0.0262
vn 0.9796 0.1994 -0.0265
vn 0.9800 0.1974 -0.0238
vn 0.9794 0.2005 -0.0236
vn 0.9795 0.2002 -0.0206
vn 0.9802 0.1969 -0.0210
vn 0.9805 0.1954 -0.0181
vn 0.9798 0.1991 -0.0172
vn 0.9805 0.1959 -0.0127
vn 0.9814 0.1913 -0.0153
vn 0.9831 0.1828 -0.0126
vn 0.9819 0.1894 -0.0056
vn 0.9826 0.1856 0.0044
vn 0.9840 0.1779 -0.0098
vn 0.9801 0.1968 -0.0265
vn 0.9806 0.1943 -0.0266
vn 0.9813 0.1911 -0.0240
vn 0.9807 0.1943 -0.0239
vn 0.9808 0.1939 -0.0212
vn 0.9814 0.1910 -0.0212
vn 0.9815 0.1906 -0.0188
vn 0.9811 0.1928 -0.0189
vn 0.9817 0.1896 -0.0179
vn 0.9818 0.1891 -0.0175
vn 0.9824 0.1860 -0.0184
vn 0.9829 0.1829 -0.0196
vn 0.9835 0.1790 -0.0239
vn 0.9827 0.1841 -0.0216
vn 0.9765 0.1921 -0.0979
vn 0.9249 0.1816 -0.3340
vn 0.9271 0.1720 -0.3329
vn 0.9775 0.1874 -0.0972
vn 0.9776 0.1874 -0.0955
vn 0.9281 0.1722 -0.3300
vn 0.9281 0.1748 -0.3286
vn 0.9778 0.1875 -0.0940
vn 0.9779 0.1873 -0.0932
vn 0.9271 0.1775 -0.3300
vn 0.9256 0.1782 -0.3338
vn 0.9780 0.1865 -0.0934
vn 0.9782 0.1851 -0.0940
vn 0.9249 0.1747 -0.3378
vn 0.6692 0.0370 -0.7422
vn 0.8086 0.1532 -0.5680
vn 0.8165 0.1378 -0.5607
vn 0.7969 0.1838 -0.5754
vn 0.8197 0.1595 -0.5502
vn 0.7729 0.1560 -0.6150
vn 0.8147 0.1630 -0.5565
vn 0.8228 0.1489 -0.5485
vn 0.7888 0.1279 -0.6012
vn 0.7760 0.1212 -0.6190
vn 0.8022 0.1445 -0.5793
vn 0.0217 -0.2589 0.9657
vn -0.0277 -0.1798 0.9833
vn 0.0234 -0.1153 0.9931
vn 0.0493 -0.2135 0.9757
vn 0.0657 -0.2549 0.9647
vn 0.0422 -0.2688 0.9623
vn -0.0000 -0.2730 0.9620
vn -0.0000 -0.2943 0.9557
vn -0.0000 -0.4052 0.9142
vn 0.0521 -0.2852 0.9571
vn 0.0784 -0.2619 0.9619
vn 0.0994 -0.2475 0.9638
vn 0.0633 -0.2891 0.9552
vn -0.0000 -0.3014 0.9535
vn -0.0000 -0.2929 0.9561
vn 0.0713 -0.2655 0.9615
vn 0.1298 -0.2120 0.9686
vn -0.0000 -0.2824 0.9593
vn 0.0411 -0.0423 0.9983
vn 0.0608 -0.0564 0.9966
vn 0.0809 -0.1223 0.9892
vn 0.0580 -0.1164 0.9915
vn 0.0041 -0.0542 0.9985
vn 0.0843 -0.2010 0.9760
vn 0.1142 -0.1818 0.9767
vn 0.1397 -0.2129 0.9670
vn 0.1007 -0.2359 0.9666
vn 0.1101 -0.2296 0.9670
vn 0.1433 -0.2020 0.9688
vn 0.1354 -0.1223 0.9832
vn 0.1275 -0.1822 0.9750
vn 0.1682 -0.1242 0.9779
vn 0.1549 -0.0392 0.9871
vn 0.1208 -0.0546 0.9912
vn 0.3559 0.0187 0.9343
vn 0.3662 0.0054 0.9305
vn 0.1413 -0.0946 0.9854
vn 0.1798 -0.1285 0.9753
vn 0.3946 -0.0117 0.9188
vn 0.4328 -0.0668 0.8990
vn 0.2190 -0.1699 0.9608
vn 0.2241 -0.1702 0.9596
vn 0.4430 -0.0808 0.8929
vn 0.4148 0.0288 0.9095
vn 0.1941 -0.0673 0.9787
vn 0.1844 0.0424 0.9819
vn 0.3917 0.1494 0.9079
vn 0.7075 -0.0624 0.7039
vn 0.7955 0.0196 0.6056
vn 0.7759 0.0521 0.6288
vn 0.8136 0.0216 0.5811
vn 0.7487 0.0303 0.6622
vn 0.7332 0.0495 0.6782
vn 0.7545 0.0554 0.6539
vn 0.6570 0.1852 0.7308
vn 0.6859 0.0559 0.7255
vn 0.6813 0.1454 0.7174
vn -0.0199 0.1040 -0.9944
vn -0.0078 0.1129 -0.9936
vn -0.0272 0.1413 -0.9896
vn -0.0383 0.1259 -0.9913
vn -0.0436 0.0765 -0.9961
vn -0.0272 0.0695 -0.9972
vn -0.0000 0.0660 -0.9978
vn -0.0000 0.0938 -0.9956
vn -0.0000 0.0980 -0.9952
vn -0.0164 0.0249 -0.9996
vn -0.0306 0.0206 -0.9993
vn -0.0187 -0.0106 -0.9998
vn -0.0053 -0.0030 -1.0000
vn -0.0000 -0.0000 -1.0000
vn -0.0000 0.0258 -0.9997
vn 0.0118 -0.0550 -0.9984
vn 0.0007 -0.0606 -0.9982
vn 0.0416 -0.1734 -0.9840
vn 0.0431 -0.1723 -0.9841
vn -0.0000 -0.1794 -0.9838
vn -0.0000 -0.0566 -0.9984
vn 0.0521 -0.3387 -0.9395
vn 0.0733 -0.2630 -0.9620
vn -0.0030 -0.3319 -0.9433
vn -0.0000 -0.5725 -0.8199
vn -0.0000 -0.4117 -0.9113
vn -0.0525 0.1518 -0.9870
vn -0.0425 0.1725 -0.9841
vn -0.0607 0.2094 -0.9759
vn -0.0687 0.1830 -0.9807
vn -0.0684 0.1047 -0.9921
vn -0.0563 0.0880 -0.9945
vn -0.0437 0.0196 -0.9989
vn -0.0526 0.0229 -0.9984
vn -0.0421 -0.0164 -0.9990
vn -0.0337 -0.0157 -0.9993
vn -0.0150 -0.0660 -0.9977
vn -0.0237 -0.0674 -0.9974
vn 0.0238 -0.1810 -0.9832
vn 0.0303 -0.1779 -0.9836
vn 0.0688 -0.2657 -0.9616
vn 0.0659 -0.2708 -0.9604
vn -0.0137 0.2322 -0.9726
vn -0.0125 0.2619 -0.9650
vn -0.0030 0.1436 -0.9896
vn 0.0197 0.0506 -0.9985
vn 0.0321 0.0080 -0.9995
vn 0.0500 -0.0430 -0.9978
vn 0.0943 -0.1590 -0.9828
vn 0.1326 -0.2532 -0.9583
vn 0.7716 0.1625 -0.6151
vn 0.8094 0.1587 -0.5654
vn 0.8216 0.1389 -0.5528
vn 0.7826 0.2237 -0.5809
vn 0.6530 -0.0221 0.7570
vn 0.6940 0.0155 0.7198
vn 0.7082 0.0041 0.7060
vn 0.6728 -0.0194 0.7396
vn 0.8302 0.0438 0.5558
vn 0.7598 0.0772 0.6455
vn 0.7092 0.0949 0.6986
vn 0.3657 -0.0115 -0.9307
vn 0.4037 0.0088 -0.9149
vn 0.4734 0.0574 -0.8790
vn 0.4439 0.0563 -0.8943
vn 0.4058 0.1374 -0.9036
vn 0.3035 0.0969 -0.9479
vn 0.5203 0.1098 -0.8469
vn 0.5420 0.0969 -0.8348
vn 0.4941 0.1667 -0.8533
vn 0.4055 0.0141 -0.9140
vn 0.4298 -0.0279 -0.9025
vn 0.5033 -0.0153 -0.8640
vn 0.4779 0.0170 -0.8782
vn 0.4603 0.0180 -0.8876
vn 0.3956 0.0198 -0.9182
vn 0.4803 0.0314 -0.8766
vn 0.5079 0.0002 -0.8614
vn 0.5652 0.0195 -0.8247
vn 0.5404 0.0424 -0.8403
vn 0.5211 0.0525 -0.8519
vn 0.4574 0.0376 -0.8885
vn 0.5940 0.0522 -0.8027
vn 0.6143 0.0419 -0.7880
vn 0.5796 0.0645 -0.8123
vn 0.4505 0.0186 -0.8926
vn 0.4604 0.0048 -0.8877
vn 0.5291 0.0169 -0.8484
vn 0.5271 0.0254 -0.8494
vn 0.5332 -0.0055 -0.8460
vn 0.4527 -0.0167 -0.8915
vn 0.5334 0.0215 -0.8456
vn 0.5324 0.0202 -0.8462
vn 0.6275 0.0230 -0.7783
vn 0.6205 0.0241 -0.7838
vn 0.6117 0.0135 -0.7910
vn 0.5400 -0.0013 -0.8417
vn 0.6978 0.0360 -0.7154
vn 0.7146 0.0286 -0.6990
vn 0.6745 0.0385 -0.7373
vn 0.5194 -0.0019 -0.8545
vn 0.5228 0.0016 -0.8525
vn 0.6458 0.0300 -0.7629
vn 0.6433 0.0175 -0.7654
vn 0.6244 0.0460 -0.7798
vn 0.5053 0.0052 -0.8630
vn 0.6878 0.0313 -0.7252
vn 0.6952 0.0481 -0.7172
vn 0.7193 0.0679 -0.6914
vn 0.7071 0.0512 -0.7053
vn 0.6836 0.0941 -0.7237
vn 0.6627 0.0742 -0.7452
vn 0.7286 0.0767 -0.6807
vn 0.7431 0.0917 -0.6629
vn 0.7092 0.1036 -0.6974
vn 0.4584 -0.0319 -0.8882
vn 0.4544 -0.0136 -0.8907
vn 0.5572 0.0179 -0.8302
vn 0.5521 -0.0324 -0.8331
vn 0.5526 -0.0361 -0.8327
vn 0.4736 -0.0367 -0.8800
vn 0.5843 -0.0196 -0.8113
vn 0.5966 0.0498 -0.8010
vn 0.6615 0.0777 -0.7459
vn 0.6660 0.0101 -0.7459
vn 0.6618 -0.0043 -0.7497
vn 0.5703 -0.0261 -0.8210
vn 0.7372 0.0298 -0.6750
vn 0.7205 0.0826 -0.6885
vn 0.7398 0.0137 -0.6727
vn 0.5186 0.1205 -0.8465
vn 0.5227 0.1341 -0.8419
vn 0.6384 0.1599 -0.7529
vn 0.6398 0.1554 -0.7527
vn 0.6430 0.1201 -0.7564
vn 0.5200 0.0762 -0.8507
vn 0.6811 0.1640 -0.7136
vn 0.6720 0.1592 -0.7232
vn 0.7024 0.1537 -0.6950
vn 0.7077 0.1641 -0.6872
vn 0.7144 0.1483 -0.6838
vn 0.6895 0.1398 -0.7107
vn 0.7362 0.1673 -0.6558
vn 0.7357 0.1554 -0.6593
vn 0.7411 0.1551 -0.6532
vn 0.5466 0.2115 -0.8102
vn 0.6447 0.2552 -0.7206
vn 0.6287 0.2218 -0.7454
vn 0.5301 0.1886 -0.8267
vn 0.6427 0.2764 -0.7145
vn 0.6532 0.2949 -0.6974
vn 0.6617 0.2424 -0.7095
vn 0.6371 0.2329 -0.7347
vn 0.6719 0.3057 -0.6746
vn 0.6948 0.2510 -0.6740
vn 0.5273 0.1490 -0.8365
vn 0.6338 0.1724 -0.7540
vn 0.6562 0.1713 -0.7349
vn 0.6881 0.1686 -0.7058
vn 0.7257 0.1721 -0.6661
vn 0.5226 0.0264 -0.8522
vn 0.6449 0.0710 -0.7609
vn 0.6945 0.0961 -0.7131
vn 0.7198 0.1126 -0.6850
vn 0.7458 0.1262 -0.6541
vn 0.4767 0.0050 -0.8790
vn 0.5865 0.0615 -0.8076
vn 0.6241 0.1036 -0.7745
vn 0.6643 0.1258 -0.7368
vn 0.7042 0.1224 -0.6993
vn 0.4746 -0.0255 -0.8798
vn 0.5423 -0.0111 -0.8401
vn 0.5483 0.0013 -0.8363
vn 0.6437 0.0110 -0.7652
vn 0.7294 0.0194 -0.6838
vn 0.4499 -0.0514 -0.8916
vn 0.5266 -0.0345 -0.8494
vn 0.5324 -0.0198 -0.8463
vn 0.5924 0.0053 -0.8056
vn 0.6439 0.0380 -0.7642
vn 0.3947 -0.0073 -0.9188
vn 0.4462 -0.0044 -0.8949
vn 0.4337 0.0268 -0.9007
vn 0.5001 0.0550 -0.8642
vn 0.5629 0.0790 -0.8227
vn 0.6790 0.0288 0.7336
vn 0.7474 0.0467 0.6628
vn 0.7603 0.0351 0.6487
vn 0.6931 0.0099 0.7208
vn 0.8050 0.0628 0.5899
vn 0.8129 0.0577 0.5796
vn 0.6565 0.0586 0.7521
vn 0.6623 0.0122 0.7491
vn 0.7172 0.0325 0.6961
vn 0.7228 0.0938 0.6847
vn 0.7377 0.1224 0.6639
vn 0.6599 0.0848 0.7465
vn 0.7120 0.1238 0.6912
vn 0.7057 0.0472 0.7069
vn 0.7589 0.0765 0.6467
vn 0.7497 0.1470 0.6452
vn 0.7491 0.1641 0.6418
vn 0.7293 0.1479 0.6680
vn 0.7891 0.1413 0.5977
vn 0.8091 0.0899 0.5807
vn 0.7719 0.1560 0.6163
vn 0.6741 -0.0210 0.7384
vn 0.7168 -0.0108 0.6972
vn 0.7037 -0.0107 0.7104
vn 0.7658 0.0210 0.6427
vn 0.8176 0.0499 0.5737
vn 0.6543 0.0948 0.7503
vn 0.6600 0.0922 0.7455
vn 0.7573 0.1151 0.6428
vn 0.7558 0.1104 0.6454
vn 0.7481 0.1239 0.6519
vn 0.6446 0.1091 0.7567
vn 0.7571 0.1043 0.6449
vn 0.7567 0.1155 0.6435
vn 0.7599 0.1145 0.6399
vn 0.7590 0.0978 0.6437
vn 0.7503 0.1144 0.6511
vn 0.7492 0.1191 0.6515
vn 0.7611 0.0901 0.6424
vn 0.7642 0.1081 0.6359
vn 0.7514 0.1096 0.6507
vn 0.6617 0.0929 0.7440
vn 0.7510 0.1244 0.6484
vn 0.7468 0.1364 0.6510
vn 0.7544 0.1448 0.6402
vn 0.7646 0.1403 0.6291
vn 0.6242 0.1435 0.7680
vn 0.6267 0.1426 0.7661
vn 0.7317 0.1665 0.6609
vn 0.7277 0.1663 0.6655
vn 0.7249 0.1622 0.6694
vn 0.6264 0.1327 0.7682
vn 0.7287 0.1624 0.6653
vn 0.7324 0.1642 0.6608
vn 0.7330 0.1619 0.6607
vn 0.7298 0.1585 0.6650
vn 0.7261 0.1579 0.6692
vn 0.7255 0.1601 0.6693
vn 0.7308 0.1546 0.6648
vn 0.7336 0.1596 0.6605
vn 0.7267 0.1558 0.6691
vn 0.6375 0.1242 0.7604
vn 0.7408 0.1422 0.6565
vn 0.7368 0.1552 0.6581
vn 0.6342 0.1323 0.7617
vn 0.7411 0.1409 0.6564
vn 0.7414 0.1396 0.6563
vn 0.7368 0.1553 0.6581
vn 0.7418 0.1384 0.6562
vn 0.7367 0.1553 0.6581
vn 0.6404 0.1118 0.7599
vn 0.6297 0.1219 0.7673
vn 0.7238 0.1652 0.6700
vn 0.7270 0.1569 0.6685
vn 0.7408 0.1135 0.6620
vn 0.6632 0.0593 0.7461
vn 0.7265 0.1590 0.6686
vn 0.7236 0.1660 0.6700
vn 0.7234 0.1668 0.6700
vn 0.7259 0.1612 0.6686
vn 0.7371 0.1319 0.6628
vn 0.7390 0.1226 0.6624
vn 0.7254 0.1634 0.6686
vn 0.7231 0.1676 0.6700
vn 0.7351 0.1414 0.6631
vn 0.6310 0.1373 0.7635
vn 0.7345 0.1631 0.6587
vn 0.7346 0.1628 0.6587
vn 0.7346 0.1625 0.6587
vn 0.7347 0.1623 0.6587
vn 0.6326 0.2308 0.7393
vn 0.6579 0.1303 0.7417
vn 0.7423 0.1685 0.6486
vn 0.7186 0.2450 0.6509
vn 0.7058 0.2496 0.6630
vn 0.6266 0.2429 0.7405
vn 0.7221 0.2321 0.6517
vn 0.7420 0.1693 0.6486
vn 0.7418 0.1702 0.6487
vn 0.7256 0.2189 0.6524
vn 0.7158 0.2114 0.6655
vn 0.7109 0.2308 0.6644
vn 0.7290 0.2054 0.6530
vn 0.7416 0.1710 0.6487
vn 0.7206 0.1915 0.6664
vn 0.6288 0.1203 0.7682
vn 0.7246 0.1597 0.6704
vn 0.7244 0.1603 0.6704
vn 0.7243 0.1610 0.6705
vn 0.7241 0.1617 0.6705
vn 0.6742 0.0401 0.7375
vn 0.7518 0.0973 0.6522
vn 0.7496 0.1092 0.6528
vn 0.7473 0.1214 0.6533
vn 0.7448 0.1338 0.6537
vn 0.6280 0.2190 0.7468
vn 0.6979 0.2254 0.6798
vn 0.6924 0.2170 0.6881
vn 0.6246 0.2100 0.7522
vn 0.7029 0.2047 0.6811
vn 0.7078 0.1835 0.6822
vn 0.7021 0.1739 0.6905
vn 0.6974 0.1957 0.6894
vn 0.7123 0.1617 0.6830
vn 0.7066 0.1514 0.6912
vn -0.8073 -0.2804 0.5192
vn -0.7796 -0.2849 0.5577
vn -0.7193 -0.4699 0.5116
vn -0.8001 -0.3435 0.4918
vn -0.8119 -0.2590 0.5232
vn -0.7889 -0.2464 0.5630
vn -0.8140 -0.2592 0.5199
vn -0.7876 -0.2577 0.5597
vn -0.8164 -0.2451 0.5229
vn -0.7871 -0.2456 0.5659
vn -0.8206 -0.2291 0.5236
vn -0.7895 -0.2293 0.5694
vn -0.8198 -0.2289 0.5249
vn -0.7843 -0.2340 0.5745
vn -0.8144 -0.2384 0.5291
vn -0.7733 -0.2426 0.5857
vn -0.8118 -0.2483 0.5284
vn -0.7692 -0.2371 0.5934
vn -0.8187 -0.2455 0.5191
vn -0.7775 -0.2219 0.5884
vn -0.8333 -0.2184 0.5079
vn -0.7901 -0.2009 0.5792
vn -0.8399 -0.2017 0.5038
vn -0.7926 -0.1942 0.5779
vn -0.8313 -0.2289 0.5064
vn -0.7809 -0.2241 0.5831
vn -0.8214 -0.2641 0.5055
vn -0.7689 -0.2584 0.5848
vn -0.8232 -0.2684 0.5002
vn -0.7712 -0.2593 0.5813
vn -0.8360 -0.2379 0.4945
vn -0.7850 -0.2282 0.5759
vn -0.8534 -0.1786 0.4897
vn -0.8000 -0.1765 0.5735
vn -0.8636 -0.1190 0.4899
vn -0.8064 -0.1241 0.5782
vn -0.8675 -0.0726 0.4921
vn -0.8083 -0.0785 0.5835
vn -0.8732 -0.0247 0.4868
vn -0.8147 -0.0300 0.5790
vn -0.8797 0.0290 0.4747
vn -0.8245 0.0228 0.5654
vn -0.8826 0.0458 0.4679
vn -0.8301 0.0423 0.5560
vn -0.8795 -0.0272 0.4751
vn -0.8271 -0.0212 0.5616
vn -0.8612 -0.1618 0.4819
vn -0.8105 -0.1436 0.5678
vn -0.8262 -0.2982 0.4780
vn -0.7815 -0.2695 0.5627
vn -0.7913 -0.3932 0.4682
vn -0.7547 -0.3593 0.5490
vn -0.8312 -0.2996 0.4684
vn -0.7940 -0.2873 0.5358
vn -0.7260 -0.2216 0.6510
vn -0.7316 -0.1292 0.6694
vn -0.8113 -0.1982 0.5500
vn -0.7865 -0.3013 0.5390
vn -0.8093 -0.2601 0.5267
vn -0.7294 -0.2208 0.6474
vn -0.7774 -0.3144 0.5448
vn -0.8032 -0.2161 0.5551
vn -0.7959 -0.2340 0.5584
vn -0.7697 -0.3286 0.5474
vn -0.8001 -0.2721 0.5346
vn -0.8038 -0.2658 0.5322
vn -0.7624 -0.3437 0.5483
vn -0.7889 -0.2517 0.5606
vn -0.7972 -0.2795 0.5352
vn -0.7301 -0.0243 0.6829
vn -0.7197 0.0440 0.6929
vn -0.8342 0.0219 0.5510
vn -0.8299 -0.0725 0.5532
vn -0.8251 -0.0911 0.5576
vn -0.8326 0.0107 0.5538
vn -0.8308 -0.0002 0.5565
vn -0.8203 -0.1091 0.5614
vn -0.8155 -0.1265 0.5648
vn -0.8290 -0.0109 0.5591
vn -0.7085 0.0630 0.7029
vn -0.6947 0.0309 0.7186
vn -0.8258 0.0327 0.5630
vn -0.8320 0.0591 0.5516
vn -0.8316 0.0548 0.5527
vn -0.8255 0.0302 0.5636
vn -0.8252 0.0278 0.5642
vn -0.8311 0.0506 0.5538
vn -0.8306 0.0464 0.5549
vn -0.8248 0.0253 0.5648
vn -0.6767 -0.0348 0.7355
vn -0.6550 -0.1205 0.7460
vn -0.8024 -0.1039 0.5877
vn -0.8149 -0.0293 0.5789
vn -0.8149 -0.0295 0.5789
vn -0.8039 -0.0975 0.5867
vn -0.8054 -0.0911 0.5856
vn -0.8148 -0.0296 0.5790
vn -0.8148 -0.0298 0.5790
vn -0.8069 -0.0848 0.5846
vn -0.6413 -0.1916 0.7430
vn -0.6423 -0.2213 0.7338
vn -0.7937 -0.1966 0.5756
vn -0.7951 -0.1652 0.5836
vn -0.7981 -0.1548 0.5823
vn -0.7954 -0.1915 0.5751
vn -0.7969 -0.1864 0.5746
vn -0.8010 -0.1445 0.5810
vn -0.8038 -0.1342 0.5796
vn -0.7985 -0.1814 0.5741
vn -0.6426 -0.2366 0.7288
vn -0.6352 -0.2580 0.7280
vn -0.7777 -0.2410 0.5806
vn -0.7884 -0.2178 0.5753
vn -0.7876 -0.2205 0.5754
vn -0.7761 -0.2457 0.5808
vn -0.7745 -0.2503 0.5810
vn -0.7867 -0.2231 0.5756
vn -0.7859 -0.2257 0.5758
vn -0.7728 -0.2548 0.5812
vn -0.6312 -0.2677 0.7280
vn -0.6412 -0.2511 0.7251
vn -0.7774 -0.2351 0.5835
vn -0.7718 -0.2502 0.5845
vn -0.7711 -0.2523 0.5846
vn -0.7783 -0.2323 0.5834
vn -0.7792 -0.2295 0.5833
vn -0.7704 -0.2544 0.5847
vn -0.7696 -0.2564 0.5847
vn -0.7800 -0.2268 0.5832
vn -0.6599 -0.2161 0.7196
vn -0.6776 -0.1588 0.7181
vn -0.7953 -0.1763 0.5801
vn -0.7881 -0.2089 0.5791
vn -0.7893 -0.2055 0.5786
vn -0.7945 -0.1844 0.5786
vn -0.7936 -0.1903 0.5780
vn -0.7905 -0.2018 0.5782
vn -0.7916 -0.1979 0.5780
vn -0.7922 -0.1955 0.5781
vn -0.6768 -0.1224 0.7259
vn -0.6341 -0.1723 0.7538
vn -0.7513 -0.2254 0.6203
vn -0.7861 -0.1678 0.5949
vn -0.7857 -0.1885 0.5891
vn -0.7599 -0.2449 0.6022
vn -0.7680 -0.2486 0.5902
vn -0.7848 -0.2021 0.5858
vn -0.7825 -0.2119 0.5855
vn -0.7726 -0.2430 0.5866
vn -0.5711 -0.2246 0.7895
vn -0.5434 -0.1892 0.8179
vn -0.7060 -0.2327 0.6689
vn -0.7137 -0.2729 0.6451
vn -0.7397 -0.2876 0.6084
vn -0.7465 -0.2507 0.6164
vn -0.7773 -0.2543 0.5755
vn -0.7624 -0.2818 0.5825
vn -0.7762 -0.2630 0.5729
vn -0.7930 -0.2459 0.5575
vn -0.5392 -0.1314 0.8319
vn -0.5275 -0.1102 0.8424
vn -0.6790 -0.1689 0.7144
vn -0.7034 -0.1765 0.6885
vn -0.7481 -0.2041 0.6313
vn -0.7232 -0.2097 0.6580
vn -0.7691 -0.2414 0.5918
vn -0.7838 -0.2239 0.5792
vn -0.8014 -0.2304 0.5519
vn -0.7964 -0.2513 0.5500
vn -0.5055 -0.1064 0.8562
vn -0.4878 -0.1070 0.8664
vn -0.6181 -0.1523 0.7712
vn -0.6426 -0.1689 0.7474
vn -0.6917 -0.2134 0.6899
vn -0.6761 -0.1821 0.7139
vn -0.7550 -0.2160 0.6192
vn -0.7556 -0.2512 0.6049
vn -0.7957 -0.2648 0.5447
vn -0.8006 -0.2392 0.5494
vn -0.4579 -0.1269 0.8799
vn -0.3991 -0.1618 0.9025
vn -0.3971 -0.3081 0.8645
vn -0.5687 -0.1821 0.8021
vn -0.6329 -0.2272 0.7402
vn -0.5183 -0.3966 0.7577
vn -0.6061 -0.4836 0.6315
vn -0.7220 -0.2674 0.6381
vn -0.7758 -0.2877 0.5615
vn -0.6773 -0.4811 0.5566
vn -0.7538 -0.3644 -0.5468
vn -0.6710 -0.3390 -0.6594
vn -0.7373 -0.1585 -0.6567
vn -0.8185 -0.1830 -0.5446
vn -0.8055 -0.2646 -0.5302
vn -0.7274 -0.2405 -0.6427
vn -0.8514 -0.1204 -0.5104
vn -0.7764 -0.1001 -0.6222
vn -0.8732 0.0151 -0.4872
vn -0.8007 0.0260 -0.5985
vn -0.8768 0.0852 -0.4732
vn -0.8064 0.0862 -0.5850
vn -0.8759 0.0656 -0.4780
vn -0.8042 0.0604 -0.5912
vn -0.8738 0.0108 -0.4862
vn -0.8018 0.0059 -0.5976
vn -0.8723 -0.0325 -0.4879
vn -0.8033 -0.0303 -0.5949
vn -0.8687 -0.0731 -0.4899
vn -0.8024 -0.0619 -0.5936
vn -0.8558 -0.1300 -0.5008
vn -0.7910 -0.1104 -0.6017
vn -0.8361 -0.1859 -0.5161
vn -0.7720 -0.1591 -0.6154
vn -0.8224 -0.2081 -0.5295
vn -0.7566 -0.1793 -0.6288
vn -0.8171 -0.1999 -0.5408
vn -0.7489 -0.1739 -0.6395
vn -0.8201 -0.1747 -0.5450
vn -0.7507 -0.1549 -0.6422
vn -0.8248 -0.1605 -0.5422
vn -0.7573 -0.1451 -0.6368
vn -0.8200 -0.1828 -0.5425
vn -0.7568 -0.1633 -0.6329
vn -0.8105 -0.2105 -0.5466
vn -0.7501 -0.1867 -0.6344
vn -0.8093 -0.2099 -0.5487
vn -0.7483 -0.1916 -0.6351
vn -0.8146 -0.1953 -0.5461
vn -0.7537 -0.1844 -0.6309
vn -0.8187 -0.1834 -0.5441
vn -0.7604 -0.1728 -0.6260
vn -0.8163 -0.1793 -0.5490
vn -0.7619 -0.1646 -0.6265
vn -0.8094 -0.1864 -0.5569
vn -0.7559 -0.1665 -0.6332
vn -0.8036 -0.2152 -0.5548
vn -0.7420 -0.1995 -0.6400
vn -0.8078 -0.2730 -0.5223
vn -0.7269 -0.2766 -0.6286
vn -0.8296 -0.3339 -0.4475
vn -0.7343 -0.3606 -0.5751
vn -0.8539 -0.3710 -0.3649
vn -0.7717 -0.4337 -0.4651
vn -0.4785 -0.1730 -0.8609
vn -0.5841 -0.1612 -0.7955
vn -0.6950 -0.2228 -0.6836
vn -0.6015 -0.2613 -0.7549
vn -0.4471 -0.2218 -0.8665
vn -0.3606 -0.1208 -0.9249
vn -0.6160 -0.3185 -0.7204
vn -0.6998 -0.2494 -0.6694
vn -0.6992 -0.2661 -0.6636
vn -0.6318 -0.3571 -0.6880
vn -0.5107 -0.4273 -0.7461
vn -0.4467 -0.3293 -0.8319
vn -0.6662 -0.3714 -0.6467
vn -0.7041 -0.2771 -0.6538
vn -0.6280 -0.4594 -0.6281
vn -0.6429 -0.1206 -0.7564
vn -0.6603 -0.1072 -0.7433
vn -0.7642 -0.1366 -0.6304
vn -0.7457 -0.1597 -0.6468
vn -0.7439 -0.1733 -0.6454
vn -0.7623 -0.1441 -0.6310
vn -0.7603 -0.1517 -0.6316
vn -0.7414 -0.1845 -0.6452
vn -0.7400 -0.1939 -0.6440
vn -0.7582 -0.1591 -0.6323
vn -0.6595 -0.1254 -0.7412
vn -0.6447 -0.1707 -0.7452
vn -0.7576 -0.1833 -0.6265
vn -0.7664 -0.1489 -0.6249
vn -0.7654 -0.1528 -0.6252
vn -0.7583 -0.1806 -0.6263
vn -0.7591 -0.1780 -0.6262
vn -0.7643 -0.1567 -0.6255
vn -0.7632 -0.1606 -0.6259
vn -0.7598 -0.1753 -0.6260
vn -0.6284 -0.2046 -0.7505
vn -0.6296 -0.1888 -0.7537
vn -0.7461 -0.1986 -0.6355
vn -0.7457 -0.2104 -0.6322
vn -0.7478 -0.2039 -0.6319
vn -0.7467 -0.1969 -0.6354
vn -0.7472 -0.1951 -0.6353
vn -0.7498 -0.1973 -0.6316
vn -0.7518 -0.1908 -0.6312
vn -0.7477 -0.1933 -0.6352
vn -0.6355 -0.1641 -0.7545
vn -0.6297 -0.1692 -0.7582
vn -0.7537 -0.1737 -0.6338
vn -0.7531 -0.1768 -0.6337
vn -0.7523 -0.1793 -0.6339
vn -0.7545 -0.1710 -0.6336
vn -0.7553 -0.1685 -0.6334
vn -0.7516 -0.1818 -0.6341
vn -0.7508 -0.1843 -0.6343
vn -0.7561 -0.1659 -0.6331
vn -0.6212 -0.1726 -0.7644
vn -0.6247 -0.1469 -0.7669
vn -0.7506 -0.1556 -0.6422
vn -0.7494 -0.1720 -0.6394
vn -0.7514 -0.1652 -0.6388
vn -0.7506 -0.1554 -0.6422
vn -0.7506 -0.1553 -0.6422
vn -0.7535 -0.1584 -0.6381
vn -0.7554 -0.1517 -0.6375
vn -0.7507 -0.1551 -0.6422
vn -0.6348 -0.1195 -0.7634
vn -0.6403 -0.1187 -0.7589
vn -0.7700 -0.1356 -0.6234
vn -0.7597 -0.1384 -0.6354
vn -0.7570 -0.1475 -0.6365
vn -0.7667 -0.1469 -0.6250
vn -0.7634 -0.1579 -0.6264
vn -0.7543 -0.1564 -0.6376
vn -0.7516 -0.1652 -0.6386
vn -0.7600 -0.1687 -0.6277
vn -0.6478 -0.1169 -0.7528
vn -0.6593 -0.0919 -0.7463
vn -0.7932 -0.1023 -0.6003
vn -0.7811 -0.1286 -0.6110
vn -0.7788 -0.1365 -0.6122
vn -0.7926 -0.1044 -0.6007
vn -0.7921 -0.1064 -0.6011
vn -0.7765 -0.1441 -0.6134
vn -0.7743 -0.1517 -0.6144
vn -0.7916 -0.1084 -0.6014
vn -0.6605 -0.0698 -0.7476
vn -0.6500 -0.0668 -0.7570
vn -0.7969 -0.0581 -0.6014
vn -0.7991 -0.0752 -0.5965
vn -0.7999 -0.0719 -0.5958
vn -0.7985 -0.0511 -0.5998
vn -0.8002 -0.0441 -0.5982
vn -0.8008 -0.0685 -0.5951
vn -0.8016 -0.0652 -0.5943
vn -0.8017 -0.0372 -0.5965
vn -0.6485 -0.0431 -0.7600
vn -0.6656 0.0341 -0.7455
vn -0.8018 0.0450 -0.5958
vn -0.7954 -0.0252 -0.6056
vn -0.7971 -0.0174 -0.6036
vn -0.8025 0.0489 -0.5947
vn -0.8031 0.0527 -0.5935
vn -0.7987 -0.0096 -0.6017
vn -0.8003 -0.0018 -0.5996
vn -0.8037 0.0566 -0.5924
vn -0.6821 0.0947 -0.7251
vn -0.6903 0.0677 -0.7203
vn -0.8049 0.0429 -0.5919
vn -0.8073 0.0911 -0.5831
vn -0.8066 0.0897 -0.5843
vn -0.8011 0.0385 -0.5973
vn -0.8006 0.0355 -0.5981
vn -0.8064 0.0888 -0.5846
vn -0.8065 0.0876 -0.5847
vn -0.8012 0.0313 -0.5975
vn -0.6777 -0.0472 -0.7338
vn -0.6216 -0.2264 -0.7499
vn -0.7253 -0.2604 -0.6373
vn -0.7836 -0.0872 -0.6151
vn -0.7750 -0.0895 -0.6256
vn -0.7167 -0.2527 -0.6500
vn -0.7188 -0.2480 -0.6495
vn -0.7748 -0.0913 -0.6256
vn -0.7769 -0.0953 -0.6223
vn -0.7245 -0.2447 -0.6444
vn -0.5455 -0.3724 -0.7508
vn -0.6469 -0.1641 -0.7447
vn -0.7269 -0.1954 -0.6583
vn -0.6487 -0.3938 -0.6513
vn -0.6471 -0.3773 -0.6625
vn -0.7272 -0.1846 -0.6611
vn -0.7299 -0.1762 -0.6604
vn -0.6530 -0.3654 -0.6634
vn -0.6626 -0.3533 -0.6604
vn -0.7337 -0.1679 -0.6584
vn -0.3174 -0.1873 0.9296
vn -0.2014 -0.2581 0.9449
vn -0.7680 -0.5018 0.3979
vn -0.6788 -0.6183 0.3962
vn -0.6381 -0.7288 0.2484
vn -0.6785 -0.7011 0.2196
vn -0.2563 -0.0602 -0.9647
vn -0.2181 -0.1443 -0.9652
vn -0.0064 -0.2224 -0.9749
vn -0.0892 -0.2381 -0.9671
vn -0.2144 -0.2789 -0.9361
vn -0.3790 -0.4498 -0.8087
vn -0.5803 -0.5339 -0.6150
vn -0.6939 -0.5603 -0.4523
vn -0.8646 -0.4009 -0.3029
vn -0.8387 -0.4584 -0.2940
vn -0.7967 -0.5436 -0.2641
vn -0.0000 -0.9261 -0.3774
vn -0.0366 -0.0830 0.9959
vn -0.0957 -0.2069 0.9737
vn -0.1257 -0.3026 0.9448
vn -0.2597 -0.4419 0.8587
vn -0.4058 -0.5356 0.7406
vn -0.4622 -0.6073 0.6462
vn -0.5644 -0.6233 0.5413
vn -0.4545 -0.6519 0.6070
vn -0.6145 -0.7832 0.0948
vn -0.5699 -0.7666 0.2957
vn -0.0000 -0.8738 0.4863
vn -0.0000 -0.9910 0.1341
vn -0.4886 -0.6978 0.5237
vn -0.0000 -0.6841 0.7294
vn -0.6598 -0.0098 0.7514
vn -0.6524 -0.0248 0.7575
vn -0.6549 -0.0396 0.7547
vn -0.6610 -0.0170 0.7502
vn -0.6586 -0.0026 0.7525
vn -0.6499 -0.0098 0.7599
vn -0.6656 0.0045 0.7463
vn -0.6640 0.0134 0.7476
vn -0.6672 -0.0044 0.7449
vn -0.7579 0.1227 -0.6407
vn -0.7706 0.1001 -0.6294
vn -0.7728 0.0874 -0.6286
vn -0.7599 0.1131 -0.6401
vn -0.7558 0.1325 -0.6413
vn -0.7681 0.1131 -0.6302
vn -0.7416 0.1574 -0.6521
vn -0.7393 0.1666 -0.6525
vn -0.7438 0.1483 -0.6517
vn -0.1043 -0.1807 -0.9780
vn -0.3732 -0.0934 -0.9230
vn -0.3973 -0.1518 -0.9051
vn -0.1317 -0.2484 -0.9597
vn -0.0710 -0.0956 -0.9929
vn -0.3431 -0.0234 -0.9390
vn -0.0385 -0.1910 -0.9808
vn -0.0056 -0.0961 -0.9954
vn -0.0666 -0.2629 -0.9625
vn -0.0382 -0.1817 -0.9826
vn -0.0676 -0.2566 -0.9642
vn -0.0001 -0.0775 -0.9970
vn -0.0408 -0.1855 -0.9818
vn 0.0330 -0.1056 -0.9939
vn -0.0698 -0.2550 -0.9644
vn -0.6574 0.0044 0.7535
vn -0.6476 0.0050 0.7620
vn -0.6562 0.0114 0.7545
vn -0.6451 0.0193 0.7638
vn -0.6624 0.0221 0.7489
vn -0.6607 0.0308 0.7500
vn -0.2987 0.0211 0.9541
vn -0.4484 0.1407 0.8827
vn -0.4110 0.1653 0.8965
vn -0.2311 0.0498 0.9717
vn -0.3283 0.0117 0.9445
vn -0.4622 0.1320 0.8769
vn -0.2640 -0.0617 0.9626
vn -0.2821 -0.0716 0.9567
vn -0.2111 -0.0349 0.9768
vn -0.2385 -0.0997 0.9660
vn -0.2161 -0.0999 0.9712
vn -0.2378 -0.1016 0.9660
vn -0.1542 -0.1276 0.9798
vn -0.1467 -0.1180 0.9821
vn -0.1521 -0.1635 0.9748
vn -0.0502 -0.1436 0.9884
vn -0.0669 -0.2043 0.9766
vn -0.0374 -0.1216 0.9919
vn -0.3893 -0.1231 -0.9129
vn -0.3961 -0.0645 -0.9159
vn -0.2047 -0.0529 -0.9774
vn -0.2368 -0.1526 -0.9595
vn -0.3951 -0.0734 -0.9157
vn -0.4274 -0.0394 -0.9032
vn -0.3732 -0.1489 -0.9157
vn -0.3805 -0.0908 -0.9203
vn -0.2211 -0.1892 -0.9567
vn -0.7261 -0.0305 0.6869
vn -0.6970 0.0055 0.7170
vn -0.6960 -0.0116 0.7179
vn -0.7175 -0.0514 0.6946
vn -0.7216 -0.0068 0.6922
vn -0.6932 0.0239 0.7204
vn -0.7566 -0.0559 0.6515
vn -0.7524 -0.0197 0.6584
vn -0.7353 -0.0873 0.6721
vn -0.0876 0.0065 0.9961
vn -0.0893 0.0093 0.9960
vn -0.3335 0.0714 0.9400
vn -0.3368 0.0657 0.9393
vn -0.0305 -0.0066 0.9995
vn -0.0366 -0.0100 0.9993
vn -0.0842 0.0154 0.9963
vn -0.0265 0.0060 0.9996
vn -0.3383 0.0682 0.9386
vn -0.0152 0.0701 -0.9974
vn -0.0277 0.0382 -0.9989
vn 0.0183 0.0347 -0.9992
vn 0.0292 0.0543 -0.9981
vn -0.2573 0.1315 -0.9573
vn -0.2805 0.0980 -0.9548
vn -0.0161 0.0642 -0.9978
vn -0.2531 0.1201 -0.9600
vn 0.0366 0.0466 -0.9982
vn -0.5882 0.1397 0.7965
vn -0.5823 0.1584 0.7974
vn -0.5795 0.1550 0.8001
vn -0.5872 0.1329 0.7985
vn -0.5825 0.1466 0.7995
vn -0.5758 0.1621 0.8014
vn -0.6064 0.0849 0.7906
vn -0.6016 0.1008 0.7924
vn -0.6086 0.0684 0.7906
vn -0.6241 -0.0947 0.7756
vn -0.6058 -0.0623 0.7932
vn -0.3516 -0.1041 0.9303
vn -0.3766 -0.1512 0.9140
vn -0.7100 -0.0660 0.7011
vn -0.6968 -0.0346 0.7164
vn -0.6327 -0.1103 0.7665
vn -0.7121 -0.0910 0.6962
vn -0.3888 -0.1661 0.9062
vn -0.0456 -0.0198 -0.9988
vn 0.0118 -0.0143 -0.9998
vn -0.3115 0.0406 -0.9494
vn -0.0962 0.0096 0.9953
vn -0.1085 -0.0127 0.9940
vn -0.3465 0.0501 0.9367
vn -0.3358 0.0722 0.9392
vn -0.0478 -0.0108 0.9988
vn -0.0556 -0.0203 0.9982
vn 0.0212 0.0075 -0.9997
vn 0.1015 -0.0047 -0.9948
vn 0.0263 0.0347 -0.9991
vn 0.1373 -0.0133 -0.9904
vn -0.0223 -0.0328 0.9992
vn -0.0366 -0.0273 0.9990
vn 0.1289 -0.1096 0.9856
vn 0.0542 -0.1221 0.9910
vn 0.0016 -0.0299 0.9996
vn 0.1985 -0.0872 0.9762
vn 0.0926 0.0146 -0.9956
vn 0.0773 0.0217 -0.9968
vn 0.2962 -0.0574 -0.9534
vn 0.3433 -0.0444 -0.9382
vn 0.0354 0.0302 -0.9989
vn 0.0947 0.0097 -0.9955
vn 0.0323 0.0213 -0.9993
vn 0.3560 -0.0414 -0.9336
vn -0.0817 0.0236 0.9964
vn -0.3388 0.0697 0.9383
vn -0.0254 0.0162 0.9995
vn -0.0880 0.0142 0.9960
vn -0.0337 0.0074 0.9994
vn -0.3455 0.0581 0.9366
vn -0.0238 0.0435 -0.9988
vn -0.2567 0.0915 -0.9622
vn -0.0281 0.0324 -0.9991
vn -0.2561 0.0774 -0.9635
vn 0.0482 0.0312 -0.9984
vn 0.2143 -0.0514 -0.9754
vn -0.5649 -0.0144 0.8250
vn -0.5634 -0.0355 0.8254
vn -0.2969 0.0062 0.9549
vn -0.2958 0.0083 0.9552
vn -0.5699 -0.0108 0.8217
vn -0.3017 -0.0069 0.9534
vn 0.0155 -0.0160 0.9998
vn 0.2183 -0.0600 0.9740
vn 0.0181 0.0014 0.9998
vn 0.2192 -0.0391 0.9749
vn -0.6683 0.1529 -0.7280
vn -0.6570 0.1863 -0.7305
vn -0.3363 0.0980 -0.9366
vn -0.3504 0.0518 -0.9352
vn -0.7675 0.1813 -0.6149
vn -0.7567 0.2053 -0.6207
vn -0.6853 0.0694 -0.7249
vn -0.7809 0.1195 -0.6131
vn -0.3802 -0.0576 -0.9231
vn -0.0072 -0.0173 0.9998
vn 0.0068 0.0046 1.0000
vn -0.0463 -0.0118 0.9989
vn 0.2160 -0.0619 0.9744
vn 0.2220 -0.0360 0.9744
vn -0.0146 -0.0414 0.9990
vn 0.2142 -0.1059 0.9710
vn -0.0548 -0.0266 0.9981
vn -0.7842 -0.0499 0.6185
vn -0.7457 -0.0899 0.6602
vn -0.7827 -0.0063 0.6223
vn -0.7993 0.0099 0.6008
vn -0.8000 0.0375 0.5988
vn -0.7451 -0.0194 0.6667
vn 0.0842 -0.0125 -0.9964
vn 0.3492 -0.0641 -0.9349
vn 0.0213 -0.0004 -0.9998
vn 0.0559 -0.0690 -0.9960
vn -0.0073 -0.0567 -0.9984
vn 0.3250 -0.1193 -0.9382
vn -0.0998 -0.0047 0.9950
vn -0.3575 0.0406 0.9330
vn -0.1101 -0.0181 0.9938
vn -0.3673 0.0302 0.9296
vn -0.5838 0.1249 0.8023
vn -0.5735 0.1496 0.8054
vn -0.5692 0.1429 0.8097
vn -0.5816 0.1156 0.8052
vn -0.6101 0.0511 0.7907
vn -0.6126 0.0334 0.7897
vn 0.0166 0.0129 0.9998
vn 0.2223 -0.0284 0.9746
vn -0.6937 0.2756 -0.6655
vn -0.6766 0.2852 -0.6789
vn -0.6637 0.3274 -0.6726
vn -0.6821 0.3141 -0.6603
vn -0.7045 0.2353 -0.6696
vn -0.6886 0.2409 -0.6839
vn -0.7256 0.2436 -0.6436
vn -0.7325 0.2159 -0.6456
vn -0.7182 0.2704 -0.6412
vn -0.4898 0.1214 0.8634
vn -0.4549 0.1507 0.8777
vn -0.1772 0.1778 0.9680
vn -0.2309 0.1538 0.9607
vn -0.5213 0.0390 0.8525
vn -0.2530 0.0909 0.9632
vn -0.0028 -0.0445 0.9990
vn -0.0535 -0.0235 0.9983
vn 0.2407 -0.1267 0.9623
vn 0.0335 0.0005 0.9994
vn 0.3047 -0.0751 0.9495
vn -0.0420 0.0118 0.9990
vn -0.6329 -0.1040 0.7672
vn -0.3961 -0.1599 0.9042
vn -0.7033 -0.0915 0.7050
vn -0.6356 -0.0630 0.7695
vn -0.6929 -0.0374 0.7201
vn -0.4079 -0.1352 0.9030
vn 0.0302 -0.1165 -0.9927
vn 0.3007 -0.1627 -0.9398
vn -0.0318 -0.1049 -0.9940
vn 0.0317 -0.1091 -0.9935
vn -0.0289 -0.0991 -0.9947
vn 0.3006 -0.1495 -0.9420
vn -0.1186 -0.0183 0.9928
vn -0.3770 0.0268 0.9258
vn -0.1269 0.0011 0.9919
vn -0.3867 0.0277 0.9218
vn -0.7548 0.1789 -0.6311
vn -0.7391 0.1873 -0.6471
vn -0.7513 0.1944 -0.6306
vn -0.7581 0.1630 -0.6314
vn -0.7451 0.1578 -0.6480
vn -0.7638 0.1744 -0.6215
vn -0.7661 0.1637 -0.6216
vn -0.7615 0.1849 -0.6213
vn -0.7009 -0.1045 0.7056
vn -0.7103 -0.0986 0.6970
vn -0.6844 -0.0364 0.7282
vn -0.0380 0.0112 -0.9992
vn -0.2585 0.0581 -0.9643
vn -0.0633 -0.0439 -0.9970
vn -0.2716 0.0069 -0.9624
vn 0.0483 0.0174 0.9987
vn -0.0530 0.0200 0.9984
vn 0.3441 -0.0421 0.9380
vn 0.0077 -0.0644 0.9979
vn 0.3244 -0.1120 0.9393
vn -0.1042 -0.0545 0.9931
vn -0.6771 0.0045 0.7359
vn -0.6794 -0.0079 0.7337
vn -0.6754 0.0172 0.7373
vn -0.6944 -0.0243 0.7192
vn 0.0392 -0.0921 -0.9950
vn 0.3064 -0.1271 -0.9434
vn -0.0212 -0.0839 -0.9963
vn 0.0283 -0.1104 -0.9935
vn -0.0314 -0.1033 -0.9942
vn 0.2948 -0.1409 -0.9451
vn -0.6410 0.2139 -0.7372
vn -0.6079 0.2795 -0.7432
vn -0.2864 0.2267 -0.9309
vn -0.3196 0.1375 -0.9375
vn -0.7441 0.2244 -0.6292
vn -0.6734 0.0310 0.7386
vn -0.6704 0.0452 0.7406
vn -0.0856 -0.0924 -0.9920
vn -0.2849 -0.0426 -0.9576
vn -0.0833 -0.0890 -0.9925
vn -0.2843 -0.0495 -0.9574
vn -0.7192 0.2045 -0.6641
vn -0.7204 0.1953 -0.6654
vn -0.7179 0.2119 -0.6631
vn -0.6887 0.2717 -0.6722
vn -0.6941 0.2744 -0.6656
vn -0.6837 0.2620 -0.6811
vn -0.0428 -0.1620 0.9859
vn -0.1501 -0.1422 0.9784
vn 0.2846 -0.1999 0.9376
vn -0.0712 -0.2170 0.9736
vn 0.2530 -0.2497 0.9347
vn -0.1659 -0.1927 0.9671
vn -0.6294 0.0292 0.7766
vn -0.6329 0.0073 0.7742
vn -0.6253 0.0504 0.7788
vn -0.7830 0.0767 -0.6173
vn -0.7802 0.1232 -0.6132
vn -0.7848 0.0645 -0.6164
vn -0.7810 0.0891 -0.6182
vn -0.7795 0.1269 -0.6134
vn -0.7749 0.0750 -0.6276
vn -0.7768 0.0628 -0.6266
vn -0.5839 -0.0265 0.8114
vn -0.3208 -0.0446 0.9461
vn -0.0744 -0.0748 -0.9944
vn -0.2754 -0.0411 -0.9604
vn -0.0794 -0.0931 -0.9925
vn -0.2675 -0.0516 -0.9622
vn -0.1526 0.0010 0.9883
vn -0.4018 0.0134 0.9156
vn -0.2021 -0.0556 0.9778
vn -0.4307 -0.0317 0.9020
vn -0.7825 0.1394 0.6069
vn -0.7878 0.1678 0.5926
vn -0.7251 0.1711 0.6671
vn -0.7166 0.1393 0.6834
vn -0.9200 0.1772 0.3496
vn -0.9202 0.1916 0.3412
vn -0.7742 0.1281 0.6198
vn -0.9154 0.1701 0.3647
vn -0.7108 0.1284 0.6916
vn -0.6217 0.1302 -0.7723
vn -0.6488 0.0837 -0.7563
vn -0.7252 0.1722 -0.6666
vn -0.7480 0.1305 -0.6508
vn -0.5840 0.1824 -0.7910
vn -0.6865 0.2268 -0.6909
vn -0.6365 -0.0152 0.7711
vn -0.6405 -0.0373 0.7671
vn -0.0815 -0.1071 -0.9909
vn -0.0386 -0.1166 -0.9924
vn -0.2536 -0.0636 -0.9652
vn -0.0648 -0.0789 -0.9948
vn -0.2352 -0.0537 -0.9705
vn -0.0225 -0.0849 -0.9961
vn -0.2384 -0.1203 0.9637
vn -0.4554 -0.0738 0.8872
vn -0.2419 -0.1568 0.9575
vn -0.4547 -0.0900 0.8861
vn 0.0190 -0.1231 -0.9922
vn 0.2820 -0.1503 -0.9476
vn 0.0328 -0.0913 -0.9953
vn 0.2892 -0.1182 -0.9499
vn -0.7980 0.1716 0.5777
vn -0.7937 0.1740 0.5829
vn -0.7329 0.1511 0.6633
vn -0.7421 0.1466 0.6540
vn -0.9238 0.2025 0.3250
vn -0.9243 0.2035 0.3229
vn -0.7967 0.1840 0.5756
vn -0.9219 0.2053 0.3286
vn -0.7414 0.1719 0.6487
vn -0.6318 0.1465 -0.7612
vn -0.6616 0.1045 -0.7426
vn -0.5786 0.0777 -0.8119
vn -0.5574 0.1008 -0.8241
vn -0.8575 0.2254 -0.4624
vn -0.8842 0.1451 -0.4440
vn -0.5998 0.1802 -0.7796
vn -0.8315 0.2809 -0.4793
vn -0.5323 0.1244 -0.8374
vn -0.0487 -0.0460 -0.9978
vn -0.0042 -0.0496 -0.9988
vn -0.2302 -0.0378 -0.9724
vn -0.0539 -0.0556 -0.9970
vn -0.2407 -0.0441 -0.9696
vn -0.0089 -0.0599 -0.9982
vn -0.2270 -0.1816 0.9568
vn -0.4315 -0.1053 0.8959
vn -0.1656 -0.2219 0.9609
vn -0.2076 -0.1982 0.9579
vn -0.1550 -0.2294 0.9609
vn 0.0496 -0.0560 -0.9972
vn 0.3015 -0.0835 -0.9498
vn 0.0444 -0.0650 -0.9969
vn 0.2985 -0.0883 -0.9503
vn -0.5520 -0.0339 0.8332
vn -0.2850 0.0235 0.9582
vn -0.0848 -0.2459 0.9656
vn 0.2336 -0.2743 0.9328
vn -0.0846 -0.2480 0.9651
vn 0.2306 -0.2702 0.9348
vn -0.0336 -0.0237 -0.9992
vn -0.0442 -0.0421 -0.9981
vn -0.0021 -0.0466 -0.9989
vn 0.0076 -0.0276 -0.9996
vn -0.2142 -0.0056 -0.9768
vn -0.2272 -0.0219 -0.9736
vn -0.0476 -0.0535 -0.9974
vn -0.2225 -0.0398 -0.9741
vn -0.0071 -0.0560 -0.9984
vn -0.7932 0.1779 0.5824
vn -0.7979 0.1678 0.5789
vn -0.7273 0.1536 0.6689
vn -0.7239 0.1624 0.6705
vn -0.9287 0.2036 0.3100
vn -0.9317 0.1971 0.3050
vn -0.7906 0.1832 0.5843
vn -0.9265 0.2065 0.3146
vn -0.7229 0.1685 0.6701
vn -0.0592 -0.0683 -0.9959
vn -0.0156 -0.0730 -0.9972
vn -0.2442 -0.0491 -0.9685
vn -0.1924 -0.2042 0.9598
vn -0.1419 -0.2229 0.9644
vn -0.1829 -0.2040 0.9617
vn -0.1332 -0.2154 0.9674
vn 0.0377 -0.0766 -0.9963
vn 0.2966 -0.0946 -0.9503
vn 0.0502 -0.0502 -0.9975
vn 0.3073 -0.0681 -0.9492
vn -0.7915 0.1898 0.5809
vn -0.7323 0.1914 0.6535
vn -0.9201 0.2041 0.3342
vn -0.0773 -0.2345 0.9690
vn 0.2347 -0.2512 0.9391
vn -0.0725 -0.2225 0.9722
vn 0.2330 -0.2371 0.9431
vn -0.1005 -0.0483 0.9938
vn -0.1386 -0.1240 0.9826
vn -0.0463 -0.0479 0.9978
vn -0.0865 -0.1268 0.9881
vn -0.0751 0.0029 0.9972
vn -0.0186 0.0061 0.9998
vn -0.0564 -0.0727 -0.9958
vn -0.0156 -0.0726 -0.9972
vn -0.2284 -0.0683 -0.9712
vn -0.0289 -0.0179 -0.9994
vn -0.2071 -0.0272 -0.9779
vn 0.0142 -0.0147 -0.9998
vn -0.8019 0.1824 0.5689
vn -0.8038 0.1754 0.5685
vn -0.7367 0.1554 0.6581
vn -0.7348 0.1620 0.6587
vn -0.9276 0.2257 0.2978
vn -0.9293 0.2180 0.2980
vn -0.8025 0.1746 0.5705
vn -0.9303 0.2137 0.2982
vn -0.7343 0.1573 0.6604
vn -0.1694 -0.1845 0.9681
vn -0.1194 -0.1913 0.9742
vn 0.0579 -0.0311 -0.9978
vn 0.3086 -0.0483 -0.9500
vn 0.0421 -0.0578 -0.9974
vn 0.2906 -0.0655 -0.9546
vn -0.7903 0.1815 0.5853
vn -0.7248 0.1657 0.6687
vn -0.9250 0.2057 0.3196
vn -0.0621 -0.1959 0.9786
vn 0.2331 -0.2083 0.9499
vn -0.0308 -0.1295 0.9911
vn 0.2565 -0.1354 0.9570
vn -0.7221 0.1103 -0.6830
vn -0.7478 0.0937 -0.6573
vn -0.6775 0.0649 -0.7326
vn -0.6432 0.0694 -0.7625
vn -0.9070 0.1533 -0.3923
vn -0.9185 0.1141 -0.3786
vn -0.7024 0.0937 -0.7056
vn -0.9047 0.1274 -0.4066
vn -0.6132 0.0637 -0.7873
vn -0.8083 0.1551 0.5679
vn -0.8164 0.1209 0.5647
vn -0.7524 0.1049 0.6503
vn -0.7421 0.1371 0.6562
vn -0.9337 0.1965 0.2993
vn -0.9392 0.1662 0.3003
vn 0.1046 0.0689 -0.9921
vn 0.0628 -0.0118 -0.9980
vn 0.3113 0.0055 -0.9503
vn 0.3487 0.0847 -0.9334
vn 0.0554 0.0654 -0.9963
vn 0.1299 0.1103 -0.9854
vn 0.0794 0.1108 -0.9907
vn 0.3723 0.1029 -0.9224
vn -0.0614 0.0329 0.9976
vn -0.0012 0.0402 0.9992
vn -0.0536 0.0527 0.9972
vn 0.0125 0.0677 0.9976
vn 0.0094 0.0592 -0.9982
vn -0.1773 0.0361 -0.9835
vn 0.0285 0.1006 -0.9945
vn -0.1675 0.0606 -0.9840
vn 0.0331 -0.0720 -0.9969
vn 0.2833 -0.0653 -0.9568
vn -0.8021 0.1647 0.5741
vn -0.7319 0.1507 0.6645
vn -0.9330 0.1982 0.3003
vn 0.0100 -0.0483 0.9988
vn 0.2936 -0.0464 0.9548
vn 0.0392 0.0077 0.9992
vn 0.3229 0.0173 0.9463
vn -0.7949 0.0526 -0.6044
vn -0.8102 0.0511 -0.5839
vn -0.7485 0.0234 -0.6627
vn -0.7367 0.0322 -0.6754
vn -0.9370 0.0849 -0.3387
vn -0.9416 0.1052 -0.3199
vn -0.7822 0.0553 -0.6206
vn -0.9330 0.0633 -0.3542
vn -0.7221 0.0422 -0.6904
vn 0.1012 0.1032 0.9895
vn 0.0762 0.0718 0.9945
vn 0.0290 0.1017 0.9944
vn 0.4019 0.0637 0.9135
vn 0.3703 0.0711 0.9262
vn 0.1358 0.1377 0.9811
vn 0.4384 0.0310 0.8982
vn 0.0520 0.1485 0.9875
vn -0.8208 0.1360 0.5549
vn -0.8266 0.1292 0.5477
vn -0.7750 0.1341 0.6175
vn -0.7659 0.1282 0.6301
vn -0.9380 0.1723 0.3009
vn -0.9422 0.1523 0.2984
vn -0.8236 0.1115 0.5560
vn -0.9412 0.1573 0.2989
vn -0.7655 0.0988 0.6358
vn 0.1252 0.0829 -0.9887
vn 0.3701 0.0375 -0.9282
vn 0.0707 0.0903 -0.9934
vn 0.0654 -0.0434 -0.9969
vn 0.0076 -0.0318 -0.9995
vn 0.3184 -0.1201 -0.9403
vn -0.0392 0.0831 0.9958
vn -0.0149 0.1358 0.9906
vn 0.0588 0.0436 0.9973
vn 0.3471 0.0563 0.9361
vn -0.8508 0.1131 -0.5132
vn -0.8716 0.1171 -0.4760
vn -0.7627 0.1124 -0.6369
vn -0.7475 0.1157 -0.6541
vn -0.9627 0.0998 -0.2513
vn -0.9698 0.1084 -0.2185
vn -0.8306 0.0930 -0.5491
vn -0.9509 0.1100 -0.2894
vn -0.7493 0.0788 -0.6576
vn -0.8239 0.0959 0.5586
vn -0.7627 0.0817 0.6416
vn -0.9432 0.1450 0.2988
vn 0.1659 0.1572 0.9735
vn 0.0708 0.1858 0.9800
vn 0.4684 -0.0107 0.8835
vn 0.1252 0.0772 0.9891
vn 0.4547 -0.0121 0.8905
vn 0.0275 0.1032 0.9943
vn -0.8459 0.0731 0.5283
vn -0.8448 0.0712 0.5302
vn -0.8036 0.0625 0.5918
vn -0.8115 0.0548 0.5818
vn -0.9516 0.1069 0.2881
vn -0.9525 0.0964 0.2888
vn -0.8446 0.0858 0.5285
vn -0.9510 0.1111 0.2886
vn -0.8096 0.0809 0.5814
vn -0.0104 -0.1720 -0.9850
vn 0.2462 -0.2647 -0.9324
vn -0.0653 -0.1605 -0.9849
vn -0.0216 -0.2167 -0.9760
vn -0.0953 -0.2009 -0.9750
vn 0.2486 -0.3225 -0.9134
vn -0.8862 0.1733 -0.4296
vn -0.8851 0.1849 -0.4272
vn -0.7960 0.1673 -0.5817
vn -0.7989 0.1460 -0.5835
vn -0.9616 0.1934 -0.1945
vn -0.9612 0.1968 -0.1933
vn -0.8834 0.1518 -0.4433
vn -0.9644 0.1704 -0.2024
vn -0.7936 0.1209 -0.5963
vn -0.8372 0.1065 0.5364
vn -0.7933 0.1167 0.5976
vn -0.9484 0.1225 0.2926
vn 0.0184 0.0803 -0.9966
vn -0.1751 0.0374 -0.9838
vn -0.0359 -0.0355 -0.9987
vn -0.8445 0.1975 -0.4978
vn -0.8080 0.2595 -0.5289
vn -0.7248 0.2531 -0.6408
vn -0.7633 0.1777 -0.6212
vn -0.9413 0.2264 -0.2503
vn -0.9243 0.2638 -0.2759
vn -0.8648 0.1808 -0.4684
vn -0.9521 0.2060 -0.2258
vn -0.7798 0.1622 -0.6047
vn -0.8441 0.0726 0.5313
vn -0.8408 0.0641 0.5375
vn -0.8017 0.0704 0.5936
vn -0.9528 0.0894 0.2902
vn -0.9500 0.0985 0.2962
vn -0.0954 -0.1609 -0.9823
vn -0.1051 -0.2027 -0.9736
vn 0.0008 0.1788 0.9839
vn -0.0151 0.1060 0.9943
vn 0.8947 -0.4413 0.0693
vn 0.9428 -0.3253 0.0733
vn 0.9102 -0.3242 0.2579
vn 0.8654 -0.4324 0.2533
vn 0.8976 -0.4404 0.0201
vn 0.9461 -0.3229 0.0249
vn 0.9666 -0.2450 0.0754
vn 0.9687 -0.2467 0.0279
vn 0.9378 -0.2354 0.2551
vn 0.9461 -0.3228 0.0250
vn 0.9032 -0.3036 -0.3033
vn 0.8781 -0.4781 0.0184
vn 0.8976 -0.4403 0.0201
vn 0.9462 -0.3228 0.0250
vn 0.9462 -0.3227 0.0249
vn 0.8781 -0.4782 0.0184
vn 0.8981 -0.4385 -0.0330
vn 0.9466 -0.3214 -0.0274
vn 0.8701 -0.4193 -0.2592
vn 0.9187 -0.3073 -0.2481
vn 0.8786 -0.4762 -0.0349
vn 0.8502 -0.4553 -0.2645
vn 0.9838 -0.1617 0.0772
vn 0.9969 -0.0099 0.0786
vn 0.9665 -0.0213 0.2557
vn 0.9506 -0.1695 0.2602
vn 0.9870 -0.1579 0.0306
vn 0.9994 -0.0062 0.0349
vn 0.9870 -0.1577 0.0308
vn 0.9994 -0.0061 0.0353
vn 0.9870 -0.1576 0.0309
vn 0.9994 -0.0060 0.0355
vn 0.9994 -0.0060 0.0354
vn 0.9870 -0.1575 0.0307
vn 0.9994 -0.0059 0.0351
vn 0.9874 -0.1567 -0.0197
vn 0.9999 -0.0051 -0.0123
vn 0.9609 -0.1482 -0.2338
vn 0.9762 0.0006 -0.2170
vn 0.9945 0.0697 0.0782
vn 0.9955 0.0547 0.0778
vn 0.9669 0.0449 0.2512
vn 0.9665 0.0594 0.2497
vn 0.9967 0.0722 0.0368
vn 0.9977 0.0567 0.0363
vn 0.9967 0.0722 0.0373
vn 0.9977 0.0567 0.0369
vn 0.9967 0.0722 0.0375
vn 0.9977 0.0567 0.0371
vn 0.9967 0.0722 0.0374
vn 0.9977 0.0567 0.0370
vn 0.9967 0.0723 0.0370
vn 0.9977 0.0568 0.0366
vn 0.9972 0.0741 -0.0082
vn 0.9982 0.0591 -0.0088
vn 0.9753 0.0803 -0.2060
vn 0.9760 0.0654 -0.2077
vn 0.9970 -0.0025 0.0775
vn 0.9951 -0.0617 0.0775
vn 0.9630 -0.0662 0.2611
vn 0.9663 -0.0116 0.2570
vn 0.9994 -0.0006 0.0348
vn 0.9976 -0.0608 0.0332
vn 0.9994 -0.0006 0.0354
vn 0.9976 -0.0609 0.0337
vn 0.9994 -0.0006 0.0356
vn 0.9976 -0.0609 0.0339
vn 0.9994 -0.0005 0.0355
vn 0.9976 -0.0609 0.0338
vn 0.9994 -0.0005 0.0350
vn 0.9976 -0.0610 0.0333
vn 0.9999 0.0018 -0.0117
vn 0.9982 -0.0582 -0.0147
vn 0.9767 0.0084 -0.2146
vn 0.9744 -0.0467 -0.2200
vn 0.9896 -0.1215 0.0777
vn 0.9781 -0.1928 0.0782
vn 0.9453 -0.1884 0.2663
vn 0.9574 -0.1205 0.2626
vn 0.9921 -0.1217 0.0316
vn 0.9807 -0.1933 0.0295
vn 0.9920 -0.1219 0.0319
vn 0.9807 -0.1934 0.0297
vn 0.9920 -0.1219 0.0321
vn 0.9807 -0.1935 0.0297
vn 0.9920 -0.1219 0.0320
vn 0.9920 -0.1220 0.0316
vn 0.9806 -0.1936 0.0295
vn 0.9928 -0.1187 -0.0180
vn 0.9816 -0.1897 -0.0225
vn 0.9690 -0.1010 -0.2255
vn 0.9571 -0.1682 -0.2360
vn 0.9620 -0.2606 0.0815
vn 0.9673 -0.2396 0.0832
vn 0.9279 -0.2392 0.2858
vn 0.9213 -0.2676 0.2820
vn 0.9659 -0.2575 0.0270
vn 0.9708 -0.2384 0.0275
vn 0.9584 -0.2742 0.0799
vn 0.9619 -0.2720 0.0267
vn 0.9202 -0.2772 0.2763
vn 0.9659 -0.2573 0.0273
vn 0.9708 -0.2384 0.0280
vn 0.9659 -0.2573 0.0275
vn 0.9708 -0.2384 0.0282
vn 0.9620 -0.2718 0.0269
vn 0.9660 -0.2573 0.0274
vn 0.9660 -0.2571 0.0271
vn 0.9708 -0.2384 0.0277
vn 0.9620 -0.2716 0.0268
vn 0.9665 -0.2547 -0.0325
vn 0.9714 -0.2351 -0.0336
vn 0.9336 -0.2388 -0.2670
vn 0.9380 -0.2149 -0.2721
vn 0.9627 -0.2688 -0.0307
vn 0.9329 -0.2507 -0.2584
vn 0.9634 -0.2562 0.0789
vn 0.9286 -0.2527 0.2717
vn 0.9663 -0.2559 0.0274
vn 0.9663 -0.2559 0.0275
vn 0.9673 -0.2522 -0.0276
vn 0.9408 -0.2304 -0.2488
vn 0.9690 -0.2322 0.0849
vn 0.9617 -0.2602 0.0866
vn 0.9239 -0.2476 0.2918
vn 0.9318 -0.2223 0.2869
vn 0.9720 -0.2333 0.0278
vn 0.9649 -0.2613 0.0271
vn 0.9720 -0.2335 0.0282
vn 0.9648 -0.2615 0.0273
vn 0.9719 -0.2335 0.0283
vn 0.9719 -0.2335 0.0282
vn 0.9648 -0.2616 0.0273
vn 0.9719 -0.2337 0.0280
vn 0.9648 -0.2617 0.0272
vn 0.9727 -0.2293 -0.0347
vn 0.9657 -0.2571 -0.0374
vn 0.9401 -0.2037 -0.2732
vn 0.9327 -0.2301 -0.2776
vn 0.9532 -0.2890 0.0886
vn 0.9560 -0.2790 0.0910
vn 0.9114 -0.2725 0.3082
vn 0.9123 -0.2782 0.3005
vn 0.9569 -0.2891 0.0263
vn 0.9602 -0.2779 0.0267
vn 0.9569 -0.2892 0.0263
vn 0.9602 -0.2782 0.0270
vn 0.9568 -0.2895 0.0265
vn 0.9598 -0.2793 0.0279
vn 0.9567 -0.2900 0.0265
vn 0.9592 -0.2814 0.0281
vn 0.9566 -0.2903 0.0262
vn 0.9589 -0.2824 0.0265
vn 0.9574 -0.2859 -0.0410
vn 0.9597 -0.2777 -0.0437
vn 0.9229 -0.2597 -0.2844
vn 0.9232 -0.2533 -0.2889
vn 0.9645 -0.2472 0.0924
vn 0.9720 -0.2160 0.0924
vn 0.9238 -0.2265 0.3086
vn 0.9176 -0.2481 0.3105
vn 0.9691 -0.2450 0.0280
vn 0.9768 -0.2121 0.0296
vn 0.9688 -0.2462 0.0293
vn 0.9759 -0.2156 0.0341
vn 0.9675 -0.2507 0.0330
vn 0.9727 -0.2278 0.0454
vn 0.9655 -0.2582 0.0338
vn 0.9678 -0.2470 0.0478
vn 0.9647 -0.2618 0.0271
vn 0.9663 -0.2561 0.0268
vn 0.9658 -0.2546 -0.0485
vn 0.9680 -0.2431 -0.0623
vn 0.9284 -0.2305 -0.2915
vn 0.9295 -0.2147 -0.2997
vn 0.9736 -0.2091 0.0915
vn 0.9663 -0.2416 0.0893
vn 0.9185 -0.2493 0.3071
vn 0.9245 -0.2239 0.3084
vn 0.9784 -0.2044 0.0306
vn 0.9708 -0.2379 0.0297
vn 0.9772 -0.2083 0.0403
vn 0.9703 -0.2382 0.0420
vn 0.9730 -0.2218 0.0635
vn 0.9684 -0.2389 0.0714
vn 0.9678 -0.2423 0.0686
vn 0.9680 -0.2385 0.0785
vn 0.9675 -0.2515 0.0259
vn 0.9713 -0.2366 0.0259
vn 0.9677 -0.2375 -0.0841
vn 0.9679 -0.2329 -0.0942
vn 0.9248 -0.2097 -0.3176
vn 0.9192 -0.2177 -0.3283
vn 0.9571 -0.2764 0.0869
vn 0.9533 -0.2892 0.0866
vn 0.9092 -0.2834 0.3049
vn 0.9122 -0.2750 0.3036
vn 0.9613 -0.2740 0.0276
vn 0.9574 -0.2877 0.0259
vn 0.9618 -0.2713 0.0370
vn 0.9578 -0.2857 0.0302
vn 0.9634 -0.2617 0.0590
vn 0.9596 -0.2787 0.0392
vn 0.9674 -0.2448 0.0646
vn 0.9629 -0.2668 0.0416
vn 0.9717 -0.2348 0.0264
vn 0.9652 -0.2603 0.0263
vn 0.9674 -0.2407 -0.0793
vn 0.9624 -0.2667 -0.0525
vn 0.9183 -0.2399 -0.3151
vn 0.9208 -0.2750 -0.2766
vn 0.8220 -0.5683 0.0368
vn 0.7879 -0.5612 0.2535
vn 0.8394 -0.5431 -0.0216
vn 0.9167 -0.3898 0.0880
vn 0.9212 -0.3889 0.0147
vn 0.8715 -0.3608 0.3322
vn 0.8517 -0.5228 -0.0364
vn 0.8657 -0.4995 -0.0333
vn 0.9237 -0.3830 0.0123
vn 0.9264 -0.3763 0.0134
vn 0.8786 -0.4770 -0.0226
vn 0.8896 -0.4566 -0.0151
vn 0.9286 -0.3708 0.0161
vn 0.9302 -0.3665 0.0181
vn 0.8968 -0.4403 -0.0427
vn 0.8887 -0.4285 -0.1631
vn 0.9306 -0.3652 -0.0250
vn 0.9133 -0.3648 -0.1810
vn 0.9448 -0.3156 0.0884
vn 0.8992 -0.3017 0.3168
vn 0.9487 -0.3152 0.0235
vn 0.9492 -0.3136 0.0245
vn 0.9501 -0.3107 0.0264
vn 0.9513 -0.3070 0.0271
vn 0.9521 -0.3049 0.0249
vn 0.9510 -0.3076 -0.0328
vn 0.9213 -0.3159 -0.2267
vn -0.7750 0.3027 -0.5547
vn -0.7701 0.2764 -0.5749
vn -0.6900 0.3056 -0.6561
vn -0.9102 0.2867 -0.2988
vn -0.9092 0.2665 -0.3198
vn -0.9255 0.3553 -0.1309
vn -0.9370 0.3255 -0.1264
vn -0.8112 0.3088 -0.4966
vn -0.9336 0.3575 -0.0236
vn -0.9441 0.3287 -0.0247
vn -0.9213 0.3657 -0.1319
vn -0.9297 0.3676 -0.0232
vn -0.8093 0.3206 -0.4922
vn -0.9337 0.3574 -0.0233
vn -0.9340 0.3565 -0.0225
vn -0.9443 0.3282 -0.0244
vn -0.9298 0.3674 -0.0228
vn -0.9302 0.3664 -0.0216
vn -0.9348 0.3548 -0.0189
vn -0.9449 0.3268 -0.0217
vn -0.9355 0.3532 -0.0104
vn -0.9461 0.3236 -0.0144
vn -0.9310 0.3646 -0.0177
vn -0.9314 0.3638 -0.0092
vn -0.9338 0.3425 0.1034
vn -0.9469 0.3083 0.0917
vn -0.8505 0.2817 0.4441
vn -0.8722 0.2435 0.4243
vn -0.9285 0.3544 0.1106
vn -0.8402 0.2940 0.4558
vn -0.8768 0.1864 -0.4432
vn -0.7875 0.1747 -0.5910
vn -0.9586 0.1968 -0.2058
vn -0.9573 0.2619 -0.1227
vn -0.9796 0.1618 -0.1193
vn -0.9638 0.2651 -0.0270
vn -0.9861 0.1631 -0.0304
vn -0.9638 0.2652 -0.0271
vn -0.9861 0.1631 -0.0307
vn -0.9638 0.2651 -0.0271
vn -0.9861 0.1632 -0.0307
vn -0.9641 0.2641 -0.0257
vn -0.9862 0.1628 -0.0302
vn -0.9652 0.2608 -0.0216
vn -0.9865 0.1614 -0.0288
vn -0.9667 0.2447 0.0756
vn -0.9868 0.1507 0.0600
vn -0.8979 0.1834 0.4003
vn -0.9206 0.1085 0.3752
vn -0.8209 0.0626 -0.5677
vn -0.7539 0.0347 -0.6561
vn -0.9443 0.1149 -0.3082
vn -0.9806 0.1651 -0.1059
vn -0.9880 0.1136 -0.1045
vn -0.9859 0.1648 -0.0301
vn -0.9933 0.1115 -0.0318
vn -0.9846 0.1359 -0.1101
vn -0.9903 0.1350 -0.0312
vn -0.9859 0.1648 -0.0305
vn -0.9932 0.1114 -0.0322
vn -0.9858 0.1648 -0.0307
vn -0.9932 0.1114 -0.0324
vn -0.9903 0.1351 -0.0315
vn -0.9903 0.1351 -0.0317
vn -0.9858 0.1648 -0.0305
vn -0.9933 0.1114 -0.0322
vn -0.9859 0.1648 -0.0300
vn -0.9933 0.1113 -0.0317
vn -0.9903 0.1351 -0.0310
vn -0.9860 0.1598 0.0475
vn -0.9932 0.1077 0.0436
vn -0.9315 0.1304 0.3396
vn -0.9400 0.0888 0.3294
vn -0.9903 0.1301 0.0489
vn -0.9329 0.1023 0.3454
vn -0.8805 0.1294 -0.4561
vn -0.7813 0.1054 -0.6152
vn -0.9687 0.1372 -0.2068
vn -0.9880 0.1030 -0.1151
vn -0.9003 0.0994 -0.4237
vn -0.9943 0.1021 -0.0323
vn -0.9942 0.1021 -0.0326
vn -0.9942 0.1022 -0.0327
vn -0.9942 0.1021 -0.0325
vn -0.9943 0.1020 -0.0319
vn -0.9941 0.0960 0.0511
vn -0.9323 0.0692 0.3550
vn -0.7691 0.0666 -0.6356
vn -0.7041 0.0530 -0.7082
vn -0.9285 0.0658 -0.3656
vn -0.9931 0.0559 -0.1035
vn -0.9929 0.0649 -0.0994
vn -0.9980 0.0530 -0.0334
vn -0.9973 0.0666 -0.0315
vn -0.9980 0.0533 -0.0339
vn -0.9971 0.0684 -0.0330
vn -0.9980 0.0533 -0.0342
vn -0.9971 0.0686 -0.0341
vn -0.9980 0.0532 -0.0340
vn -0.9971 0.0685 -0.0333
vn -0.9980 0.0536 -0.0330
vn -0.9970 0.0711 -0.0296
vn -0.9977 0.0530 0.0415
vn -0.9961 0.0745 0.0467
vn -0.9475 0.0440 0.3167
vn -0.9491 0.0613 0.3090
vn -0.6848 0.0799 -0.7243
vn -0.5945 0.0631 -0.8016
vn -0.9902 0.1056 -0.0911
vn -0.9871 0.1364 -0.0843
vn -0.9933 0.1123 -0.0272
vn -0.9897 0.1410 -0.0245
vn -0.9929 0.1150 -0.0306
vn -0.9894 0.1421 -0.0282
vn -0.9928 0.1149 -0.0337
vn -0.9894 0.1409 -0.0354
vn -0.9930 0.1132 -0.0325
vn -0.9902 0.1347 -0.0359
vn -0.9931 0.1154 -0.0228
vn -0.9914 0.1293 -0.0199
vn -0.9914 0.1185 0.0561
vn -0.9905 0.1231 0.0611
vn -0.9478 0.0969 0.3039
vn -0.5705 0.1989 -0.7968
vn -0.5077 0.1402 -0.8501
vn -0.5628 0.2075 -0.8001
vn -0.4946 0.1451 -0.8569
vn -0.9862 0.1427 -0.0837
vn -0.9899 0.1178 -0.0789
vn -0.9892 0.1444 -0.0249
vn -0.9921 0.1230 -0.0242
vn -0.9892 0.1444 -0.0264
vn -0.9917 0.1257 -0.0256
vn -0.9889 0.1432 -0.0386
vn -0.9911 0.1271 -0.0403
vn -0.9898 0.1359 -0.0436
vn -0.9907 0.1273 -0.0483
vn -0.9918 0.1255 -0.0237
vn -0.9919 0.1235 -0.0293
vn -0.9920 0.1118 0.0595
vn -0.9920 0.1143 0.0543
vn -0.7223 0.1843 -0.6665
vn -0.7459 0.1394 -0.6513
vn -0.6824 0.2458 -0.6884
vn -0.9937 0.0936 -0.0613
vn -0.9939 0.1023 -0.0421
vn -0.9945 0.1029 -0.0180
vn -0.9941 0.1084 -0.0103
vn -0.9938 0.1086 -0.0256
vn -0.9933 0.1128 -0.0256
vn -0.9929 0.1122 -0.0388
vn -0.9927 0.1155 -0.0350
vn -0.9919 0.1193 -0.0447
vn -0.9919 0.1211 -0.0371
vn -0.9919 0.1233 -0.0319
vn -0.9917 0.1249 -0.0316
vn -0.9915 0.1207 0.0484
vn -0.9914 0.1231 0.0445
vn -0.6939 -0.0031 -0.7201
vn -0.4033 -0.1511 -0.9025
vn -0.6859 -0.0046 -0.7277
vn -0.9905 0.1336 -0.0334
vn -0.9847 0.1717 -0.0310
vn -0.9910 0.1339 -0.0059
vn -0.9852 0.1716 -0.0040
vn -0.9905 0.1355 -0.0250
vn -0.9847 0.1726 -0.0238
vn -0.9901 0.1363 -0.0321
vn -0.9845 0.1729 -0.0304
vn -0.9899 0.1377 -0.0323
vn -0.9845 0.1728 -0.0303
vn -0.9899 0.1385 -0.0309
vn -0.9845 0.1726 -0.0301
vn -0.9898 0.1353 0.0439
vn -0.9846 0.1690 0.0454
vn -0.7788 0.1018 -0.6190
vn -0.7788 0.1307 -0.6135
vn -0.7764 0.1148 -0.6197
vn -0.7780 0.1346 -0.6137
vn -0.9800 0.1971 -0.0286
vn -0.9802 0.1959 -0.0291
vn -0.9803 0.1977 -0.0028
vn -0.9811 0.1934 -0.0034
vn -0.9797 0.1989 -0.0228
vn -0.9809 0.1931 -0.0231
vn -0.9795 0.1993 -0.0295
vn -0.9807 0.1932 -0.0297
vn -0.9807 0.1933 -0.0297
vn -0.9795 0.1993 -0.0294
vn -0.9807 0.1935 -0.0294
vn -0.9797 0.1952 0.0460
vn -0.9811 0.1880 0.0450
vn -0.5682 0.3409 -0.7490
vn -0.5548 0.3600 -0.7501
vn -0.2496 0.3377 -0.9075
vn -0.2560 0.3099 -0.9156
vn -0.9708 0.2326 -0.0580
vn -0.9652 0.2523 -0.0694
vn -0.9739 0.2265 -0.0171
vn -0.9693 0.2450 -0.0219
vn -0.9765 0.2104 -0.0460
vn -0.9790 0.2038 -0.0114
vn -0.9744 0.2233 -0.0256
vn -0.9696 0.2431 -0.0263
vn -0.9744 0.2228 -0.0287
vn -0.9697 0.2428 -0.0280
vn -0.9794 0.2005 -0.0248
vn -0.9794 0.2000 -0.0295
vn -0.9745 0.2228 -0.0284
vn -0.9697 0.2428 -0.0277
vn -0.9745 0.2228 -0.0275
vn -0.9697 0.2427 -0.0268
vn -0.9794 0.2000 -0.0292
vn -0.9794 0.2001 -0.0284
vn -0.9747 0.2191 0.0441
vn -0.9699 0.2395 0.0439
vn -0.9798 0.1951 0.0444
vn -0.7478 0.2096 -0.6300
vn -0.7591 0.1952 -0.6210
vn -0.9804 0.1937 -0.0355
vn -0.9822 0.1875 -0.0065
vn -0.9824 0.1854 -0.0240
vn -0.9823 0.1851 -0.0300
vn -0.9823 0.1851 -0.0298
vn -0.9822 0.1854 -0.0293
vn -0.9828 0.1792 0.0444
vn -0.7143 0.1933 -0.6726
vn -0.6995 0.1946 -0.6876
vn -0.7230 0.1499 -0.6744
vn -0.7089 0.1467 -0.6898
vn -0.9624 0.2598 -0.0793
vn -0.9658 0.2438 -0.0885
vn -0.9676 0.2512 -0.0248
vn -0.9713 0.2363 -0.0268
vn -0.9677 0.2505 -0.0269
vn -0.9714 0.2359 -0.0278
vn -0.9678 0.2503 -0.0277
vn -0.9714 0.2358 -0.0282
vn -0.9678 0.2503 -0.0274
vn -0.9714 0.2358 -0.0279
vn -0.9678 0.2503 -0.0265
vn -0.9714 0.2358 -0.0271
vn -0.9680 0.2471 0.0437
vn -0.9715 0.2330 0.0431
vn -0.7618 0.1036 -0.6395
vn -0.7636 0.0944 -0.6388
vn -0.9709 0.2196 -0.0951
vn -0.9743 0.2031 -0.0976
vn -0.9204 0.2023 -0.3346
vn -0.9146 0.2301 -0.3324
vn -0.9763 0.2148 -0.0281
vn -0.9790 0.2018 -0.0281
vn -0.9762 0.2148 -0.0286
vn -0.9788 0.2029 -0.0283
vn -0.9762 0.2150 -0.0288
vn -0.9785 0.2042 -0.0283
vn -0.9761 0.2153 -0.0285
vn -0.9783 0.2054 -0.0280
vn -0.9761 0.2155 -0.0276
vn -0.9780 0.2066 -0.0272
vn -0.9760 0.2136 0.0432
vn -0.9773 0.2071 0.0451
vn -0.7688 0.1751 -0.6150
vn -0.7702 0.1689 -0.6150
vn -0.9790 0.1817 -0.0923
vn -0.9236 0.1532 -0.3514
vn -0.9249 0.1644 -0.3427
vn -0.9786 0.1832 -0.0937
vn -0.9789 0.1807 -0.0956
vn -0.9170 0.1469 -0.3710
vn -0.9816 0.1896 -0.0236
vn -0.9814 0.1907 -0.0222
vn -0.9822 0.1864 -0.0241
vn -0.9811 0.1917 -0.0276
vn -0.9825 0.1843 -0.0275
vn -0.9806 0.1941 -0.0267
vn -0.9809 0.1944 -0.0037
vn -0.9803 0.1975 -0.0025
vn -0.9828 0.1848 -0.0068
vn -0.9800 0.1982 0.0201
vn -0.9815 0.1909 0.0140
vn -0.9794 0.2006 0.0221
vn -0.9791 0.2025 0.0162
vn -0.9789 0.2036 0.0181
vn -0.9799 0.1992 0.0108
vn -0.9757 0.2019 0.0853
vn -0.9756 0.2036 0.0815
vn -0.9756 0.2011 0.0887
vn -0.9770 0.2078 0.0482
vn -0.9785 0.2045 -0.0254
vn -0.9767 0.2081 0.0519
vn -0.9788 0.2036 -0.0229
vn -0.9765 0.2081 0.0562
vn -0.9789 0.2035 -0.0201
vn -0.9763 0.2079 0.0605
vn -0.9790 0.2030 -0.0170
vn -0.9761 0.2075 0.0650
vn -0.9794 0.2017 -0.0128
vn -0.9759 0.2068 0.0703
vn -0.9800 0.1987 -0.0064
vn -0.9757 0.2055 0.0762
vn -0.9804 0.1969 0.0023
vn -0.9790 0.2020 -0.0261
vn -0.9796 0.1994 -0.0265
vn -0.9794 0.2005 -0.0235
vn -0.9800 0.1974 -0.0238
vn -0.9795 0.2002 -0.0206
vn -0.9802 0.1969 -0.0210
vn -0.9798 0.1991 -0.0172
vn -0.9805 0.1954 -0.0181
vn -0.9805 0.1959 -0.0127
vn -0.9814 0.1913 -0.0153
vn -0.9819 0.1894 -0.0056
vn -0.9831 0.1828 -0.0126
vn -0.9826 0.1856 0.0044
vn -0.9840 0.1779 -0.0098
vn -0.9801 0.1968 -0.0265
vn -0.9806 0.1943 -0.0266
vn -0.9807 0.1943 -0.0239
vn -0.9813 0.1911 -0.0240
vn -0.9808 0.1939 -0.0212
vn -0.9814 0.1910 -0.0212
vn -0.9811 0.1928 -0.0189
vn -0.9815 0.1905 -0.0188
vn -0.9817 0.1896 -0.0179
vn -0.9818 0.1891 -0.0175
vn -0.9829 0.1829 -0.0196
vn -0.9824 0.1860 -0.0184
vn -0.9835 0.1790 -0.0239
vn -0.9827 0.1841 -0.0216
vn -0.9765 0.1921 -0.0979
vn -0.9249 0.1816 -0.3340
vn -0.9775 0.1874 -0.0972
vn -0.9271 0.1720 -0.3329
vn -0.9776 0.1874 -0.0955
vn -0.9281 0.1722 -0.3300
vn -0.9778 0.1875 -0.0940
vn -0.9281 0.1748 -0.3286
vn -0.9779 0.1873 -0.0932
vn -0.9271 0.1775 -0.3300
vn -0.9780 0.1865 -0.0934
vn -0.9256 0.1782 -0.3338
vn -0.9782 0.1851 -0.0940
vn -0.9249 0.1747 -0.3378
vn -0.6692 0.0370 -0.7422
vn -0.8086 0.1532 -0.5680
vn -0.8165 0.1378 -0.5607
vn -0.7969 0.1838 -0.5754
vn -0.8197 0.1595 -0.5502
vn -0.8147 0.1630 -0.5565
vn -0.7729 0.1559 -0.6150
vn -0.8228 0.1489 -0.5485
vn -0.7888 0.1279 -0.6012
vn -0.7760 0.1212 -0.6190
vn -0.8022 0.1445 -0.5793
vn -0.0217 -0.2589 0.9657
vn -0.0493 -0.2135 0.9757
vn -0.0234 -0.1153 0.9931
vn 0.0277 -0.1798 0.9833
vn -0.0422 -0.2688 0.9623
vn -0.0657 -0.2549 0.9647
vn -0.0521 -0.2852 0.9571
vn -0.0784 -0.2619 0.9619
vn -0.0633 -0.2891 0.9552
vn -0.0994 -0.2475 0.9638
vn -0.0712 -0.2655 0.9615
vn -0.1298 -0.2120 0.9686
vn -0.0411 -0.0423 0.9983
vn -0.0608 -0.0564 0.9966
vn -0.0580 -0.1164 0.9915
vn -0.0809 -0.1223 0.9892
vn -0.0041 -0.0542 0.9985
vn -0.0843 -0.2010 0.9760
vn -0.1142 -0.1818 0.9767
vn -0.1007 -0.2359 0.9666
vn -0.1397 -0.2129 0.9670
vn -0.1101 -0.2296 0.9670
vn -0.1433 -0.2020 0.9688
vn -0.1275 -0.1822 0.9750
vn -0.1354 -0.1223 0.9832
vn -0.1682 -0.1242 0.9779
vn -0.1549 -0.0392 0.9871
vn -0.1208 -0.0546 0.9912
vn -0.3559 0.0187 0.9343
vn -0.1413 -0.0946 0.9854
vn -0.3662 0.0054 0.9305
vn -0.1798 -0.1285 0.9753
vn -0.3946 -0.0117 0.9188
vn -0.2190 -0.1699 0.9608
vn -0.4328 -0.0668 0.8990
vn -0.2241 -0.1702 0.9596
vn -0.4430 -0.0808 0.8929
vn -0.1941 -0.0673 0.9787
vn -0.4148 0.0288 0.9095
vn -0.1844 0.0424 0.9819
vn -0.3917 0.1494 0.9079
vn -0.7075 -0.0624 0.7039
vn -0.7955 0.0196 0.6056
vn -0.7759 0.0521 0.6288
vn -0.8136 0.0216 0.5811
vn -0.7487 0.0303 0.6622
vn -0.7332 0.0495 0.6782
vn -0.7545 0.0554 0.6539
vn -0.6570 0.1852 0.7308
vn -0.6459 0.1981 0.7373
vn -0.6813 0.1454 0.7174
vn 0.0199 0.1040 -0.9944
vn 0.0383 0.1259 -0.9913
vn 0.0272 0.1413 -0.9896
vn 0.0078 0.1129 -0.9936
vn 0.0272 0.0695 -0.9972
vn 0.0436 0.0765 -0.9961
vn 0.0164 0.0249 -0.9996
vn 0.0306 0.0206 -0.9993
vn 0.0053 -0.0030 -1.0000
vn 0.0187 -0.0106 -0.9998
vn -0.0118 -0.0550 -0.9984
vn -0.0007 -0.0606 -0.9982
vn -0.0431 -0.1723 -0.9841
vn -0.0416 -0.1734 -0.9840
vn -0.0521 -0.3387 -0.9395
vn -0.0733 -0.2630 -0.9620
vn 0.0030 -0.3319 -0.9433
vn 0.0525 0.1518 -0.9870
vn 0.0687 0.1830 -0.9807
vn 0.0607 0.2094 -0.9759
vn 0.0425 0.1725 -0.9841
vn 0.0563 0.0880 -0.9945
vn 0.0684 0.1047 -0.9921
vn 0.0437 0.0196 -0.9989
vn 0.0526 0.0229 -0.9984
vn 0.0337 -0.0157 -0.9993
vn 0.0421 -0.0164 -0.9990
vn 0.0150 -0.0660 -0.9977
vn 0.0237 -0.0674 -0.9974
vn -0.0303 -0.1779 -0.9836
vn -0.0238 -0.1810 -0.9832
vn -0.0688 -0.2657 -0.9616
vn -0.0659 -0.2708 -0.9604
vn 0.0137 0.2322 -0.9726
vn 0.0125 0.2619 -0.9650
vn 0.0030 0.1436 -0.9896
vn -0.0197 0.0506 -0.9985
vn -0.0321 0.0080 -0.9995
vn -0.0500 -0.0430 -0.9978
vn -0.0943 -0.1590 -0.9828
vn -0.1326 -0.2532 -0.9583
vn -0.7716 0.1625 -0.6151
vn -0.8094 0.1587 -0.5654
vn -0.8216 0.1389 -0.5528
vn -0.7826 0.2237 -0.5809
vn -0.6530 -0.0221 0.7570
vn -0.6940 0.0155 0.7198
vn -0.6728 -0.0194 0.7396
vn -0.7082 0.0041 0.7060
vn -0.8302 0.0438 0.5558
vn -0.7598 0.0772 0.6455
vn -0.7092 0.0949 0.6986
vn -0.3657 -0.0115 -0.9307
vn -0.4037 0.0088 -0.9149
vn -0.4439 0.0563 -0.8943
vn -0.4734 0.0574 -0.8790
vn -0.3427 -0.0233 -0.9392
vn -0.4268 0.0536 -0.9028
vn -0.5203 0.1098 -0.8469
vn -0.5420 0.0968 -0.8348
vn -0.5099 0.1137 -0.8527
vn -0.4055 0.0141 -0.9140
vn -0.4298 -0.0279 -0.9025
vn -0.4779 0.0170 -0.8782
vn -0.5033 -0.0153 -0.8640
vn -0.3956 0.0198 -0.9182
vn -0.4603 0.0180 -0.8876
vn -0.4803 0.0314 -0.8766
vn -0.5079 0.0002 -0.8614
vn -0.5404 0.0424 -0.8403
vn -0.5652 0.0195 -0.8247
vn -0.4574 0.0376 -0.8884
vn -0.5211 0.0525 -0.8519
vn -0.5940 0.0522 -0.8027
vn -0.6143 0.0419 -0.7880
vn -0.5796 0.0645 -0.8123
vn -0.4505 0.0186 -0.8926
vn -0.4604 0.0048 -0.8877
vn -0.5271 0.0254 -0.8494
vn -0.5291 0.0169 -0.8484
vn -0.4527 -0.0167 -0.8915
vn -0.5332 -0.0055 -0.8460
vn -0.5334 0.0215 -0.8456
vn -0.5324 0.0202 -0.8462
vn -0.6205 0.0241 -0.7838
vn -0.6275 0.0230 -0.7783
vn -0.5400 -0.0013 -0.8417
vn -0.6117 0.0135 -0.7910
vn -0.6978 0.0360 -0.7154
vn -0.7146 0.0286 -0.6990
vn -0.6745 0.0385 -0.7373
vn -0.5194 -0.0019 -0.8545
vn -0.5228 0.0017 -0.8525
vn -0.6433 0.0175 -0.7654
vn -0.6458 0.0300 -0.7629
vn -0.5053 0.0052 -0.8630
vn -0.6244 0.0460 -0.7798
vn -0.6878 0.0313 -0.7252
vn -0.6952 0.0481 -0.7172
vn -0.7071 0.0512 -0.7053
vn -0.7193 0.0679 -0.6914
vn -0.6627 0.0742 -0.7452
vn -0.6836 0.0941 -0.7237
vn -0.7286 0.0767 -0.6807
vn -0.7431 0.0917 -0.6629
vn -0.7092 0.1036 -0.6974
vn -0.4584 -0.0319 -0.8882
vn -0.4544 -0.0136 -0.8907
vn -0.5521 -0.0324 -0.8331
vn -0.5572 0.0179 -0.8302
vn -0.4736 -0.0367 -0.8800
vn -0.5526 -0.0361 -0.8327
vn -0.5843 -0.0196 -0.8113
vn -0.5966 0.0498 -0.8010
vn -0.6660 0.0101 -0.7459
vn -0.6615 0.0777 -0.7459
vn -0.5703 -0.0261 -0.8210
vn -0.6618 -0.0043 -0.7497
vn -0.7372 0.0298 -0.6750
vn -0.7205 0.0826 -0.6885
vn -0.7398 0.0137 -0.6727
vn -0.5186 0.1205 -0.8465
vn -0.5227 0.1341 -0.8419
vn -0.6398 0.1554 -0.7527
vn -0.6384 0.1599 -0.7529
vn -0.5200 0.0762 -0.8507
vn -0.6430 0.1201 -0.7564
vn -0.6811 0.1641 -0.7136
vn -0.6720 0.1592 -0.7232
vn -0.7077 0.1641 -0.6872
vn -0.7024 0.1537 -0.6950
vn -0.6895 0.1398 -0.7107
vn -0.7144 0.1483 -0.6838
vn -0.7362 0.1673 -0.6558
vn -0.7356 0.1554 -0.6593
vn -0.7411 0.1551 -0.6532
vn -0.5466 0.2115 -0.8102
vn -0.6447 0.2552 -0.7206
vn -0.5301 0.1886 -0.8267
vn -0.6287 0.2218 -0.7454
vn -0.6427 0.2765 -0.7145
vn -0.6532 0.2949 -0.6974
vn -0.6371 0.2329 -0.7347
vn -0.6617 0.2424 -0.7095
vn -0.6719 0.3057 -0.6746
vn -0.6948 0.2510 -0.6740
vn -0.5273 0.1490 -0.8365
vn -0.6338 0.1724 -0.7540
vn -0.6562 0.1713 -0.7349
vn -0.6881 0.1686 -0.7058
vn -0.7257 0.1721 -0.6661
vn -0.5226 0.0264 -0.8522
vn -0.6449 0.0710 -0.7609
vn -0.6945 0.0961 -0.7131
vn -0.7198 0.1126 -0.6850
vn -0.7458 0.1262 -0.6541
vn -0.4767 0.0050 -0.8790
vn -0.5865 0.0615 -0.8076
vn -0.6241 0.1036 -0.7745
vn -0.6643 0.1258 -0.7368
vn -0.7042 0.1224 -0.6993
vn -0.4746 -0.0255 -0.8798
vn -0.5423 -0.0111 -0.8401
vn -0.5483 0.0013 -0.8363
vn -0.6437 0.0110 -0.7652
vn -0.7294 0.0194 -0.6838
vn -0.4499 -0.0514 -0.8916
vn -0.5266 -0.0345 -0.8494
vn -0.5324 -0.0198 -0.8463
vn -0.5924 0.0053 -0.8056
vn -0.6439 0.0380 -0.7642
vn -0.3947 -0.0073 -0.9188
vn -0.4462 -0.0044 -0.8949
vn -0.4337 0.0268 -0.9007
vn -0.5001 0.0550 -0.8642
vn -0.5629 0.0790 -0.8227
vn -0.6790 0.0288 0.7336
vn -0.7474 0.0467 0.6628
vn -0.6931 0.0099 0.7208
vn -0.7603 0.0351 0.6487
vn -0.8050 0.0628 0.5899
vn -0.8129 0.0577 0.5796
vn -0.6565 0.0586 0.7521
vn -0.6623 0.0121 0.7491
vn -0.7228 0.0938 0.6847
vn -0.7172 0.0325 0.6961
vn -0.6599 0.0848 0.7465
vn -0.7377 0.1224 0.6639
vn -0.7120 0.1238 0.6912
vn -0.7057 0.0472 0.7069
vn -0.7497 0.1470 0.6452
vn -0.7589 0.0765 0.6467
vn -0.7293 0.1479 0.6680
vn -0.7491 0.1641 0.6418
vn -0.7891 0.1413 0.5977
vn -0.8091 0.0899 0.5807
vn -0.7719 0.1560 0.6163
vn -0.6740 -0.0210 0.7384
vn -0.7168 -0.0108 0.6972
vn -0.7037 -0.0107 0.7104
vn -0.7658 0.0210 0.6427
vn -0.8176 0.0499 0.5737
vn -0.6543 0.0948 0.7503
vn -0.6600 0.0922 0.7455
vn -0.7558 0.1104 0.6454
vn -0.7573 0.1151 0.6428
vn -0.6446 0.1091 0.7567
vn -0.7481 0.1239 0.6519
vn -0.7571 0.1043 0.6449
vn -0.7567 0.1155 0.6435
vn -0.7590 0.0978 0.6437
vn -0.7599 0.1145 0.6399
vn -0.7492 0.1191 0.6515
vn -0.7503 0.1144 0.6511
vn -0.7611 0.0901 0.6424
vn -0.7642 0.1081 0.6359
vn -0.7514 0.1096 0.6507
vn -0.6617 0.0929 0.7440
vn -0.7510 0.1244 0.6484
vn -0.7468 0.1364 0.6510
vn -0.7545 0.1448 0.6402
vn -0.7646 0.1403 0.6291
vn -0.6242 0.1435 0.7680
vn -0.6267 0.1426 0.7661
vn -0.7277 0.1663 0.6655
vn -0.7317 0.1665 0.6609
vn -0.6264 0.1327 0.7682
vn -0.7249 0.1622 0.6694
vn -0.7287 0.1624 0.6653
vn -0.7324 0.1642 0.6608
vn -0.7298 0.1585 0.6650
vn -0.7330 0.1619 0.6607
vn -0.7255 0.1601 0.6693
vn -0.7261 0.1579 0.6692
vn -0.7309 0.1546 0.6648
vn -0.7336 0.1596 0.6605
vn -0.7267 0.1558 0.6691
vn -0.6375 0.1242 0.7604
vn -0.7408 0.1422 0.6565
vn -0.6342 0.1323 0.7617
vn -0.7368 0.1552 0.6581
vn -0.7411 0.1409 0.6564
vn -0.7414 0.1397 0.6563
vn -0.7368 0.1553 0.6581
vn -0.7417 0.1384 0.6562
vn -0.7367 0.1553 0.6581
vn -0.6404 0.1118 0.7599
vn -0.6297 0.1219 0.7673
vn -0.7270 0.1569 0.6685
vn -0.7238 0.1652 0.6700
vn -0.6632 0.0593 0.7461
vn -0.7408 0.1135 0.6620
vn -0.7265 0.1590 0.6686
vn -0.7236 0.1660 0.6700
vn -0.7259 0.1612 0.6686
vn -0.7234 0.1668 0.6700
vn -0.7390 0.1226 0.6624
vn -0.7371 0.1319 0.6628
vn -0.7254 0.1634 0.6686
vn -0.7231 0.1676 0.6701
vn -0.7351 0.1414 0.6631
vn -0.6310 0.1373 0.7635
vn -0.7345 0.1631 0.6587
vn -0.7346 0.1628 0.6587
vn -0.7346 0.1625 0.6587
vn -0.7347 0.1623 0.6587
vn -0.6326 0.2308 0.7393
vn -0.6579 0.1303 0.7417
vn -0.7186 0.2450 0.6509
vn -0.7423 0.1685 0.6486
vn -0.6266 0.2429 0.7405
vn -0.7058 0.2496 0.6630
vn -0.7221 0.2321 0.6517
vn -0.7420 0.1693 0.6486
vn -0.7256 0.2189 0.6524
vn -0.7418 0.1701 0.6486
vn -0.7109 0.2308 0.6644
vn -0.7158 0.2114 0.6655
vn -0.7290 0.2054 0.6530
vn -0.7416 0.1710 0.6487
vn -0.7206 0.1915 0.6664
vn -0.6288 0.1203 0.7682
vn -0.7246 0.1597 0.6704
vn -0.7244 0.1603 0.6704
vn -0.7243 0.1610 0.6705
vn -0.7241 0.1617 0.6705
vn -0.6742 0.0401 0.7375
vn -0.7518 0.0973 0.6522
vn -0.7496 0.1092 0.6528
vn -0.7473 0.1214 0.6533
vn -0.7448 0.1338 0.6537
vn -0.6280 0.2190 0.7467
vn -0.6979 0.2254 0.6798
vn -0.6246 0.2100 0.7522
vn -0.6924 0.2170 0.6881
vn -0.7029 0.2047 0.6811
vn -0.7078 0.1835 0.6822
vn -0.6974 0.1957 0.6894
vn -0.7021 0.1739 0.6905
vn -0.7123 0.1617 0.6830
vn -0.7066 0.1514 0.6912
vn 0.8073 -0.2804 0.5192
vn 0.8001 -0.3435 0.4918
vn 0.7193 -0.4699 0.5116
vn 0.7796 -0.2849 0.5577
vn 0.8119 -0.2590 0.5232
vn 0.7889 -0.2464 0.5630
vn 0.8140 -0.2592 0.5199
vn 0.7876 -0.2577 0.5597
vn 0.8164 -0.2451 0.5229
vn 0.7871 -0.2456 0.5659
vn 0.8206 -0.2291 0.5236
vn 0.7895 -0.2293 0.5694
vn 0.8198 -0.2289 0.5248
vn 0.7843 -0.2340 0.5745
vn 0.8144 -0.2384 0.5291
vn 0.7733 -0.2426 0.5857
vn 0.8118 -0.2483 0.5284
vn 0.7692 -0.2371 0.5934
vn 0.8187 -0.2455 0.5191
vn 0.7775 -0.2219 0.5884
vn 0.8333 -0.2184 0.5079
vn 0.7901 -0.2009 0.5792
vn 0.8399 -0.2017 0.5038
vn 0.7926 -0.1942 0.5779
vn 0.8313 -0.2289 0.5064
vn 0.7809 -0.2241 0.5831
vn 0.8214 -0.2641 0.5055
vn 0.7689 -0.2584 0.5848
vn 0.8232 -0.2684 0.5002
vn 0.7712 -0.2593 0.5813
vn 0.8360 -0.2379 0.4945
vn 0.7850 -0.2282 0.5759
vn 0.8534 -0.1786 0.4897
vn 0.8000 -0.1765 0.5735
vn 0.8636 -0.1190 0.4899
vn 0.8064 -0.1241 0.5782
vn 0.8675 -0.0726 0.4921
vn 0.8083 -0.0785 0.5835
vn 0.8732 -0.0247 0.4868
vn 0.8147 -0.0300 0.5790
vn 0.8797 0.0290 0.4747
vn 0.8245 0.0228 0.5654
vn 0.8826 0.0458 0.4679
vn 0.8301 0.0423 0.5560
vn 0.8795 -0.0272 0.4751
vn 0.8271 -0.0212 0.5616
vn 0.8612 -0.1618 0.4818
vn 0.8105 -0.1436 0.5678
vn 0.8262 -0.2982 0.4780
vn 0.7815 -0.2695 0.5627
vn 0.7913 -0.3932 0.4682
vn 0.7547 -0.3593 0.5490
vn 0.8619 -0.2143 0.4596
vn 0.8248 -0.1990 0.5292
vn 0.7260 -0.2216 0.6510
vn 0.7316 -0.1292 0.6694
vn 0.7865 -0.3013 0.5390
vn 0.8113 -0.1982 0.5500
vn 0.7651 -0.1189 0.6329
vn 0.8358 -0.1724 0.5213
vn 0.7774 -0.3144 0.5448
vn 0.8032 -0.2161 0.5551
vn 0.7697 -0.3286 0.5474
vn 0.7959 -0.2339 0.5584
vn 0.8322 -0.1775 0.5253
vn 0.8297 -0.1835 0.5273
vn 0.7624 -0.3437 0.5483
vn 0.7889 -0.2517 0.5606
vn 0.8273 -0.1910 0.5283
vn 0.7301 -0.0243 0.6829
vn 0.7197 0.0440 0.6928
vn 0.8299 -0.0725 0.5531
vn 0.8342 0.0219 0.5510
vn 0.8251 -0.0911 0.5576
vn 0.8326 0.0107 0.5538
vn 0.8203 -0.1091 0.5615
vn 0.8308 -0.0002 0.5565
vn 0.8155 -0.1265 0.5648
vn 0.8290 -0.0109 0.5591
vn 0.7085 0.0630 0.7029
vn 0.6947 0.0309 0.7186
vn 0.8320 0.0591 0.5516
vn 0.8258 0.0327 0.5630
vn 0.8316 0.0548 0.5527
vn 0.8255 0.0302 0.5636
vn 0.8311 0.0506 0.5538
vn 0.8252 0.0277 0.5642
vn 0.8306 0.0464 0.5549
vn 0.8248 0.0253 0.5648
vn 0.6767 -0.0348 0.7355
vn 0.6550 -0.1205 0.7460
vn 0.8149 -0.0293 0.5789
vn 0.8024 -0.1039 0.5877
vn 0.8149 -0.0295 0.5789
vn 0.8039 -0.0975 0.5867
vn 0.8148 -0.0296 0.5790
vn 0.8054 -0.0911 0.5856
vn 0.8148 -0.0298 0.5790
vn 0.8069 -0.0848 0.5846
vn 0.6413 -0.1916 0.7430
vn 0.6423 -0.2213 0.7338
vn 0.7951 -0.1652 0.5836
vn 0.7937 -0.1966 0.5756
vn 0.7981 -0.1548 0.5823
vn 0.7954 -0.1915 0.5751
vn 0.8010 -0.1445 0.5810
vn 0.7969 -0.1864 0.5746
vn 0.8038 -0.1343 0.5796
vn 0.7985 -0.1814 0.5741
vn 0.6426 -0.2366 0.7288
vn 0.6352 -0.2580 0.7280
vn 0.7884 -0.2178 0.5753
vn 0.7777 -0.2410 0.5806
vn 0.7876 -0.2205 0.5754
vn 0.7761 -0.2457 0.5808
vn 0.7867 -0.2231 0.5756
vn 0.7745 -0.2503 0.5810
vn 0.7858 -0.2257 0.5758
vn 0.7728 -0.2548 0.5812
vn 0.6312 -0.2677 0.7280
vn 0.6412 -0.2511 0.7251
vn 0.7718 -0.2502 0.5845
vn 0.7773 -0.2351 0.5835
vn 0.7711 -0.2523 0.5846
vn 0.7783 -0.2323 0.5834
vn 0.7704 -0.2544 0.5847
vn 0.7792 -0.2295 0.5833
vn 0.7696 -0.2564 0.5847
vn 0.7800 -0.2268 0.5832
vn 0.6599 -0.2161 0.7196
vn 0.6776 -0.1588 0.7181
vn 0.7881 -0.2089 0.5791
vn 0.7953 -0.1763 0.5801
vn 0.7893 -0.2055 0.5786
vn 0.7945 -0.1844 0.5786
vn 0.7905 -0.2018 0.5782
vn 0.7936 -0.1903 0.5780
vn 0.7916 -0.1979 0.5780
vn 0.7922 -0.1955 0.5781
vn 0.6768 -0.1224 0.7259
vn 0.6341 -0.1723 0.7538
vn 0.7861 -0.1678 0.5949
vn 0.7513 -0.2254 0.6203
vn 0.7857 -0.1885 0.5891
vn 0.7599 -0.2449 0.6022
vn 0.7848 -0.2021 0.5858
vn 0.7680 -0.2486 0.5902
vn 0.7825 -0.2119 0.5855
vn 0.7726 -0.2430 0.5866
vn 0.5711 -0.2246 0.7895
vn 0.5434 -0.1892 0.8179
vn 0.7137 -0.2729 0.6451
vn 0.7060 -0.2327 0.6689
vn 0.7397 -0.2876 0.6084
vn 0.7465 -0.2507 0.6164
vn 0.7624 -0.2818 0.5825
vn 0.7773 -0.2543 0.5755
vn 0.7762 -0.2630 0.5730
vn 0.7930 -0.2459 0.5575
vn 0.5392 -0.1314 0.8319
vn 0.5275 -0.1102 0.8424
vn 0.7034 -0.1765 0.6885
vn 0.6790 -0.1689 0.7144
vn 0.7481 -0.2041 0.6313
vn 0.7233 -0.2097 0.6580
vn 0.7838 -0.2239 0.5792
vn 0.7691 -0.2414 0.5918
vn 0.8014 -0.2304 0.5519
vn 0.7965 -0.2513 0.5500
vn 0.5055 -0.1064 0.8562
vn 0.4878 -0.1070 0.8664
vn 0.6426 -0.1689 0.7474
vn 0.6181 -0.1523 0.7712
vn 0.6917 -0.2134 0.6899
vn 0.6761 -0.1821 0.7139
vn 0.7556 -0.2512 0.6049
vn 0.7550 -0.2160 0.6192
vn 0.7957 -0.2648 0.5447
vn 0.8006 -0.2392 0.5494
vn 0.4579 -0.1269 0.8799
vn 0.3991 -0.1618 0.9025
vn 0.5687 -0.1821 0.8021
vn 0.3971 -0.3081 0.8645
vn 0.6329 -0.2272 0.7402
vn 0.5183 -0.3966 0.7577
vn 0.7220 -0.2674 0.6381
vn 0.6061 -0.4836 0.6315
vn 0.7758 -0.2877 0.5615
vn 0.6773 -0.4811 0.5566
vn 0.7538 -0.3644 -0.5468
vn 0.7317 -0.3954 -0.5552
vn 0.6467 -0.3687 -0.6677
vn 0.6710 -0.3390 -0.6594
vn 0.8055 -0.2646 -0.5302
vn 0.7274 -0.2405 -0.6427
vn 0.8514 -0.1204 -0.5104
vn 0.7764 -0.1001 -0.6222
vn 0.8732 0.0151 -0.4872
vn 0.8007 0.0260 -0.5985
vn 0.8768 0.0852 -0.4732
vn 0.8064 0.0862 -0.5850
vn 0.8759 0.0656 -0.4780
vn 0.8042 0.0604 -0.5912
vn 0.8738 0.0108 -0.4862
vn 0.8018 0.0059 -0.5976
vn 0.8723 -0.0325 -0.4879
vn 0.8032 -0.0303 -0.5949
vn 0.8687 -0.0731 -0.4899
vn 0.8024 -0.0619 -0.5936
vn 0.8558 -0.1300 -0.5008
vn 0.7910 -0.1104 -0.6017
vn 0.8361 -0.1859 -0.5161
vn 0.7720 -0.1591 -0.6154
vn 0.8224 -0.2081 -0.5295
vn 0.7566 -0.1793 -0.6288
vn 0.8171 -0.1999 -0.5408
vn 0.7489 -0.1739 -0.6395
vn 0.8201 -0.1747 -0.5450
vn 0.7507 -0.1549 -0.6422
vn 0.8248 -0.1605 -0.5422
vn 0.7573 -0.1451 -0.6368
vn 0.8200 -0.1828 -0.5425
vn 0.7568 -0.1633 -0.6329
vn 0.8105 -0.2105 -0.5466
vn 0.7501 -0.1868 -0.6344
vn 0.8093 -0.2099 -0.5487
vn 0.7483 -0.1916 -0.6351
vn 0.8146 -0.1953 -0.5461
vn 0.7537 -0.1844 -0.6309
vn 0.8187 -0.1834 -0.5441
vn 0.7604 -0.1728 -0.6260
vn 0.8163 -0.1793 -0.5490
vn 0.7619 -0.1646 -0.6265
vn 0.8094 -0.1864 -0.5569
vn 0.7558 -0.1665 -0.6332
vn 0.8036 -0.2152 -0.5548
vn 0.7421 -0.1995 -0.6400
vn 0.8078 -0.2730 -0.5223
vn 0.7269 -0.2766 -0.6286
vn 0.8296 -0.3339 -0.4475
vn 0.7343 -0.3606 -0.5751
vn 0.8539 -0.3710 -0.3649
vn 0.7717 -0.4337 -0.4651
vn 0.4785 -0.1730 -0.8609
vn 0.5841 -0.1612 -0.7955
vn 0.6015 -0.2613 -0.7549
vn 0.6950 -0.2228 -0.6836
vn 0.3606 -0.1208 -0.9249
vn 0.4471 -0.2218 -0.8665
vn 0.6160 -0.3185 -0.7204
vn 0.6998 -0.2494 -0.6694
vn 0.6318 -0.3571 -0.6880
vn 0.6992 -0.2661 -0.6636
vn 0.4467 -0.3293 -0.8319
vn 0.5107 -0.4273 -0.7461
vn 0.6662 -0.3714 -0.6467
vn 0.7041 -0.2771 -0.6538
vn 0.6280 -0.4594 -0.6281
vn 0.6429 -0.1206 -0.7564
vn 0.6603 -0.1072 -0.7433
vn 0.7457 -0.1597 -0.6468
vn 0.7642 -0.1366 -0.6304
vn 0.7439 -0.1733 -0.6454
vn 0.7623 -0.1441 -0.6310
vn 0.7414 -0.1845 -0.6452
vn 0.7603 -0.1517 -0.6316
vn 0.7400 -0.1939 -0.6441
vn 0.7582 -0.1591 -0.6323
vn 0.6595 -0.1254 -0.7412
vn 0.6447 -0.1707 -0.7452
vn 0.7664 -0.1489 -0.6249
vn 0.7576 -0.1833 -0.6265
vn 0.7654 -0.1528 -0.6252
vn 0.7583 -0.1807 -0.6263
vn 0.7643 -0.1567 -0.6255
vn 0.7591 -0.1780 -0.6262
vn 0.7632 -0.1606 -0.6259
vn 0.7598 -0.1753 -0.6260
vn 0.6284 -0.2046 -0.7505
vn 0.6296 -0.1887 -0.7537
vn 0.7457 -0.2104 -0.6322
vn 0.7461 -0.1986 -0.6355
vn 0.7478 -0.2039 -0.6319
vn 0.7467 -0.1969 -0.6354
vn 0.7498 -0.1973 -0.6316
vn 0.7472 -0.1951 -0.6353
vn 0.7518 -0.1908 -0.6312
vn 0.7477 -0.1933 -0.6352
vn 0.6355 -0.1641 -0.7545
vn 0.6297 -0.1692 -0.7582
vn 0.7531 -0.1768 -0.6337
vn 0.7537 -0.1737 -0.6339
vn 0.7523 -0.1793 -0.6339
vn 0.7545 -0.1710 -0.6336
vn 0.7516 -0.1818 -0.6341
vn 0.7553 -0.1684 -0.6334
vn 0.7508 -0.1843 -0.6343
vn 0.7561 -0.1659 -0.6331
vn 0.6212 -0.1726 -0.7644
vn 0.6247 -0.1469 -0.7669
vn 0.7494 -0.1720 -0.6394
vn 0.7506 -0.1556 -0.6422
vn 0.7514 -0.1652 -0.6388
vn 0.7506 -0.1554 -0.6422
vn 0.7534 -0.1584 -0.6381
vn 0.7506 -0.1553 -0.6422
vn 0.7554 -0.1517 -0.6375
vn 0.7507 -0.1551 -0.6422
vn 0.6347 -0.1195 -0.7634
vn 0.6403 -0.1187 -0.7589
vn 0.7597 -0.1384 -0.6354
vn 0.7700 -0.1356 -0.6234
vn 0.7570 -0.1475 -0.6365
vn 0.7667 -0.1469 -0.6250
vn 0.7543 -0.1564 -0.6376
vn 0.7634 -0.1579 -0.6264
vn 0.7516 -0.1652 -0.6386
vn 0.7600 -0.1687 -0.6276
vn 0.6478 -0.1169 -0.7528
vn 0.6592 -0.0919 -0.7463
vn 0.7811 -0.1286 -0.6110
vn 0.7932 -0.1023 -0.6003
vn 0.7788 -0.1365 -0.6122
vn 0.7926 -0.1044 -0.6007
vn 0.7765 -0.1441 -0.6134
vn 0.7921 -0.1064 -0.6011
vn 0.7743 -0.1517 -0.6144
vn 0.7916 -0.1084 -0.6014
vn 0.6605 -0.0698 -0.7476
vn 0.6500 -0.0668 -0.7570
vn 0.7991 -0.0752 -0.5965
vn 0.7969 -0.0581 -0.6014
vn 0.7999 -0.0719 -0.5958
vn 0.7985 -0.0511 -0.5998
vn 0.8008 -0.0685 -0.5951
vn 0.8002 -0.0441 -0.5982
vn 0.8016 -0.0652 -0.5943
vn 0.8017 -0.0372 -0.5965
vn 0.6485 -0.0431 -0.7600
vn 0.6656 0.0341 -0.7455
vn 0.7954 -0.0252 -0.6056
vn 0.8018 0.0450 -0.5958
vn 0.7971 -0.0174 -0.6036
vn 0.8025 0.0489 -0.5947
vn 0.7987 -0.0096 -0.6016
vn 0.8031 0.0527 -0.5935
vn 0.8003 -0.0018 -0.5996
vn 0.8037 0.0566 -0.5924
vn 0.6821 0.0947 -0.7251
vn 0.6903 0.0677 -0.7203
vn 0.8073 0.0911 -0.5831
vn 0.8049 0.0429 -0.5919
vn 0.8066 0.0897 -0.5843
vn 0.8011 0.0385 -0.5973
vn 0.8064 0.0888 -0.5846
vn 0.8006 0.0355 -0.5981
vn 0.8065 0.0876 -0.5847
vn 0.8012 0.0313 -0.5975
vn 0.6778 -0.0472 -0.7338
vn 0.6216 -0.2263 -0.7499
vn 0.7836 -0.0872 -0.6151
vn 0.7253 -0.2603 -0.6373
vn 0.7750 -0.0895 -0.6256
vn 0.7167 -0.2527 -0.6500
vn 0.7748 -0.0913 -0.6256
vn 0.7188 -0.2480 -0.6495
vn 0.7769 -0.0953 -0.6223
vn 0.7245 -0.2447 -0.6444
vn 0.5455 -0.3724 -0.7509
vn 0.5220 -0.4199 -0.7424
vn 0.6487 -0.3938 -0.6513
vn 0.6155 -0.4342 -0.6578
vn 0.6471 -0.3773 -0.6625
vn 0.6182 -0.4157 -0.6671
vn 0.6530 -0.3654 -0.6634
vn 0.6256 -0.4015 -0.6689
vn 0.6626 -0.3533 -0.6604
vn 0.6362 -0.3863 -0.6678
vn 0.3174 -0.1873 0.9296
vn 0.2014 -0.2581 0.9449
vn 0.7680 -0.5018 0.3979
vn 0.6788 -0.6183 0.3962
vn 0.6785 -0.7011 0.2196
vn 0.6381 -0.7288 0.2484
vn 0.2563 -0.0602 -0.9647
vn 0.2181 -0.1443 -0.9652
vn 0.0064 -0.2224 -0.9749
vn 0.0892 -0.2381 -0.9671
vn 0.2144 -0.2789 -0.9361
vn 0.3790 -0.4498 -0.8087
vn 0.5803 -0.5339 -0.6150
vn 0.6939 -0.5603 -0.4523
vn 0.8646 -0.4009 -0.3029
vn 0.8387 -0.4584 -0.2940
vn 0.7967 -0.5436 -0.2641
vn 0.0366 -0.0830 0.9959
vn 0.0957 -0.2069 0.9737
vn 0.1257 -0.3026 0.9448
vn 0.2597 -0.4419 0.8587
vn 0.4058 -0.5356 0.7406
vn 0.4622 -0.6073 0.6462
vn 0.5644 -0.6233 0.5413
vn 0.4545 -0.6519 0.6070
vn 0.6145 -0.7832 0.0948
vn 0.5699 -0.7666 0.2957
vn 0.4886 -0.6978 0.5237
vn -0.0285 -0.1100 0.9935
vn 0.0855 -0.0976 0.9915
vn 0.9912 0.1293 -0.0297
vn 0.9911 0.1295 -0.0311
vn -0.6926 -0.0204 -0.7210
vn -0.7708 -0.0323 -0.6362
vn -0.9911 -0.1296 0.0318
vn -0.1924 0.0810 -0.9780
vn -0.4435 0.0276 -0.8959
vn 0.4896 0.1530 -0.8584
vn 0.3866 0.1458 -0.9107
vn -0.8464 -0.0570 -0.5296
vn -0.9636 -0.1002 -0.2477
vn -0.7701 -0.0329 -0.6370
vn -0.8379 -0.1619 0.5213
vn 0.9911 0.1295 -0.0316
vn 0.5385 -0.0209 0.8424
vn 0.6097 -0.0059 0.7926
vn 0.4851 0.1522 -0.8611
vn -0.8403 -0.1619 0.5173
vn -0.7764 -0.1603 0.6095
vn 0.1038 0.1187 -0.9875
vn -0.0359 0.1021 -0.9941
vn 0.6940 0.0144 0.7198
vn 0.9042 0.0692 0.4215
vn -0.4583 -0.1415 0.8775
vn -0.9599 -0.1463 0.2391
vn -0.8836 -0.1574 0.4410
vn 0.2762 0.1368 -0.9513
vn -0.9882 -0.1337 0.0744
vn 0.9782 0.1411 -0.1523
vn 0.8271 0.1641 -0.5375
vn 0.6087 -0.0045 0.7934
vn 0.6084 -0.0017 0.7937
vn -0.9920 -0.1245 -0.0218
vn 0.1241 -0.0894 0.9882
vn 0.9911 0.1296 -0.0318
vn 0.9913 0.1289 -0.0270
vn 0.5510 0.1571 -0.8196
vn 0.6095 -0.0064 0.7927
vn 0.6092 -0.0071 0.7930
vn -0.8384 -0.1619 0.5204
vn 0.3227 -0.0590 0.9447
vn 0.2792 0.1379 -0.9503
vn -0.7704 -0.0326 -0.6367
vn 0.2555 0.1359 -0.9572
vn 0.9899 0.1174 0.0794
vn -0.0939 0.0978 -0.9908
vn 0.5813 0.0484 -0.8122
vn 0.5042 0.0420 -0.8626
vn -0.9681 -0.0779 -0.2381
vn -0.9965 -0.0824 -0.0165
vn -0.7625 -0.0631 -0.6439
vn -0.7624 -0.0629 -0.6441
vn 0.1603 0.0114 -0.9870
vn 0.0170 0.0006 -0.9999
vn 0.0857 0.0060 0.9963
vn 0.2995 0.0222 0.9538
vn -0.9960 -0.0835 0.0332
vn -0.9960 -0.0835 0.0333
vn -0.9936 -0.0822 0.0781
vn -0.9665 -0.0781 0.2446
vn -0.8964 -0.0733 0.4372
vn -0.8585 -0.0717 0.5078
vn -0.8592 -0.0722 0.5065
vn 0.5997 0.0483 0.7988
vn 0.6865 0.0555 0.7250
vn -0.8583 -0.0713 0.5082
vn 0.5209 0.0423 0.8525
vn 0.5955 0.0499 0.8018
vn 0.5140 0.0428 -0.8567
vn 0.4193 0.0346 -0.9072
vn -0.4785 -0.0415 0.8771
vn -0.0838 -0.0102 0.9964
vn 0.5976 0.0504 0.8002
vn 0.6001 0.0510 0.7983
vn 0.0291 0.0026 0.9996
vn 0.3085 0.0257 -0.9509
vn -0.4002 -0.0354 -0.9158
vn -0.6815 -0.0546 -0.7298
vn 0.8997 0.0756 0.4298
vn 0.3132 0.0268 -0.9493
vn 0.3051 0.0246 -0.9520
vn 0.6015 0.0499 0.7973
vn -0.0289 -0.0026 -0.9996
vn -0.7631 -0.0635 -0.6432
vn 0.9930 0.0846 0.0830
vn 0.9960 0.0841 -0.0300
vn 0.9960 0.0836 -0.0327
vn 0.9960 0.0835 -0.0331
vn -0.1148 -0.0120 -0.9933
vn 0.9960 0.0839 -0.0318
vn 0.9960 0.0835 -0.0332
vn 0.9859 0.0834 -0.1447
vn -0.8449 -0.0691 -0.5304
vn 0.8549 0.0729 -0.5136
vn -0.7938 -0.0639 0.6049
vn 0.9065 -0.0000 0.4223
vn 0.9973 -0.0000 0.0739
vn 0.9994 -0.0000 -0.0356
vn 0.9892 -0.0000 -0.1463
vn -0.8590 -0.0000 -0.5119
vn -0.9742 -0.0000 -0.2258
vn 0.8559 -0.0000 -0.5172
vn 0.5839 -0.0000 -0.8119
vn -0.7778 -0.0000 -0.6286
vn -0.7777 -0.0000 -0.6286
vn -0.8690 -0.0000 0.4948
vn -0.8072 -0.0000 0.5902
vn -0.5048 -0.0000 0.8632
vn -0.8690 -0.0000 0.4949
vn -0.7778 -0.0000 -0.6285
vn 0.3003 -0.0000 0.9539
vn 0.5305 -0.0000 0.8477
vn 0.5121 -0.0000 -0.8589
vn -0.9999 -0.0000 -0.0124
vn 0.1597 -0.0000 -0.9872
vn 0.0151 -0.0000 -0.9999
vn 0.0851 -0.0000 0.9964
vn -0.9994 -0.0000 0.0356
vn -0.9969 -0.0000 0.0784
vn -0.9729 -0.0000 0.2311
vn -0.9056 -0.0000 0.4241
vn 0.6082 -0.0000 0.7938
vn 0.6948 -0.0000 0.7192
vn 0.5200 -0.0000 -0.8542
vn 0.4219 -0.0000 -0.9066
vn -0.0978 -0.0000 0.9952
vn 0.0309 -0.0000 0.9995
vn 0.3133 -0.0000 -0.9496
vn -0.4279 -0.0000 -0.9038
vn -0.7006 -0.0000 -0.7135
vn 0.3235 -0.0000 -0.9462
vn 0.3118 -0.0000 -0.9501
vn -0.0309 -0.0000 -0.9995
vn -0.1293 -0.0000 -0.9916
vn -0.8949 -0.0928 0.4366
vn -0.8553 -0.0869 0.5108
vn -0.9942 -0.1020 0.0327
vn 0.2977 0.0300 -0.9542
vn 0.1461 0.0165 -0.9891
vn 0.5987 0.0596 0.7988
vn 0.5997 0.0614 0.7979
vn 0.0116 0.0020 -0.9999
vn -0.0297 -0.0026 -0.9996
vn -0.6823 -0.0700 -0.7277
vn -0.7599 -0.0761 -0.6456
vn 0.9913 0.0999 0.0854
vn 0.9944 0.1012 -0.0289
vn 0.5932 0.0589 0.8029
vn 0.5957 0.0592 0.8010
vn 0.9943 0.1018 -0.0321
vn 0.9943 0.1019 -0.0325
vn -0.1282 -0.0089 -0.9917
vn 0.9944 0.1015 -0.0310
vn -0.4185 -0.0375 -0.9074
vn 0.5968 0.0624 0.8000
vn 0.8919 0.0902 0.4432
vn 0.9942 0.1020 -0.0327
vn 0.9841 0.1001 -0.1464
vn -0.8454 -0.0867 -0.5270
vn -0.9661 -0.1022 -0.2372
vn 0.8445 0.0849 -0.5288
vn 0.5705 0.0582 -0.8193
vn -0.7586 -0.0764 -0.6471
vn -0.8557 -0.0865 0.5101
vn -0.7941 -0.0827 0.6022
vn -0.5010 -0.0473 0.8642
vn -0.8568 -0.0863 0.5084
vn -0.7590 -0.0762 -0.6466
vn 0.2791 0.0304 0.9598
vn 0.5100 0.0516 0.8587
vn 0.5054 0.0514 -0.8613
vn -0.9945 -0.1032 -0.0176
vn 0.0775 0.0088 0.9970
vn -0.9917 -0.1030 0.0775
vn -0.9647 -0.1020 0.2430
vn 0.6757 0.0700 0.7338
vn 0.5104 0.0519 -0.8584
vn 0.4093 0.0417 -0.9115
vn -0.1024 -0.0059 0.9947
vn 0.0298 0.0027 0.9996
vn 0.3043 0.0305 -0.9521
vn 0.3164 0.0305 -0.9481
vn 0.5925 0.0606 0.8033
vn 0.5951 0.0613 0.8013
vn 0.5976 0.0589 0.7996
vn 0.6844 0.0676 0.7260
vn -0.0285 -0.0031 -0.9996
vn -0.1119 -0.0141 -0.9936
vn -0.3943 -0.0423 -0.9180
vn 0.5126 0.0523 -0.8571
vn 0.4186 0.0424 -0.9072
vn 0.5982 0.0622 0.7990
vn 0.8976 0.0920 0.4311
vn 0.9910 0.1032 0.0849
vn 0.3075 0.0314 -0.9510
vn -0.8412 -0.0841 -0.5342
vn -0.9659 -0.0952 -0.2407
vn 0.8541 0.0890 -0.5125
vn 0.5806 0.0592 -0.8121
vn -0.6769 -0.0661 -0.7331
vn 0.3109 0.0325 -0.9499
vn -0.7903 -0.0778 0.6078
vn -0.4726 -0.0498 0.8799
vn 0.0288 0.0031 0.9996
vn 0.0858 0.0074 0.9963
vn -0.7595 -0.0771 -0.6459
vn -0.7588 -0.0767 -0.6468
vn 0.2993 0.0272 0.9538
vn 0.5188 0.0515 0.8534
vn 0.5998 0.0609 0.7978
vn 0.5023 0.0512 -0.8632
vn 0.9943 0.1028 -0.0287
vn 0.9942 0.1022 -0.0321
vn -0.9646 -0.0955 0.2460
vn -0.8936 -0.0894 0.4398
vn 0.9943 0.1025 -0.0309
vn -0.9919 -0.1004 0.0780
vn 0.9843 0.1018 -0.1443
vn -0.0811 -0.0119 0.9966
vn -0.8555 -0.0873 0.5103
vn -0.8564 -0.0879 0.5087
vn 0.3036 0.0299 -0.9523
vn -0.9948 -0.1008 -0.0175
vn 0.1604 0.0140 -0.9869
vn 0.0174 0.0009 -0.9998
vn -0.9729 -0.0000 0.2312
vn -0.7753 0.0289 -0.6310
vn -0.7766 0.0372 -0.6289
vn -0.8747 0.1050 0.4731
vn -0.8739 0.1025 0.4753
vn 0.5984 0.0249 0.8008
vn 0.6828 0.0304 0.7300
vn -0.9888 0.1314 0.0713
vn -0.9651 0.1367 0.2236
vn -0.8751 0.1132 0.4705
vn -0.8751 0.1105 0.4712
vn -0.9938 0.1069 0.0302
vn -0.9925 0.1188 0.0303
vn 0.5254 -0.0060 0.8508
vn 0.6009 0.0010 0.7993
vn 0.5187 0.0277 -0.8545
vn 0.4181 0.0233 -0.9081
vn -0.4980 0.0416 0.8662
vn -0.0876 -0.0060 0.9961
vn 0.6005 0.0082 0.7996
vn 0.6010 0.0140 0.7991
vn 0.0316 -0.0087 0.9995
vn 0.3116 0.0177 -0.9501
vn 0.5133 0.0244 -0.8579
vn -0.4260 0.0050 -0.9047
vn -0.6935 0.0033 -0.7205
vn 0.8997 0.0348 0.4351
vn 0.3216 0.0194 -0.9467
vn 0.3038 0.0208 -0.9525
vn 0.0855 -0.0073 0.9963
vn -0.9069 0.1236 0.4029
vn -0.9950 0.0954 0.0301
vn 0.1519 0.0139 -0.9883
vn 0.6008 0.0195 0.7992
vn 0.0133 0.0073 -0.9999
vn -0.0323 0.0071 -0.9995
vn -0.7719 0.0073 -0.6357
vn -0.8751 0.1079 0.4718
vn 0.9957 0.0368 0.0847
vn 0.9988 0.0404 -0.0260
vn 0.9984 0.0492 -0.0280
vn 0.9982 0.0532 -0.0283
vn -0.1332 0.0076 -0.9911
vn 0.9986 0.0450 -0.0273
vn 0.9980 0.0570 -0.0283
vn 0.9882 0.0573 -0.1423
vn -0.8578 0.0490 -0.5117
vn -0.9720 0.0600 -0.2271
vn 0.8516 0.0453 -0.5222
vn 0.5802 0.0271 -0.8140
vn -0.7740 0.0212 -0.6328
vn -0.8133 0.0957 0.5739
vn -0.7729 0.0139 -0.6344
vn 0.2994 -0.0089 0.9541
vn -0.9977 0.0652 -0.0170
vn -0.9968 0.0735 0.0298
vn -0.9960 0.0843 0.0300
vn -0.8169 0.0920 0.5694
vn -0.5287 0.0609 0.8466
vn -0.8744 0.1048 0.4738
vn -0.7577 0.0084 -0.6525
vn -0.7583 0.0152 -0.6517
vn 0.9902 0.0582 -0.1268
vn 0.8646 0.0473 -0.5002
vn 0.2808 -0.0085 0.9597
vn 0.5090 -0.0074 0.8608
vn 0.9985 0.0531 -0.0150
vn 0.9983 0.0569 -0.0151
vn 0.5931 0.0275 -0.8047
vn 0.5167 0.0244 -0.8558
vn -0.9671 0.0549 -0.2485
vn -0.9975 0.0632 -0.0328
vn -0.7594 0.0225 -0.6503
vn 0.1630 0.0125 -0.9865
vn 0.0212 0.0073 -0.9997
vn 0.0738 -0.0074 0.9972
vn -0.9972 0.0733 0.0166
vn -0.9963 0.0840 0.0167
vn -0.9928 0.1185 0.0170
vn -0.9902 0.1267 0.0580
vn -0.9691 0.1255 0.2124
vn -0.9096 0.1194 0.3979
vn -0.9953 0.0951 0.0168
vn -0.7607 0.0304 -0.6484
vn -0.7620 0.0388 -0.6464
vn -0.8745 0.1065 0.4733
vn 0.5860 0.0231 0.8100
vn 0.6699 0.0290 0.7419
vn -0.8745 0.1139 0.4715
vn -0.8744 0.1112 0.4722
vn -0.9942 0.1066 0.0169
vn 0.5866 -0.0003 0.8098
vn 0.5256 0.0279 -0.8503
vn 0.4304 0.0236 -0.9023
vn -0.1102 0.0070 0.9939
vn 0.5870 0.0077 0.8095
vn 0.5886 0.0142 0.8083
vn 0.0287 -0.0116 0.9995
vn 0.3191 0.0183 -0.9475
vn -0.4046 0.0032 -0.9145
vn -0.6757 0.0035 -0.7372
vn 0.8899 0.0359 0.4547
vn 0.3208 0.0209 -0.9469
vn 0.3085 0.0208 -0.9510
vn 0.5891 0.0190 0.8078
vn -0.0285 0.0083 -0.9996
vn -0.8744 0.1085 0.4729
vn 0.9937 0.0379 0.1053
vn 0.9991 0.0408 -0.0103
vn 0.9987 0.0493 -0.0144
vn -0.1226 0.0070 -0.9924
vn 0.9989 0.0453 -0.0129
vn -0.8459 0.0474 -0.5313
vn 0.5792 -0.0000 0.8152
vn 0.5812 -0.0000 0.8137
vn 1.0000 -0.0000 -0.0085
vn 1.0000 -0.0000 -0.0091
vn -0.0219 -0.0000 -0.9998
vn -0.1158 -0.0000 -0.9933
vn 1.0000 -0.0000 -0.0071
vn -0.3976 -0.0000 -0.9175
vn 0.5848 -0.0000 0.8112
vn 0.5827 -0.0000 0.8127
vn 0.8888 -0.0000 0.4582
vn 0.9939 -0.0000 0.1098
vn 1.0000 -0.0000 -0.0092
vn 0.9925 -0.0000 -0.1224
vn -0.8350 -0.0000 -0.5502
vn -0.9649 -0.0000 -0.2624
vn 1.0000 -0.0000 -0.0045
vn 0.8650 -0.0000 -0.5019
vn 0.5948 -0.0000 -0.8039
vn -0.7478 -0.0000 -0.6639
vn -0.8676 -0.0000 0.4972
vn -0.8681 -0.0000 0.4964
vn -0.8050 -0.0000 0.5933
vn -0.4954 -0.0000 0.8687
vn -0.8695 -0.0000 0.4939
vn -0.7489 -0.0000 -0.6626
vn -0.7481 -0.0000 -0.6635
vn 0.2754 -0.0000 0.9613
vn 0.5005 -0.0000 0.8657
vn 0.5234 -0.0000 -0.8521
vn -0.9991 -0.0000 -0.0413
vn 0.1651 -0.0000 -0.9863
vn 0.0255 -0.0000 -0.9997
vn 0.0692 -0.0000 0.9976
vn -1.0000 -0.0000 0.0092
vn -1.0000 -0.0000 0.0093
vn -0.9985 -0.0000 0.0548
vn -0.9745 -0.0000 0.2245
vn -0.9063 -0.0000 0.4226
vn 0.6675 -0.0000 0.7446
vn 0.5308 -0.0000 -0.8475
vn 0.4331 -0.0000 -0.9013
vn -0.0969 -0.0000 0.9953
vn 0.5837 -0.0000 0.8120
vn 0.0199 -0.0000 0.9998
vn 0.3239 -0.0000 -0.9461
vn -0.6680 -0.0000 -0.7442
vn 0.3300 0.0044 -0.9440
vn 0.3134 -0.0000 -0.9496
vn -0.7479 -0.0000 -0.6639
vn -0.8677 0.0244 0.4965
vn -0.8020 0.0181 0.5970
vn -0.7501 0.0286 -0.6607
vn -0.7495 0.0311 -0.6612
vn 0.9919 0.0255 -0.1243
vn 0.8632 0.0257 -0.5042
vn 0.2718 0.0048 0.9623
vn 0.4967 0.0127 0.8678
vn 0.9996 0.0273 -0.0115
vn 0.9996 0.0259 -0.0118
vn 0.5920 0.0225 -0.8057
vn 0.5214 0.0210 -0.8531
vn -0.9615 0.0779 -0.2635
vn -0.9954 0.0869 -0.0410
vn -0.7495 0.0340 -0.6611
vn 0.1583 0.0067 -0.9874
vn 0.0213 0.0021 -0.9998
vn 0.0707 -0.0009 0.9975
vn -0.9962 0.0868 0.0096
vn -0.9963 0.0856 0.0097
vn -0.9966 0.0819 0.0098
vn -0.9952 0.0823 0.0538
vn -0.9719 0.0829 0.2203
vn -0.9055 0.0741 0.4179
vn -0.9964 0.0845 0.0097
vn -0.7497 0.0370 -0.6607
vn -0.7500 0.0404 -0.6602
vn -0.8666 0.0325 0.4979
vn 0.5837 0.0098 0.8119
vn 0.6650 0.0123 0.7468
vn -0.8675 0.0616 0.4937
vn -0.8671 0.0514 0.4956
vn -0.9965 0.0832 0.0097
vn 0.5777 0.0154 0.8161
vn 0.5282 0.0205 -0.8489
vn 0.4296 0.0183 -0.9028
vn -0.4904 0.0111 0.8714
vn -0.0941 0.0048 0.9956
vn 0.5811 0.0144 0.8137
vn 0.5850 0.0130 0.8109
vn 0.0230 0.0007 0.9997
vn 0.3201 0.0153 -0.9473
vn -0.3936 0.0045 -0.9193
vn -0.6667 0.0216 -0.7450
vn 0.8857 0.0221 0.4638
vn 0.3239 0.0136 -0.9460
vn 0.3060 0.0114 -0.9520
vn 0.5868 0.0115 0.8096
vn -0.0249 -0.0014 -0.9997
vn -0.8666 0.0417 0.4973
vn 0.9932 0.0293 0.1126
vn 0.9995 0.0306 -0.0045
vn 0.9995 0.0287 -0.0107
vn -0.1164 -0.0031 -0.9932
vn 0.9995 0.0298 -0.0086
vn -0.8331 0.0537 -0.5505
vn 0.5762 0.0312 0.8167
vn 0.5811 0.0294 0.8133
vn 0.9983 0.0574 -0.0129
vn 0.9984 0.0546 -0.0140
vn -0.0295 -0.0046 -0.9996
vn -0.1413 -0.0051 -0.9899
vn 0.9982 0.0599 -0.0101
vn -0.4492 0.0187 -0.8932
vn 0.5887 0.0226 0.8081
vn 0.5842 0.0190 0.8114
vn 0.8872 0.0443 0.4592
vn 0.9919 0.0593 0.1123
vn 0.9986 0.0516 -0.0143
vn 0.9901 0.0512 -0.1306
vn -0.8451 0.1116 -0.5229
vn -0.9585 0.1524 -0.2409
vn 0.9981 0.0617 -0.0047
vn 0.8617 0.0519 -0.5048
vn 0.5935 0.0451 -0.8036
vn -0.7510 0.0820 -0.6552
vn -0.7503 0.0689 -0.6574
vn -0.7507 0.0752 -0.6564
vn -0.8641 0.0854 0.4960
vn -0.8642 0.0671 0.4987
vn -0.8058 0.0365 0.5911
vn -0.5312 0.0236 0.8469
vn -0.8653 0.0506 0.4987
vn -0.7506 0.0583 -0.6582
vn -0.7502 0.0632 -0.6582
vn 0.2734 0.0083 0.9619
vn 0.4974 0.0253 0.8672
vn 0.5176 0.0419 -0.8546
vn -0.9846 0.1711 -0.0373
vn 0.1450 0.0121 -0.9894
vn 0.0132 0.0031 -0.9999
vn 0.0722 -0.0019 0.9974
vn -0.9849 0.1728 0.0100
vn -0.9853 0.1706 0.0100
vn -0.9865 0.1632 0.0102
vn -0.9853 0.1618 0.0542
vn -0.9640 0.1596 0.2126
vn -0.9028 0.1464 0.4044
vn -0.9857 0.1683 0.0101
vn 0.6686 0.0242 0.7432
vn -0.8639 0.1255 0.4877
vn -0.8642 0.1050 0.4921
vn -0.9861 0.1658 0.0101
vn 0.5265 0.0412 -0.8492
vn 0.4303 0.0367 -0.9019
vn -0.1106 0.0114 0.9938
vn 0.5867 0.0265 0.8094
vn 0.0267 0.0030 0.9996
vn 0.3172 0.0310 -0.9478
vn -0.6827 0.0457 -0.7293
vn 0.3182 0.0279 -0.9476
vn 0.2960 0.0221 -0.9549
vn -0.0000 -0.0000 1.0000
vn 0.4467 -0.0000 0.8947
vn -0.6082 -0.0000 0.7938
vn -0.5482 -0.0000 0.8363
vn -0.5305 -0.0000 0.8477
vn -0.3176 -0.0000 -0.9482
vn -0.3160 -0.0000 -0.9488
vn -0.3235 -0.0000 -0.9462
vn -0.3133 -0.0000 -0.9496
vn -0.5091 -0.0000 -0.8607
vn -0.5222 -0.0000 -0.8528
vn -0.5200 -0.0000 -0.8542
vn -0.5121 -0.0000 -0.8589
vn -0.9892 -0.0000 -0.1465
vn -0.8637 -0.0000 -0.5041
vn -0.8559 -0.0000 -0.5172
vn -0.9892 -0.0000 -0.1463
vn 0.7777 -0.0000 -0.6286
vn 0.8461 -0.0000 -0.5330
vn 0.8590 -0.0000 -0.5119
vn 0.4347 -0.0000 0.9006
vn 0.6944 -0.0000 0.7196
vn 0.9706 -0.0000 -0.2409
vn 0.9999 -0.0000 -0.0139
vn 0.9999 -0.0000 -0.0124
vn 0.9742 -0.0000 -0.2258
vn -0.0269 -0.0000 -0.9996
vn 0.0288 -0.0000 -0.9996
vn 0.0309 -0.0000 -0.9995
vn -0.0151 -0.0000 -0.9999
vn -0.9994 -0.0000 -0.0356
vn -0.7080 -0.0000 0.7063
vn -0.9208 -0.0000 0.3900
vn -0.9065 -0.0000 0.4223
vn -0.6948 -0.0000 0.7192
vn 0.8690 -0.0000 0.4949
vn 0.9698 -0.0009 0.2439
vn 0.9969 -0.0000 0.0784
vn -0.9978 -0.0000 0.0656
vn -0.9973 -0.0000 0.0739
vn 0.7778 -0.0000 -0.6286
vn 0.0897 -0.0000 -0.9960
vn 0.3573 -0.0000 -0.9340
vn 0.4278 -0.0000 -0.9039
vn 0.1293 -0.0000 -0.9916
vn 0.9994 -0.0000 0.0356
vn 0.9056 -0.0000 0.4241
vn 0.8690 -0.0000 0.4948
vn 0.6813 -0.0000 -0.7320
vn 0.7007 -0.0000 -0.7135
vn -0.3237 -0.0000 -0.9462
vn -0.1872 -0.0000 -0.9823
vn -0.1597 -0.0000 -0.9872
vn -0.3118 -0.0000 -0.9501
vn -0.5934 -0.0000 -0.8049
vn -0.5839 -0.0000 -0.8119
vn 0.7778 -0.0000 -0.6285
vn -0.0251 -0.0000 0.9997
vn -0.0309 -0.0000 0.9995
vn -0.3381 -0.0000 0.9411
vn -0.3003 -0.0000 0.9539
vn 0.5048 -0.0000 0.8632
vn 0.8072 -0.0000 0.5902
vn 0.0978 -0.0000 0.9952
vn -0.4321 -0.0000 -0.9018
vn -0.4219 -0.0000 -0.9066
vn -0.1448 -0.0000 0.9895
vn 0.9716 -0.0065 0.2366
vn 0.5048 -0.0000 0.8633
vn -0.9980 0.0546 -0.0318
vn -0.9981 0.0525 -0.0315
vn -0.0134 0.0035 -0.9999
vn -0.1526 0.0096 -0.9882
vn 0.8721 0.0676 0.4846
vn 0.8729 0.0724 0.4826
vn -0.6013 0.0259 0.7986
vn -0.6035 0.0228 0.7970
vn -0.9956 0.0445 0.0821
vn -0.8999 0.0399 0.4343
vn 0.8106 0.0607 0.5824
vn 0.7813 0.0443 -0.6225
vn 0.7802 0.0370 -0.6245
vn -0.5244 0.0067 0.8514
vn -0.2967 0.0012 0.9550
vn 0.8735 0.0833 0.4797
vn 0.8737 0.0890 0.4783
vn 0.6858 0.0705 0.7244
vn -0.5099 0.0263 -0.8599
vn -0.5775 0.0301 -0.8159
vn 0.9067 0.1010 0.4095
vn -0.3091 0.0162 -0.9509
vn -0.4157 0.0224 -0.9092
vn -0.0289 -0.0053 0.9996
vn 0.0934 -0.0001 0.9956
vn -0.5158 0.0277 -0.8563
vn 0.5012 0.0280 0.8649
vn 0.7789 0.0300 -0.6264
vn 0.7778 0.0236 -0.6281
vn 0.9665 0.1150 0.2294
vn -0.1425 -0.0014 0.9898
vn 0.9934 0.1089 0.0358
vn 0.7097 0.0970 0.6977
vn 0.6994 0.0174 -0.7146
vn 0.9904 0.1146 0.0768
vn -0.9979 0.0567 -0.0319
vn -0.6845 0.0314 0.7283
vn -0.0244 -0.0034 0.9997
vn 0.9954 0.0891 0.0354
vn 0.9963 0.0858 -0.0109
vn 0.8733 0.0779 0.4809
vn -0.9878 0.0565 -0.1451
vn -0.6033 0.0197 0.7973
vn -0.6023 0.0166 0.7981
vn -0.6019 0.0123 0.7985
vn -0.3199 0.0163 -0.9473
vn -0.8505 0.0466 -0.5238
vn 0.8614 0.0665 -0.5035
vn 0.7826 0.0521 -0.6204
vn 0.9722 0.0822 -0.2194
vn 0.0316 0.0031 -0.9995
vn -0.9983 0.0501 -0.0309
vn -0.9984 0.0474 -0.0296
vn 0.4268 0.0089 -0.9043
vn 0.1309 0.0045 -0.9914
vn 0.9949 0.0940 0.0355
vn 0.9945 0.0989 0.0356
vn -0.3038 0.0163 -0.9526
vn 0.7059 0.0724 0.7045
vn 0.7744 0.0540 -0.6304
vn 0.7731 0.0460 -0.6326
vn 0.4180 0.0103 -0.9084
vn 0.1258 0.0053 -0.9920
vn 0.9951 0.0940 0.0309
vn 0.9956 0.0891 0.0308
vn 0.9705 0.0750 -0.2291
vn 0.8565 0.0649 -0.5120
vn -0.5986 0.0225 0.8007
vn -0.5977 0.0204 0.8015
vn 0.6902 0.0175 -0.7234
vn 0.9946 0.0989 0.0310
vn 0.0299 0.0038 -0.9995
vn -0.9983 0.0526 -0.0266
vn -0.9984 0.0505 -0.0254
vn -0.1585 0.0080 -0.9873
vn -0.3046 0.0160 -0.9523
vn 0.6657 0.0659 0.7433
vn -0.5839 0.0304 -0.8112
vn -0.8581 0.0487 -0.5112
vn 0.7719 0.0385 -0.6345
vn 0.7708 0.0316 -0.6362
vn -0.3154 0.0175 -0.9488
vn 0.5159 0.0371 0.8558
vn 0.8102 0.0584 0.5832
vn -0.9981 0.0547 -0.0272
vn -0.0169 0.0034 -0.9999
vn 0.8703 0.0696 0.4876
vn 0.8705 0.0741 0.4865
vn -0.5958 0.0242 0.8028
vn -0.9948 0.0459 0.0913
vn -0.8966 0.0407 0.4409
vn -0.5170 0.0056 0.8560
vn -0.2899 0.0004 0.9571
vn 0.8709 0.0845 0.4842
vn 0.8711 0.0903 0.4828
vn 0.6916 0.0734 0.7185
vn 0.6937 0.0703 0.7169
vn -0.5079 0.0263 -0.8610
vn 0.9067 0.0977 0.4102
vn -0.3109 0.0166 -0.9503
vn -0.4213 0.0226 -0.9066
vn -0.0257 0.0006 0.9997
vn 0.1046 0.0064 0.9945
vn -0.5170 0.0278 -0.8555
vn 0.7700 0.0251 -0.6375
vn 0.9683 0.1057 0.2264
vn -0.1381 -0.0009 0.9904
vn 0.9936 0.1089 0.0312
vn 0.7023 0.0738 -0.7081
vn 0.9912 0.1107 0.0723
vn -0.9980 0.0566 -0.0273
vn -0.6800 0.0299 0.7326
vn -0.0209 -0.0004 0.9998
vn 0.9964 0.0831 -0.0173
vn 0.8707 0.0790 0.4854
vn -0.9886 0.0574 -0.1392
vn -0.5954 0.0167 0.8032
vn -0.5942 0.0119 0.8042
vn -0.9986 0.0481 -0.0231
vn -0.9997 -0.0000 -0.0264
vn -0.9997 -0.0000 -0.0263
vn 0.9700 -0.0006 0.2431
vn 0.9975 -0.0000 0.0713
vn -0.6805 -0.0000 0.7327
vn -0.5963 -0.0000 0.8028
vn -0.0205 -0.0000 0.9998
vn -0.0263 -0.0000 0.9997
vn 0.9997 -0.0000 0.0264
vn 0.9997 -0.0000 -0.0235
vn 0.8636 -0.0000 0.5042
vn -0.9903 -0.0000 -0.1390
vn 0.8639 -0.0000 0.5037
vn -0.5973 -0.0000 0.8020
vn -0.5948 -0.0000 0.8039
vn -0.5927 -0.0000 0.8054
vn -0.5140 -0.0000 0.8578
vn -0.3256 -0.0004 -0.9455
vn -0.3131 -0.0000 -0.9497
vn -0.5197 -0.0000 -0.8544
vn -0.5120 -0.0000 -0.8590
vn -0.8573 -0.0000 -0.5148
vn 0.8458 -0.0000 -0.5335
vn 0.7605 -0.0000 -0.6494
vn 0.9699 -0.0000 -0.2437
vn 0.0267 -0.0000 -0.9996
vn -0.0183 -0.0000 -0.9998
vn -0.9997 -0.0000 -0.0249
vn -0.9997 -0.0000 -0.0230
vn -0.8975 -0.0000 0.4409
vn -0.9959 -0.0000 0.0904
vn 0.4074 -0.0000 -0.9133
vn 0.1194 -0.0000 -0.9928
vn -0.5983 -0.0000 0.8012
vn 0.6811 -0.0000 -0.7321
vn -0.9997 -0.0000 -0.0259
vn -0.1584 -0.0000 -0.9874
vn -0.3071 -0.0000 -0.9517
vn 0.6977 -0.0000 0.7164
vn -0.5839 -0.0000 -0.8118
vn 0.7605 -0.0000 -0.6493
vn 0.7607 -0.0000 -0.6491
vn 0.4939 -0.0000 0.8695
vn 0.8006 -0.0000 0.5992
vn 0.8648 -0.0000 0.5021
vn -0.2873 -0.0000 0.9578
vn 0.6871 0.0740 0.7228
vn 0.9022 -0.0000 0.4313
vn -0.4218 -0.0000 -0.9067
vn 0.0950 -0.0000 0.9955
vn 0.7615 -0.0000 -0.6482
vn -0.1360 -0.0000 0.9907
vn -0.3219 0.0052 -0.9468
vn 0.9715 -0.0057 0.2368
vn -0.0259 -0.0017 0.9997
vn 0.0928 -0.0003 0.9957
vn -0.4194 0.0136 -0.9077
vn -0.5187 0.0167 -0.8548
vn 0.4898 0.0139 0.8717
vn 0.7597 0.0167 -0.6501
vn 0.7600 0.0133 -0.6498
vn 0.9027 0.0516 0.4272
vn 0.9701 0.0595 0.2351
vn -0.2843 0.0014 0.9587
vn -0.1340 -0.0004 0.9910
vn 0.9980 0.0575 0.0257
vn 0.7087 0.0622 0.7027
vn 0.6786 0.0099 -0.7345
vn 0.9957 0.0601 0.0701
vn -0.9992 0.0334 -0.0239
vn -0.9992 0.0321 -0.0237
vn -0.6751 0.0181 0.7375
vn -0.5931 0.0151 0.8050
vn -0.0194 -0.0022 0.9998
vn 0.9985 0.0476 0.0255
vn 0.9987 0.0458 -0.0239
vn 0.8652 0.0397 0.4999
vn 0.8653 0.0425 0.4994
vn -0.9899 0.0334 -0.1376
vn 0.8653 0.0370 0.4999
vn -0.5950 0.0121 0.8036
vn -0.5915 0.0105 0.8062
vn -0.5888 0.0082 0.8082
vn -0.5097 0.0049 0.8603
vn -0.3193 0.0101 -0.9476
vn -0.3116 0.0099 -0.9501
vn -0.5123 0.0156 -0.8587
vn -0.8551 0.0276 -0.5177
vn 0.8455 0.0355 -0.5328
vn 0.7610 0.0281 -0.6481
vn 0.9690 0.0438 -0.2431
vn 0.0266 0.0017 -0.9996
vn -0.0177 0.0020 -0.9998
vn -0.9993 0.0292 -0.0216
vn -0.9994 0.0274 -0.0188
vn -0.8938 0.0230 0.4479
vn -0.9951 0.0257 0.0959
vn 0.7605 0.0242 -0.6489
vn 0.4049 0.0051 -0.9144
vn 0.1194 0.0026 -0.9928
vn 0.9984 0.0500 0.0256
vn -0.5965 0.0136 0.8025
vn 0.9983 0.0525 0.0256
vn -0.9993 0.0307 -0.0231
vn -0.1547 0.0057 -0.9880
vn -0.3030 0.0100 -0.9529
vn 0.7062 0.0393 0.7069
vn -0.5816 0.0176 -0.8133
vn 0.7600 0.0204 -0.6496
vn 0.8010 0.0307 0.5979
vn 0.8660 0.0347 0.4989
vn 0.8655 0.0454 0.4989
vn 0.6947 0.0377 0.7183
vn 0.9674 0.0409 -0.2500
vn 0.8412 0.0349 -0.5395
vn -0.5937 0.0135 0.8046
vn -0.5916 0.0126 0.8061
vn 0.6710 0.0098 -0.7414
vn 0.3971 0.0057 -0.9178
vn 0.9984 0.0525 0.0220
vn 0.9985 0.0500 0.0219
vn 0.1149 0.0030 -0.9934
vn 0.0248 0.0021 -0.9997
vn -0.9993 0.0308 -0.0192
vn -0.9994 0.0294 -0.0171
vn -0.1584 0.0049 -0.9874
vn -0.3034 0.0099 -0.9528
vn 0.6857 0.0366 0.7270
vn -0.5865 0.0177 -0.8097
vn -0.8604 0.0283 -0.5089
vn 0.7530 0.0210 -0.6577
vn 0.7528 0.0174 -0.6580
vn -0.3169 0.0108 -0.9484
vn 0.4961 0.0174 0.8681
vn 0.8003 0.0297 0.5989
vn -0.9993 0.0321 -0.0200
vn -0.0203 0.0019 -0.9998
vn 0.8643 0.0356 0.5018
vn 0.8631 0.0377 0.5036
vn -0.5893 0.0142 0.8078
vn -0.9943 0.0262 0.1034
vn -0.8908 0.0231 0.4538
vn 0.7535 0.0248 -0.6570
vn -0.5039 0.0044 0.8637
vn -0.2794 0.0009 0.9602
vn 0.8630 0.0429 0.5034
vn 0.8631 0.0458 0.5029
vn 0.6981 0.0390 0.7149
vn 0.6995 0.0374 0.7137
vn -0.5121 0.0155 -0.8588
vn 0.9023 0.0503 0.4281
vn -0.3135 0.0102 -0.9495
vn -0.4238 0.0138 -0.9056
vn -0.0212 -0.0001 0.9998
vn 0.0971 0.0021 0.9953
vn -0.5204 0.0168 -0.8537
vn 0.7535 0.0140 -0.6573
vn 0.9709 0.0558 0.2329
vn -0.1305 -0.0003 0.9914
vn 0.9981 0.0575 0.0221
vn 0.7130 0.0368 -0.7002
vn 0.9960 0.0586 0.0668
vn -0.9992 0.0333 -0.0203
vn -0.6711 0.0173 0.7411
vn -0.0166 -0.0002 0.9999
vn 0.9986 0.0476 0.0219
vn 0.9986 0.0448 -0.0287
vn 0.8628 0.0401 0.5039
vn -0.9905 0.0337 -0.1330
vn -0.5867 0.0107 0.8097
vn -0.5830 0.0081 0.8124
vn 0.7541 0.0289 -0.6562
vn -0.9995 0.0278 -0.0133
vn -0.9998 -0.0000 -0.0180
vn -0.9999 -0.0000 -0.0160
vn -0.1578 -0.0000 -0.9875
vn -0.3040 -0.0000 -0.9527
vn 0.7003 -0.0000 0.7139
vn 0.9998 -0.0000 0.0191
vn -0.5859 -0.0000 -0.8104
vn -0.8594 -0.0000 -0.5113
vn 0.7463 -0.0000 -0.6656
vn 0.7467 -0.0000 -0.6651
vn -0.3192 -0.0000 -0.9477
vn 0.4849 -0.0000 0.8746
vn 0.7951 -0.0000 0.6065
vn -0.9998 -0.0000 -0.0189
vn -0.0276 -0.0001 -0.9996
vn 0.8613 -0.0000 0.5081
vn 0.8594 -0.0000 0.5113
vn -0.5885 -0.0000 0.8085
vn -0.9945 -0.0000 0.1044
vn -0.8902 -0.0000 0.4555
vn 0.7463 -0.0000 -0.6657
vn -0.5013 -0.0000 0.8653
vn -0.2772 -0.0000 0.9608
vn 0.8587 -0.0000 0.5124
vn 0.8588 -0.0000 0.5124
vn 0.6960 0.0395 0.7170
vn 0.7003 -0.0000 0.7138
vn -0.5140 -0.0000 -0.8578
vn 0.9020 -0.0000 0.4318
vn -0.3142 -0.0000 -0.9493
vn -0.4235 -0.0000 -0.9059
vn -0.0223 -0.0000 0.9998
vn 0.0931 -0.0000 0.9957
vn -0.5214 -0.0000 -0.8533
vn 0.7482 -0.0000 -0.6635
vn 0.9723 -0.0000 0.2337
vn -0.1289 -0.0000 0.9917
vn 0.6651 -0.0000 -0.7468
vn 0.9978 -0.0000 0.0657
vn -0.9998 -0.0000 -0.0191
vn -0.6700 -0.0000 0.7424
vn -0.0165 -0.0000 0.9999
vn 0.9995 -0.0000 -0.0324
vn -0.9912 -0.0000 -0.1326
vn -0.5905 -0.0000 0.8071
vn -0.5854 -0.0000 0.8107
vn -0.5812 -0.0000 0.8138
vn 0.8347 -0.0000 -0.5507
vn 0.7462 -0.0000 -0.6657
vn 0.9661 -0.0000 -0.2580
vn 0.0243 0.0003 -0.9997
vn -0.9999 -0.0000 -0.0121
vn 0.3903 -0.0000 -0.9207
vn 0.1110 -0.0000 -0.9938
vn 0.0242 0.0002 -0.9997
vn -0.0227 0.0063 -0.9997
vn 0.9723 -0.0000 0.2336
vn 0.6651 -0.0000 -0.7467
vn 0.1109 -0.0000 -0.9938
vn 0.0235 -0.0012 -0.9997
vn -0.0276 -0.0000 -0.9996
vn 0.7487 0.0125 -0.6628
vn 0.6644 0.0098 -0.7473
vn 0.9975 0.0247 0.0668
vn 0.9995 0.0254 0.0204
vn -0.9997 0.0140 -0.0196
vn -0.9997 0.0145 -0.0193
vn 0.9707 0.0240 0.2389
vn -0.6688 0.0060 0.7434
vn -0.5932 0.0041 0.8051
vn -0.0177 0.0019 0.9998
vn -0.0228 0.0014 0.9997
vn 0.9994 0.0293 0.0205
vn 0.9991 0.0301 -0.0311
vn 0.8579 0.0123 0.5137
vn 0.8580 0.0149 0.5134
vn -0.9910 0.0140 -0.1328
vn 0.8584 0.0098 0.5129
vn -0.5915 0.0071 0.8063
vn -0.5855 0.0079 0.8106
vn -0.5805 0.0082 0.8142
vn -0.4994 0.0070 0.8663
vn -0.3174 0.0053 -0.9483
vn -0.3126 0.0063 -0.9499
vn -0.5204 0.0101 -0.8538
vn -0.5134 0.0106 -0.8581
vn -0.8589 0.0140 -0.5120
vn 0.8345 0.0209 -0.5506
vn 0.7472 0.0165 -0.6644
vn 0.9658 0.0281 -0.2576
vn 0.0230 -0.0017 -0.9997
vn -0.0230 0.0042 -0.9997
vn -0.9998 0.0153 -0.0159
vn -0.9998 0.0154 -0.0113
vn -0.8886 0.0109 0.4586
vn -0.9942 0.0146 0.1065
vn 0.7471 0.0155 -0.6646
vn 0.3875 0.0025 -0.9219
vn 0.1097 -0.0016 -0.9940
vn 0.9994 0.0283 0.0205
vn -0.5942 0.0061 0.8043
vn 0.9994 0.0273 0.0205
vn -0.9997 0.0150 -0.0183
vn -0.1555 0.0016 -0.9878
vn -0.3013 0.0041 -0.9535
vn 0.7066 0.0246 0.7072
vn -0.5847 0.0117 -0.8111
vn 0.7470 0.0144 -0.6647
vn 0.7473 0.0134 -0.6643
vn 0.4830 0.0036 0.8756
vn 0.7936 0.0058 0.6085
vn 0.8603 0.0076 0.5098
vn -0.2754 0.0037 0.9613
vn 0.8582 0.0175 0.5131
vn 0.7008 0.0191 0.7131
vn 0.8984 0.0209 0.4386
vn -0.4218 0.0084 -0.9066
vn 0.0927 0.0021 0.9957
vn -0.1293 0.0017 0.9916
vn 0.7031 0.0522 0.7092
vn 0.6908 0.0242 0.7227
vn 0.9994 0.0273 0.0221
vn -0.5840 0.0118 -0.8116
vn -0.8583 0.0139 -0.5129
vn 0.7451 0.0145 -0.6668
vn 0.7456 0.0136 -0.6663
vn -0.2982 0.0040 -0.9545
vn -0.3110 0.0003 -0.9504
vn 0.4779 0.0036 0.8784
vn 0.7899 0.0056 0.6132
vn -0.9997 0.0146 -0.0208
vn -0.9997 0.0151 -0.0196
vn -0.0183 -0.0008 -0.9998
vn -0.1534 0.0013 -0.9882
vn 0.8575 0.0079 0.5145
vn 0.8552 0.0101 0.5182
vn -0.5895 0.0093 0.8077
vn -0.5967 0.0060 0.8024
vn -0.9942 0.0147 0.1061
vn -0.8899 0.0106 0.4561
vn 0.7451 0.0156 -0.6667
vn -0.5005 0.0069 0.8657
vn -0.2784 0.0034 0.9605
vn 0.8547 0.0151 0.5189
vn 0.8549 0.0177 0.5185
vn 0.6982 0.0178 0.7157
vn 0.6976 0.0184 0.7163
vn -0.5113 0.0106 -0.8594
vn 0.8960 0.0205 0.4435
vn -0.3092 0.0001 -0.9510
vn -0.4208 0.0085 -0.9071
vn -0.0242 0.0016 0.9997
vn 0.0893 0.0023 0.9960
vn -0.5188 0.0102 -0.8548
vn 0.7473 0.0128 -0.6644
vn 0.9698 0.0228 0.2429
vn -0.1305 0.0014 0.9915
vn 0.9994 0.0253 0.0220
vn 0.7253 0.0037 -0.6884
vn 0.6639 0.0098 -0.7478
vn 0.9973 0.0243 0.0691
vn -0.9997 0.0140 -0.0212
vn -0.6732 -0.0000 0.7395
vn -0.0197 -0.0000 0.9998
vn 0.9993 0.0293 0.0221
vn 0.9991 0.0296 -0.0295
vn 0.8546 0.0125 0.5192
vn -0.9908 0.0140 -0.1349
vn -0.5936 0.0074 0.8047
vn -0.5864 0.0081 0.8100
vn -0.5804 0.0084 0.8143
vn 0.8353 0.0211 -0.5495
vn 0.7453 0.0167 -0.6665
vn 0.9665 0.0270 -0.2554
vn 0.0243 -0.0020 -0.9997
vn -0.9997 0.0155 -0.0168
vn -0.9998 0.0157 -0.0115
vn 0.3889 0.0042 -0.9213
vn 0.1104 -0.0012 -0.9939
vn 0.9994 0.0283 0.0221
vn -0.3127 -0.0000 -0.9498
vn -0.3091 -0.0000 -0.9510
vn -0.5177 -0.0000 -0.8556
vn -0.5104 -0.0000 -0.8599
vn -0.8576 -0.0000 -0.5142
vn -0.9908 -0.0000 -0.1357
vn 0.8320 -0.0000 -0.5547
vn 0.7424 -0.0000 -0.6699
vn 0.9995 -0.0000 -0.0302
vn 0.9658 -0.0000 -0.2593
vn 0.0257 -0.0000 -0.9997
vn -0.0178 0.0045 -0.9998
vn -0.9998 -0.0000 -0.0179
vn -0.9999 -0.0000 -0.0125
vn -0.8893 -0.0000 0.4573
vn -0.6701 -0.0000 0.7423
vn -0.9944 -0.0000 0.1058
vn -0.5872 -0.0000 0.8094
vn -0.5811 -0.0000 0.8138
vn 0.7424 -0.0000 -0.6700
vn 0.3844 -0.0000 -0.9232
vn 0.1099 -0.0000 -0.9939
vn 0.9998 -0.0000 0.0223
vn -0.5978 -0.0000 0.8016
vn -0.5946 -0.0000 0.8040
vn 0.6605 -0.0000 -0.7508
vn -0.9998 -0.0000 -0.0207
vn -0.1517 -0.0000 -0.9884
vn -0.2966 -0.0000 -0.9550
vn 0.6992 -0.0000 0.7150
vn -0.5827 -0.0000 -0.8127
vn 0.7431 -0.0000 -0.6692
vn 0.4746 -0.0000 0.8802
vn 0.7877 -0.0000 0.6161
vn -0.9998 -0.0000 -0.0219
vn 0.8556 -0.0000 0.5176
vn 0.8530 -0.0000 0.5219
vn -0.5917 -0.0000 0.8062
vn -0.5004 -0.0000 0.8658
vn -0.2778 -0.0000 0.9606
vn 0.8521 -0.0000 0.5233
vn 0.7002 0.0183 0.7137
vn 0.6993 -0.0000 0.7149
vn 0.8939 -0.0000 0.4482
vn -0.4192 -0.0000 -0.9079
vn -0.0255 -0.0000 0.9997
vn 0.0870 -0.0000 0.9962
vn 0.7452 -0.0000 -0.6668
vn 0.9694 -0.0000 0.2457
vn -0.1312 -0.0000 0.9914
vn 0.6992 -0.0000 0.7149
vn 0.9976 -0.0000 0.0699
vn -0.9998 -0.0000 -0.0223
vn -0.0201 -0.0000 0.9998
vn -0.0216 -0.0000 -0.9998
vn 0.7458 0.0125 -0.6661
vn 0.6595 0.0093 -0.7517
vn 0.9971 0.0272 0.0709
vn 0.9993 0.0282 0.0237
vn -0.9997 0.0082 -0.0228
vn -0.9997 0.0089 -0.0223
vn 0.9688 0.0265 0.2463
vn -0.6700 0.0005 0.7424
vn -0.5934 0.0006 0.8049
vn -0.0215 0.0032 0.9998
vn -0.0260 0.0023 0.9997
vn 0.9991 0.0345 0.0239
vn 0.9990 0.0354 -0.0288
vn 0.8512 0.0121 0.5247
vn 0.8513 0.0156 0.5245
vn -0.9908 0.0086 -0.1354
vn 0.8520 0.0088 0.5235
vn -0.5978 0.0109 0.8015
vn -0.5883 0.0071 0.8086
vn -0.5814 0.0083 0.8136
vn -0.4993 0.0077 0.8664
vn -0.3115 0.0067 -0.9502
vn -0.3082 0.0076 -0.9513
vn -0.5179 0.0106 -0.8554
vn -0.5108 0.0107 -0.8596
vn -0.8581 0.0106 -0.5134
vn 0.8313 0.0220 -0.5554
vn 0.7432 0.0165 -0.6688
vn 0.9652 0.0319 -0.2597
vn 0.0269 0.0001 -0.9996
vn -0.0176 0.0021 -0.9998
vn -0.9998 0.0098 -0.0179
vn -0.9999 0.0099 -0.0119
vn -0.8882 0.0047 0.4594
vn -0.9942 0.0088 0.1075
vn 0.7431 0.0153 -0.6690
vn 0.3809 0.0007 -0.9246
vn 0.1083 -0.0036 -0.9941
vn 0.9992 0.0329 0.0239
vn -0.6001 0.0030 0.7999
vn 0.9992 0.0313 0.0238
vn -0.9997 0.0094 -0.0210
vn -0.1494 0.0020 -0.9888
vn -0.2942 0.0052 -0.9557
vn 0.7071 0.0306 0.7064
vn -0.5829 0.0109 -0.8125
vn 0.7431 0.0143 -0.6691
vn 0.7437 0.0133 -0.6684
vn 0.4735 0.0034 0.8808
vn 0.7864 0.0041 0.6177
vn 0.8546 0.0060 0.5192
vn -0.2763 0.0043 0.9611
vn 0.8514 0.0193 0.5241
vn 0.7008 0.0219 0.7131
vn 0.8933 0.0234 0.4489
vn -0.4186 0.0094 -0.9081
vn 0.0871 0.0032 0.9962
vn -0.1320 0.0020 0.9912
vn 0.7009 0.0634 0.7104
vn 0.6848 0.0419 0.7275
vn 0.9977 0.0625 0.0254
vn -0.5908 0.0218 -0.8065
vn -0.8654 0.0210 -0.5006
vn 0.7436 0.0288 -0.6680
vn 0.7441 0.0268 -0.6675
vn -0.2916 0.0104 -0.9565
vn -0.3089 0.0137 -0.9510
vn 0.5008 0.0065 0.8655
vn 0.7875 0.0080 0.6163
vn -0.9996 0.0178 -0.0228
vn -0.9996 0.0189 -0.0213
vn -0.0129 -0.0027 -0.9999
vn -0.1445 0.0036 -0.9895
vn 0.8536 0.0122 0.5208
vn 0.8508 0.0180 0.5251
vn -0.5944 0.0010 0.8042
vn -0.6023 0.0055 0.7983
vn -0.9936 0.0174 0.1120
vn -0.8865 0.0091 0.4626
vn 0.7437 0.0309 -0.6678
vn -0.4996 0.0154 0.8661
vn -0.2762 0.0082 0.9611
vn 0.8503 0.0315 0.5254
vn 0.8504 0.0389 0.5247
vn 0.6956 0.0197 0.7181
vn -0.5087 0.0214 -0.8607
vn 0.8933 0.0465 0.4471
vn -0.3095 0.0157 -0.9508
vn -0.4253 0.0191 -0.9049
vn -0.0267 0.0051 0.9996
vn 0.1018 0.0064 0.9948
vn -0.5198 0.0212 -0.8540
vn 0.7461 0.0253 -0.6653
vn 0.9675 0.0518 0.2475
vn -0.1327 0.0038 0.9912
vn 0.9981 0.0563 0.0252
vn 0.7084 0.0411 0.7047
vn 0.6715 0.0194 -0.7408
vn 0.9958 0.0539 0.0738
vn -0.9996 0.0165 -0.0233
vn -0.6725 0.0010 0.7401
vn -0.0218 0.0033 0.9998
vn 0.9973 0.0689 0.0255
vn 0.9972 0.0703 -0.0244
vn 0.8501 0.0245 0.5260
vn -0.9908 0.0171 -0.1341
vn -0.5990 0.0105 0.8006
vn -0.5897 0.0143 0.8075
vn -0.5817 0.0169 0.8132
vn 0.8409 0.0454 -0.5393
vn 0.7439 0.0332 -0.6675
vn 0.9679 0.0633 -0.2432
vn 0.0262 -0.0068 -0.9996
vn -0.9996 0.0198 -0.0178
vn -0.9997 0.0200 -0.0112
vn 0.4225 0.0053 -0.9063
vn 0.1237 -0.0067 -0.9923
vn 0.9975 0.0657 0.0255
s 1
usemtl Material.001
f 1//1 2//2 3//3 4//4
f 1//1 4//4 5//5 6//6
f 1//1 6//6 7//7 8//8
f 1//1 8//8 9//9 2//2
f 10//10 11//11 12//12 13//13
f 10//10 13//13 14//14 15//15
f 10//10 15//15 16//16 17//17
f 10//10 17//17 18//18 11//11
f 19//19 20//20 21//21 22//22
f 19//19 22//22 23//23 24//24
f 19//19 24//24 25//25 26//26
f 19//19 26//26 27//27 20//20
f 28//28 29//29 27//27 26//26
f 28//28 26//26 25//25 30//30
f 28//28 30//30 31//31 32//32
f 28//28 32//32 33//33 29//29
f 34//34 6//6 5//5 35//35
f 34//34 35//35 36//36 37//37
f 34//34 37//37 38//38 39//39
f 34//34 39//39 7//7 6//6
f 40//40 41//41 42//42 43//43
f 40//40 43//43 44//44 45//45
f 40//40 45//45 46//46 47//47
f 40//40 47//47 48//48 41//41
f 49//49 50//50 48//48 47//47
f 49//49 47//47 46//46 51//51
f 49//49 51//51 52//52 53//53
f 49//49 53//53 54//54 50//50
f 55//55 56//56 54//54 53//53
f 55//55 53//53 52//52 57//57
f 55//55 57//57 58//58 59//59
f 55//55 59//59 60//60 56//56
f 61//61 62//62 63//63 64//64
f 61//61 64//64 65//65 66//66
f 61//61 66//66 67//67 68//68
f 61//61 68//68 69//69 62//62
f 70//70 71//71 72//72 73//73
f 70//70 73//73 74//74 75//75
f 70//70 75//75 76//76 77//77
f 70//70 77//77 78//78 71//71
f 79//79 80//80 81//81 82//82
f 79//79 82//82 83//83 84//84
f 79//79 84//84 85//85 86//86
f 79//79 86//86 87//87 80//80
f 88//88 89//89 90//90 91//91
f 88//88 91//91 92//92 93//93
f 88//88 93//93 94//94 95//95
f 88//88 95//95 96//96 89//89
f 97//97 98//98 99//99 100//100
f 97//97 100//100 101//101 102//102
f 97//97 102//102 103//103 104//104
f 97//97 104//104 105//105 98//98
f 106//106 107//107 108//108 109//109
f 106//106 109//109 110//110 111//111
f 106//106 111//111 112//112 113//113
f 106//106 113//113 114//114 107//107
f 115//115 116//116 25//25 24//24
f 115//115 24//24 23//23 117//117
f 115//115 117//117 92//92 91//91
f 115//115 91//91 90//90 116//116
f 118//118 119//119 120//120 121//121
f 118//118 121//121 122//122 123//123
f 118//118 123//123 83//83 82//82
f 118//118 82//82 81//81 119//119
f 124//124 125//125 31//31 30//30
f 124//124 30//30 25//25 116//116
f 124//124 116//116 90//90 126//126
f 124//124 126//126 127//127 125//125
f 128//128 123//123 122//122 129//129
f 128//128 129//129 130//130 131//131
f 128//128 131//131 132//132 133//133
f 128//128 133//133 83//83 123//123
f 134//134 135//135 136//136 137//137
f 134//134 137//137 96//96 138//138
f 134//134 138//138 139//139 140//140
f 134//134 140//140 141//141 135//135
f 142//142 143//143 87//87 86//86
f 142//142 86//86 85//85 144//144
f 142//142 144//144 145//145 146//146
f 142//142 146//146 147//147 143//143
f 148//148 138//138 96//96 95//95
f 148//148 95//95 94//94 149//149
f 148//148 149//149 150//150 151//151
f 148//148 151//151 139//139 138//138
f 152//152 153//153 127//127 126//126
f 152//152 126//126 90//90 89//89
f 152//152 89//89 96//96 137//137
f 152//152 137//137 136//136 153//153
f 154//154 155//155 156//156 157//157
f 154//154 157//157 3//3 2//2
f 154//154 2//2 9//9 158//158
f 154//154 158//158 159//159 155//155
f 160//160 84//84 83//83 133//133
f 160//160 133//133 132//132 161//161
f 160//160 161//161 162//162 163//163
f 160//160 163//163 85//85 84//84
f 164//164 165//165 166//166 167//167
f 164//164 167//167 168//168 169//169
f 164//164 169//169 170//170 171//171
f 164//164 171//171 172//172 165//165
f 173//173 174//174 145//145 175//175
f 173//173 175//175 176//176 177//177
f 173//173 177//177 178//178 179//179
f 173//173 179//179 180//180 174//174
f 181//181 182//182 78//78 77//77
f 181//181 77//77 76//76 183//183
f 181//181 183//183 184//184 185//185
f 181//181 185//185 186//186 182//182
f 187//187 188//188 141//141 140//140
f 187//187 140//140 139//139 189//189
f 187//187 189//189 190//190 191//191
f 187//187 191//191 192//192 188//188
f 193//193 194//194 147//147 146//146
f 193//193 146//146 145//145 174//174
f 193//193 174//174 180//180 195//195
f 193//193 195//195 196//196 194//194
f 197//197 198//198 199//199 200//200
f 197//197 200//200 99//99 98//98
f 197//197 98//98 105//105 201//201
f 197//197 201//201 202//202 198//198
f 203//203 144//144 85//85 163//163
f 203//203 163//163 162//162 204//204
f 203//203 204//204 176//176 175//175
f 203//203 175//175 145//145 144//144
f 205//205 206//206 207//207 208//208
f 205//205 208//208 209//209 210//210
f 205//205 210//210 211//211 212//212
f 205//205 212//212 213//213 206//206
f 214//214 215//215 216//216 217//217
f 214//214 217//217 199//199 198//198
f 214//214 198//198 202//202 218//218
f 214//214 218//218 219//219 215//215
f 220//220 221//221 180//180 179//179
f 220//220 179//179 178//178 222//222
f 220//220 222//222 223//223 224//224
f 220//220 224//224 225//225 221//221
f 226//226 227//227 114//114 113//113
f 226//226 113//113 112//112 228//228
f 226//226 228//228 229//229 230//230
f 226//226 230//230 231//231 227//227
f 232//232 233//233 192//192 191//191
f 232//232 191//191 190//190 234//234
f 232//232 234//234 235//235 236//236
f 232//232 236//236 237//237 233//233
f 238//238 239//239 196//196 195//195
f 238//238 195//195 180//180 221//221
f 238//238 221//221 225//225 240//240
f 238//238 240//240 241//241 239//239
f 242//242 243//243 211//211 244//244
f 242//242 244//244 245//245 246//246
f 242//242 246//246 247//247 248//248
f 242//242 248//248 249//249 243//243
f 250//250 228//228 112//112 251//251
f 250//250 251//251 78//78 182//182
f 250//250 182//182 186//186 252//252
f 250//250 252//252 229//229 228//228
f 253//253 189//189 139//139 151//151
f 253//253 151//151 150//150 254//254
f 253//253 254//254 255//255 256//256
f 253//253 256//256 190//190 189//189
f 257//257 258//258 225//225 224//224
f 257//257 224//224 223//223 259//259
f 257//257 259//259 260//260 261//261
f 257//257 261//261 262//262 258//258
f 263//263 264//264 9//9 8//8
f 263//263 8//8 7//7 265//265
f 263//263 265//265 72//72 266//266
f 263//263 266//266 110//110 264//264
f 267//267 268//268 237//237 236//236
f 267//267 236//236 235//235 269//269
f 267//267 269//269 270//270 271//271
f 267//267 271//271 272//272 268//268
f 273//273 274//274 275//275 276//276
f 273//273 276//276 213//213 277//277
f 273//273 277//277 168//168 167//167
f 273//273 167//167 166//166 274//274
f 278//278 265//265 7//7 39//39
f 278//278 39//39 38//38 279//279
f 278//278 279//279 74//74 73//73
f 278//278 73//73 72//72 265//265
f 280//280 234//234 190//190 256//256
f 280//280 256//256 255//255 281//281
f 280//280 281//281 282//282 283//283
f 280//280 283//283 235//235 234//234
f 284//284 285//285 18//18 17//17
f 284//284 17//17 16//16 286//286
f 284//284 286//286 287//287 288//288
f 284//284 288//288 289//289 285//285
f 290//290 291//291 262//262 261//261
f 290//290 261//261 260//260 292//292
f 290//290 292//292 293//293 294//294
f 290//290 294//294 295//295 291//291
f 296//296 297//297 105//105 104//104
f 296//296 104//104 103//103 298//298
f 296//296 298//298 36//36 35//35
f 296//296 35//35 5//5 297//297
f 299//299 300//300 170//170 301//301
f 299//299 301//301 302//302 303//303
f 299//299 303//303 12//12 304//304
f 299//299 304//304 305//305 300//300
f 306//306 307//307 159//159 158//158
f 306//306 158//158 9//9 264//264
f 306//306 264//264 110//110 109//109
f 306//306 109//109 108//108 307//307
f 308//308 269//269 235//235 283//283
f 308//308 283//283 282//282 309//309
f 308//308 309//309 310//310 311//311
f 308//308 311//311 270//270 269//269
f 312//312 313//313 241//241 240//240
f 312//312 240//240 225//225 258//258
f 312//312 258//258 262//262 314//314
f 312//312 314//314 315//315 313//313
f 316//316 317//317 318//318 319//319
f 316//316 319//319 320//320 321//321
f 316//316 321//321 322//322 323//323
f 316//316 323//323 324//324 317//317
f 325//325 117//117 23//23 326//326
f 325//325 326//326 327//327 328//328
f 325//325 328//328 329//329 330//330
f 325//325 330//330 92//92 117//117
f 331//331 332//332 202//202 201//201
f 331//331 201//201 105//105 297//297
f 331//331 297//297 5//5 4//4
f 331//331 4//4 3//3 332//332
f 333//333 334//334 270//270 311//311
f 333//333 311//311 310//310 335//335
f 333//333 335//335 336//336 337//337
f 333//333 337//337 338//338 334//334
f 339//339 340//340 315//315 314//314
f 339//339 314//314 262//262 291//291
f 339//339 291//291 295//295 341//341
f 339//339 341//341 342//342 340//340
f 343//343 344//344 272//272 271//271
f 343//343 271//271 270//270 334//334
f 343//343 334//334 338//338 345//345
f 343//343 345//345 346//346 344//344
f 347//347 348//348 349//349 350//350
f 347//347 350//350 351//351 352//352
f 347//347 352//352 353//353 354//354
f 347//347 354//354 355//355 348//348
f 356//356 357//357 358//358 359//359
f 356//356 359//359 360//360 361//361
f 356//356 361//361 362//362 363//363
f 356//356 363//363 364//364 357//357
f 365//365 366//366 338//338 337//337
f 365//365 337//337 336//336 367//367
f 365//365 367//367 368//368 369//369
f 365//365 369//369 370//370 366//366
f 371//371 372//372 342//342 341//341
f 371//371 341//341 295//295 373//373
f 371//371 373//373 374//374 375//375
f 371//371 375//375 231//231 372//372
f 376//376 377//377 346//346 345//345
f 376//376 345//345 338//338 366//366
f 376//376 366//366 370//370 378//378
f 376//376 378//378 379//379 377//377
f 380//380 381//381 219//219 218//218
f 380//380 218//218 202//202 332//332
f 380//380 332//332 3//3 157//157
f 380//380 157//157 156//156 381//381
f 382//382 373//373 295//295 294//294
f 382//382 294//294 293//293 383//383
f 382//382 383//383 384//384 385//385
f 382//382 385//385 374//374 373//373
f 386//386 387//387 388//388 389//389
f 386//386 389//389 390//390 391//391
f 386//386 391//391 392//392 393//393
f 386//386 393//393 394//394 387//387
f 395//395 396//396 397//397 398//398
f 395//395 398//398 399//399 400//400
f 395//395 400//400 401//401 402//402
f 395//395 402//402 403//403 396//396
f 404//404 405//405 370//370 369//369
f 404//404 369//369 368//368 406//406
f 404//404 406//406 390//390 389//389
f 404//404 389//389 388//388 405//405
f 407//407 227//227 231//231 375//375
f 407//407 375//375 374//374 408//408
f 407//407 408//408 409//409 410//410
f 407//407 410//410 114//114 227//227
f 411//411 412//412 379//379 378//378
f 411//411 378//378 370//370 405//405
f 411//411 405//405 388//388 413//413
f 411//411 413//413 414//414 412//412
f 415//415 416//416 355//355 354//354
f 415//415 354//354 353//353 417//417
f 415//415 417//417 320//320 319//319
f 415//415 319//319 318//318 416//416
f 418//418 408//408 374//374 385//385
f 418//418 385//385 384//384 419//419
f 418//418 419//419 420//420 421//421
f 418//418 421//421 409//409 408//408
f 422//422 307//307 108//108 423//423
f 422//422 423//423 424//424 425//425
f 422//422 425//425 426//426 427//427
f 422//422 427//427 159//159 307//307
f 428//428 429//429 394//394 393//393
f 428//428 393//393 392//392 430//430
f 428//428 430//430 431//431 432//432
f 428//428 432//432 433//433 429//429
f 434//434 435//435 436//436 437//437
f 434//434 437//437 438//438 439//439
f 434//434 439//439 440//440 441//441
f 434//434 441//441 442//442 435//435
f 443//443 107//107 114//114 410//410
f 443//443 410//410 409//409 444//444
f 443//443 444//444 424//424 423//423
f 443//443 423//423 108//108 107//107
f 445//445 446//446 414//414 413//413
f 445//445 413//413 388//388 387//387
f 445//445 387//387 394//394 447//447
f 445//445 447//447 448//448 446//446
f 449//449 450//450 403//403 402//402
f 449//449 402//402 401//401 451//451
f 449//449 451//451 351//351 350//350
f 449//449 350//350 349//349 450//450
f 452//452 444//444 409//409 421//421
f 452//452 421//421 420//420 453//453
f 452//452 453//453 454//454 455//455
f 452//452 455//455 424//424 444//444
f 456//456 457//457 458//458 459//459
f 456//456 459//459 460//460 461//461
f 456//456 461//461 462//462 463//463
f 456//456 463//463 464//464 457//457
f 465//465 466//466 467//467 468//468
f 465//465 468//468 469//469 470//470
f 465//465 470//470 438//438 437//437
f 465//465 437//437 436//436 466//466
f 471//471 472//472 473//473 474//474
f 471//471 474//474 433//433 475//475
f 471//471 475//475 476//476 477//477
f 471//471 477//477 478//478 472//472
f 479//479 155//155 159//159 427//427
f 479//479 427//427 426//426 480//480
f 479//479 480//480 481//481 482//482
f 479//479 482//482 156//156 155//155
f 483//483 475//475 433//433 432//432
f 483//483 432//432 431//431 484//484
f 483//483 484//484 485//485 486//486
f 483//483 486//486 476//476 475//475
f 487//487 488//488 448//448 447//447
f 487//487 447//447 394//394 429//429
f 487//487 429//429 433//433 474//474
f 487//487 474//474 473//473 488//488
f 489//489 490//490 442//442 441//441
f 489//489 441//441 440//440 491//491
f 489//489 491//491 399//399 398//398
f 489//489 398//398 397//397 490//490
f 492//492 425//425 424//424 455//455
f 492//492 455//455 454//454 493//493
f 492//492 493//493 494//494 495//495
f 492//492 495//495 426//426 425//425
f 496//496 497//497 498//498 499//499
f 496//496 499//499 500//500 501//501
f 496//496 501//501 502//502 503//503
f 496//496 503//503 504//504 497//497
f 505//505 506//506 481//481 507//507
f 505//505 507//507 508//508 509//509
f 505//505 509//509 510//510 511//511
f 505//505 511//511 512//512 506//506
f 513//513 514//514 515//515 516//516
f 513//513 516//516 517//517 518//518
f 513//513 518//518 519//519 520//520
f 513//513 520//520 521//521 514//514
f 522//522 523//523 478//478 477//477
f 522//522 477//477 476//476 524//524
f 522//522 524//524 525//525 526//526
f 522//522 526//526 527//527 523//523
f 528//528 381//381 156//156 482//482
f 528//528 482//482 481//481 506//506
f 528//528 506//506 512//512 529//529
f 528//528 529//529 219//219 381//381
f 530//530 480//480 426//426 495//495
f 530//530 495//495 494//494 531//531
f 530//530 531//531 508//508 507//507
f 530//530 507//507 481//481 480//480
f 532//532 533//533 534//534 535//535
f 532//532 535//535 536//536 537//537
f 532//532 537//537 538//538 539//539
f 532//532 539//539 540//540 533//533
f 541//541 542//542 521//521 520//520
f 541//541 520//520 519//519 543//543
f 541//541 543//543 469//469 468//468
f 541//541 468//468 467//467 542//542
f 544//544 545//545 512//512 511//511
f 544//544 511//511 510//510 546//546
f 544//544 546//546 547//547 548//548
f 544//544 548//548 549//549 545//545
f 550//550 551//551 552//552 553//553
f 550//550 553//553 554//554 555//555
f 550//550 555//555 556//556 557//557
f 550//550 557//557 558//558 551//551
f 559//559 560//560 527//527 526//526
f 559//559 526//526 525//525 561//561
f 559//559 561//561 562//562 563//563
f 559//559 563//563 564//564 560//560
f 565//565 566//566 567//567 568//568
f 565//565 568//568 569//569 570//570
f 565//565 570//570 571//571 572//572
f 565//565 572//572 573//573 566//566
f 574//574 575//575 558//558 557//557
f 574//574 557//557 556//556 576//576
f 574//574 576//576 517//517 516//516
f 574//574 516//516 515//515 575//575
f 577//577 524//524 476//476 486//486
f 577//577 486//486 485//485 578//578
f 577//577 578//578 63//63 579//579
f 577//577 579//579 525//525 524//524
f 580//580 581//581 582//582 583//583
f 580//580 583//583 584//584 585//585
f 580//580 585//585 586//586 587//587
f 580//580 587//587 588//588 581//581
f 589//589 590//590 184//184 591//591
f 589//589 591//591 592//592 593//593
f 589//589 593//593 554//554 553//553
f 589//589 553//553 552//552 590//590
f 594//594 561//561 525//525 579//579
f 594//594 579//579 63//63 62//62
f 594//594 62//62 69//69 595//595
f 594//594 595//595 562//562 561//561
f 596//596 215//215 219//219 529//529
f 596//596 529//529 512//512 545//545
f 596//596 545//545 549//549 597//597
f 596//596 597//597 216//216 215//215
f 598//598 599//599 600//600 601//601
f 598//598 601//601 602//602 603//603
f 598//598 603//603 604//604 605//605
f 598//598 605//605 606//606 599//599
f 607//603 603//603 602//602 608//607
f 607//603 608//607 609//607 610//608
f 607//603 610//608 611//604 612//604
f 607//603 612//604 604//604 603//603
f 613//603 610//608 609//607 614//609
f 613//603 614//609 615//610 616//608
f 613//603 616//608 617//604 618//604
f 613//603 618//604 611//604 610//608
f 619//611 616//608 615//610 620//612
f 619//611 620//612 621//613 622//614
f 619//611 622//614 623//615 624//616
f 619//611 624//616 617//604 616//608
f 625//617 626//618 627//619 628//620
f 625//617 628//620 629//621 630//622
f 625//617 630//622 602//602 601//601
f 625//617 601//601 600//600 626//618
f 631//623 630//622 629//621 632//624
f 631//623 632//624 633//625 634//626
f 631//623 634//626 609//607 608//607
f 631//623 608//607 602//602 630//622
f 635//626 634//626 633//625 636//627
f 635//626 636//627 637//628 638//629
f 635//626 638//629 615//610 614//609
f 635//626 614//609 609//607 634//626
f 639//630 638//629 637//628 640//631
f 639//630 640//631 641//632 642//633
f 639//630 642//633 621//613 620//612
f 639//630 620//612 615//610 638//629
f 643//634 644//635 645//636 646//637
f 643//634 646//637 647//638 648//639
f 643//634 648//639 629//621 628//620
f 643//634 628//620 627//619 644//635
f 649//640 648//639 647//638 650//641
f 649//640 650//641 651//642 652//643
f 649//640 652//643 633//625 632//624
f 649//640 632//624 629//621 648//639
f 653//644 652//643 651//642 654//645
f 653//644 654//645 655//646 656//647
f 653//644 656//647 637//628 636//627
f 653//644 636//627 633//625 652//643
f 657//648 656//647 655//646 658//649
f 657//648 658//649 659//650 660//651
f 657//648 660//651 641//632 640//631
f 657//648 640//631 637//628 656//647
f 661//652 662//653 663//654 664//655
f 661//652 664//655 665//656 666//657
f 661//652 666//657 647//638 646//637
f 661//652 646//637 645//636 662//653
f 667//658 666//657 665//656 668//659
f 667//658 668//659 669//660 670//661
f 667//658 670//661 651//642 650//641
f 667//658 650//641 647//638 666//657
f 671//662 670//661 669//660 672//663
f 671//662 672//663 673//664 674//665
f 671//662 674//665 655//646 654//645
f 671//662 654//645 651//642 670//661
f 675//666 674//665 673//664 676//667
f 675//666 676//667 677//668 678//669
f 675//666 678//669 659//650 658//649
f 675//666 658//649 655//646 674//665
f 679//670 680//671 681//672 682//673
f 679//670 682//673 683//674 684//675
f 679//670 684//675 665//656 664//655
f 679//670 664//655 663//654 680//671
f 685//676 684//675 683//674 686//677
f 685//676 686//677 687//678 688//679
f 685//676 688//679 669//660 668//659
f 685//676 668//659 665//656 684//675
f 689//680 688//679 687//678 690//678
f 689//680 690//678 691//681 692//682
f 689//680 692//682 673//664 672//663
f 689//680 672//663 669//660 688//679
f 693//683 692//682 691//681 694//684
f 693//683 694//684 695//685 696//686
f 693//683 696//686 677//668 676//667
f 693//683 676//667 673//664 692//682
f 697//687 698//688 699//689 700//690
f 697//687 700//690 701//691 702//692
f 697//687 702//692 703//693 704//694
f 697//687 704//694 705//695 698//688
f 706//696 702//692 701//691 707//697
f 706//696 707//697 708//698 709//699
f 706//696 709//699 710//700 711//700
f 706//696 711//700 703//693 702//692
f 712//701 709//699 708//698 713//697
f 712//701 713//697 714//702 715//703
f 712//701 715//703 716//704 717//705
f 712//701 717//705 710//700 709//699
f 718//706 715//703 714//702 719//707
f 718//706 719//707 720//708 721//709
f 718//706 721//709 722//710 723//711
f 718//706 723//711 716//704 715//703
f 724//712 725//713 705//695 704//694
f 724//712 704//694 703//693 726//714
f 724//712 726//714 683//674 682//673
f 724//712 682//673 681//672 725//713
f 727//715 726//714 703//693 711//700
f 727//715 711//700 710//700 728//715
f 727//715 728//715 687//678 686//677
f 727//715 686//677 683//674 726//714
f 729//715 728//715 710//700 717//705
f 729//715 717//705 716//704 730//714
f 729//715 730//714 691//681 690//678
f 729//715 690//678 687//678 728//715
f 731//716 730//714 716//704 723//711
f 731//716 723//711 722//710 732//717
f 731//716 732//717 695//685 694//684
f 731//716 694//684 691//681 730//714
f 733//718 734//719 735//720 736//721
f 733//718 736//721 737//722 738//723
f 733//718 738//723 701//691 700//690
f 733//718 700//690 699//689 734//719
f 739//724 738//723 737//722 740//725
f 739//724 740//725 741//725 742//726
f 739//724 742//726 708//698 707//697
f 739//724 707//697 701//691 738//723
f 743//727 742//726 741//725 744//728
f 743//727 744//728 745//729 746//730
f 743//727 746//730 714//702 713//697
f 743//727 713//697 708//698 742//726
f 747//731 746//730 745//729 748//732
f 747//731 748//732 749//733 750//734
f 747//731 750//734 720//708 719//707
f 747//731 719//707 714//702 746//730
f 751//735 752//736 753//737 754//738
f 751//735 754//738 755//739 756//740
f 751//735 756//740 737//722 736//721
f 751//735 736//721 735//720 752//736
f 757//741 756//740 755//739 758//742
f 757//741 758//742 759//743 760//744
f 757//741 760//744 741//725 740//725
f 757//741 740//725 737//722 756//740
f 761//745 760//744 759//743 762//746
f 761//745 762//746 763//747 764//748
f 761//745 764//748 745//729 744//728
f 761//745 744//728 741//725 760//744
f 765//749 764//748 763//747 766//750
f 765//749 766//750 767//751 768//752
f 765//749 768//752 749//733 748//732
f 765//749 748//732 745//729 764//748
f 769//753 770//754 771//755 772//756
f 769//753 772//756 773//757 774//758
f 769//753 774//758 755//739 754//738
f 769//753 754//738 753//737 770//754
f 775//759 774//758 773//757 776//760
f 775//759 776//760 777//761 778//762
f 775//759 778//762 759//743 758//742
f 775//759 758//742 755//739 774//758
f 779//763 778//762 777//761 780//764
f 779//763 780//764 781//765 782//766
f 779//763 782//766 763//747 762//746
f 779//763 762//746 759//743 778//762
f 783//767 782//766 781//765 784//768
f 783//767 784//768 785//769 786//770
f 783//767 786//770 767//751 766//750
f 783//767 766//750 763//747 782//766
f 787//771 788//772 789//773 790//774
f 787//771 790//774 791//775 792//776
f 787//771 792//776 773//757 772//756
f 787//771 772//756 771//755 788//772
f 793//777 792//776 791//775 794//778
f 793//777 794//778 795//779 796//780
f 793//777 796//780 777//761 776//760
f 793//777 776//760 773//757 792//776
f 797//781 796//780 795//779 798//782
f 797//781 798//782 799//783 800//784
f 797//781 800//784 781//765 780//764
f 797//781 780//764 777//761 796//780
f 801//785 800//784 799//783 802//786
f 801//785 802//786 803//787 804//788
f 801//785 804//788 785//769 784//768
f 801//785 784//768 781//765 800//784
f 805//789 806//790 807//791 808//792
f 805//789 808//792 809//793 810//794
f 805//789 810//794 791//775 790//774
f 805//789 790//774 789//773 806//790
f 811//795 810//794 809//793 812//796
f 811//795 812//796 813//797 814//798
f 811//795 814//798 795//779 794//778
f 811//795 794//778 791//775 810//794
f 815//799 814//798 813//797 816//800
f 815//799 816//800 817//801 818//802
f 815//799 818//802 799//783 798//782
f 815//799 798//782 795//779 814//798
f 819//803 818//802 817//801 820//804
f 819//803 820//804 821//805 822//806
f 819//803 822//806 803//787 802//786
f 819//803 802//786 799//783 818//802
f 823//807 824//808 825//809 826//810
f 823//807 826//810 827//811 828//812
f 823//807 828//812 829//813 830//814
f 823//807 830//814 831//815 824//808
f 832//816 828//812 827//811 833//817
f 832//816 833//817 834//818 835//819
f 832//816 835//819 836//820 837//821
f 832//816 837//821 829//813 828//812
f 838//822 835//819 834//818 839//823
f 838//822 839//823 840//824 841//825
f 838//822 841//825 842//826 843//827
f 838//822 843//827 836//820 835//819
f 844//828 841//825 840//824 845//829
f 844//828 845//829 846//830 847//831
f 844//828 847//831 848//832 849//833
f 844//828 849//833 842//826 841//825
f 850//834 851//835 831//815 830//814
f 850//834 830//814 829//813 852//836
f 850//834 852//836 809//793 808//792
f 850//834 808//792 807//791 851//835
f 853//837 852//836 829//813 837//821
f 853//837 837//821 836//820 854//838
f 853//837 854//838 813//797 812//796
f 853//837 812//796 809//793 852//836
f 855//839 854//838 836//820 843//827
f 855//839 843//827 842//826 856//840
f 855//839 856//840 817//801 816//800
f 855//839 816//800 813//797 854//838
f 857//841 856//840 842//826 849//833
f 857//841 849//833 848//832 858//842
f 857//841 858//842 821//805 820//804
f 857//841 820//804 817//801 856//840
f 859//843 860//844 287//287 861//845
f 859//843 861//845 862//846 863//847
f 859//843 863//847 584//584 583//583
f 859//843 583//583 582//582 860//844
f 864//848 865//849 362//362 866//850
f 864//848 866//850 867//851 868//852
f 864//848 868//852 869//853 870//854
f 864//848 870//854 871//855 865//849
f 872//856 868//852 867//851 873//851
f 872//856 873//851 874//857 875//858
f 872//856 875//858 876//859 877//860
f 872//856 877//860 869//853 868//852
f 878//861 875//858 874//857 879//862
f 878//861 879//862 880//863 881//864
f 878//861 881//864 882//865 883//866
f 878//861 883//866 876//859 875//858
f 884//867 881//864 880//863 885//868
f 884//867 885//868 886//869 887//870
f 884//867 887//870 888//871 889//872
f 884//867 889//872 882//865 881//864
f 890//873 891//874 588//588 587//587
f 890//873 587//587 586//586 892//875
f 890//873 892//875 569//569 568//568
f 890//873 568//568 567//567 891//874
f 893//876 361//361 360//360 894//877
f 893//876 894//877 895//878 896//879
f 893//876 896//879 867//851 866//850
f 893//876 866//850 362//362 361//361
f 897//880 896//879 895//878 898//881
f 897//880 898//881 899//882 900//883
f 897//880 900//883 874//857 873//851
f 897//880 873//851 867//851 896//879
f 901//884 900//883 899//882 902//885
f 901//884 902//885 903//886 904//887
f 901//884 904//887 880//863 879//862
f 901//884 879//862 874//857 900//883
f 905//888 904//887 903//886 906//889
f 905//888 906//889 907//890 908//891
f 905//888 908//891 886//869 885//868
f 905//888 885//868 880//863 904//887
f 909//892 910//893 540//540 539//539
f 909//892 539//539 538//538 911//894
f 909//892 911//894 500//500 499//499
f 909//892 499//499 498//498 910//893
f 912//895 461//461 460//460 913//896
f 912//895 913//896 914//897 915//898
f 912//895 915//898 916//899 917//900
f 912//895 917//900 462//462 461//461
f 918//901 915//898 914//897 919//902
f 918//901 919//902 920//903 921//904
f 918//901 921//904 922//905 923//906
f 918//901 923//906 916//899 915//898
f 924//907 921//904 920//903 925//908
f 924//907 925//908 926//909 927//910
f 924//907 927//910 928//911 929//906
f 924//907 929//906 922//905 921//904
f 930//912 927//910 926//909 931//913
f 930//912 931//913 932//914 933//915
f 930//912 933//915 934//916 935//917
f 930//912 935//917 928//911 927//910
f 936//918 937//919 573//573 572//572
f 936//918 572//572 571//571 938//920
f 936//918 938//920 536//536 535//535
f 936//918 535//535 534//534 937//919
f 939//921 940//922 462//462 917//900
f 939//921 917//900 916//899 941//923
f 939//921 941//923 895//878 894//877
f 939//921 894//877 360//360 940//922
f 942//924 941//923 916//899 923//906
f 942//924 923//906 922//905 943//925
f 942//924 943//925 899//882 898//881
f 942//924 898//881 895//878 941//923
f 944//926 943//925 922//905 929//906
f 944//926 929//906 928//911 945//927
f 944//926 945//927 903//886 902//885
f 944//926 902//885 899//882 943//925
f 946//928 945//927 928//911 935//917
f 946//928 935//917 934//916 947//929
f 946//928 947//929 907//890 906//889
f 946//928 906//889 903//886 945//927
f 948//930 949//931 504//504 503//503
f 948//930 503//503 502//502 950//932
f 948//930 950//932 460//460 459//459
f 948//930 459//459 458//458 949//931
f 951//933 950//932 502//502 952//934
f 951//933 952//934 953//935 954//936
f 951//933 954//936 914//897 913//896
f 951//933 913//896 460//460 950//932
f 955//937 954//936 953//935 956//938
f 955//937 956//938 957//939 958//940
f 955//937 958//940 920//903 919//902
f 955//937 919//902 914//897 954//936
f 959//941 958//940 957//939 960//942
f 959//941 960//942 961//943 962//944
f 959//941 962//944 926//909 925//908
f 959//941 925//908 920//903 958//940
f 963//945 962//944 961//943 964//946
f 963//945 964//946 965//947 966//948
f 963//945 966//948 932//914 931//913
f 963//945 931//913 926//909 962//944
f 967//949 968//950 464//464 463//463
f 967//949 463//463 462//462 940//922
f 967//949 940//922 360//360 359//359
f 967//949 359//359 358//358 968//950
f 969//951 501//501 500//500 970//952
f 969//951 970//952 971//953 972//954
f 969//951 972//954 953//935 952//934
f 969//951 952//934 502//502 501//501
f 973//955 972//954 971//953 974//956
f 973//955 974//956 975//957 976//958
f 973//955 976//958 957//939 956//938
f 973//955 956//938 953//935 972//954
f 977//959 976//958 975//957 978//960
f 977//959 978//960 979//961 980//962
f 977//959 980//962 961//943 960//942
f 977//959 960//942 957//939 976//958
f 981//963 980//962 979//961 982//964
f 981//963 982//964 592//592 983//965
f 981//963 983//965 965//947 964//946
f 981//963 964//946 961//943 980//962
f 984//966 985//967 364//364 363//363
f 984//966 363//363 362//362 865//849
f 984//966 865//849 871//855 986//968
f 984//966 986//968 987//969 985//967
f 988//970 911//894 538//538 989//971
f 988//970 989//971 990//972 991//973
f 988//970 991//973 971//953 970//952
f 988//970 970//952 500//500 911//894
f 992//974 991//973 990//972 993//975
f 992//974 993//975 994//976 995//977
f 992//974 995//977 975//957 974//956
f 992//974 974//956 971//953 991//973
f 996//978 995//977 994//976 997//979
f 996//978 997//979 998//980 999//981
f 996//978 999//981 979//961 978//960
f 996//978 978//960 975//957 995//977
f 1000//982 999//981 998//980 1001//983
f 1000//982 1001//983 554//554 593//593
f 1000//982 593//593 592//592 982//964
f 1000//982 982//964 979//961 999//981
f 1002//984 328//328 327//327 1003//985
f 1002//984 1003//985 18//18 285//285
f 1002//984 285//285 289//289 1004//986
f 1002//984 1004//986 329//329 328//328
f 1005//987 537//537 536//536 1006//988
f 1005//987 1006//988 1007//989 1008//990
f 1005//987 1008//990 990//972 989//971
f 1005//987 989//971 538//538 537//537
f 1009//991 1008//990 1007//989 1010//992
f 1009//991 1010//992 1011//993 1012//994
f 1009//991 1012//994 994//976 993//975
f 1009//991 993//975 990//972 1008//990
f 1013//995 1012//994 1011//993 1014//996
f 1013//995 1014//996 1015//997 1016//998
f 1013//995 1016//998 998//980 997//979
f 1013//995 997//979 994//976 1012//994
f 1017//999 1016//998 1015//997 1018//1000
f 1017//999 1018//1000 556//556 555//555
f 1017//999 555//555 554//554 1001//983
f 1017//999 1001//983 998//980 1016//998
f 1019//1001 1020//1002 172//172 171//171
f 1019//1001 171//171 170//170 300//300
f 1019//1001 300//300 305//305 1021//1003
f 1019//1001 1021//1003 21//21 1020//1002
f 1022//1004 938//920 571//571 1023//1005
f 1022//1004 1023//1005 1024//1006 1025//1007
f 1022//1004 1025//1007 1007//989 1006//988
f 1022//1004 1006//988 536//536 938//920
f 1026//1008 1025//1007 1024//1006 1027//1009
f 1026//1008 1027//1009 1028//1010 1029//1011
f 1026//1008 1029//1011 1011//993 1010//992
f 1026//1008 1010//992 1007//989 1025//1007
f 1030//1012 1029//1011 1028//1010 1031//1013
f 1030//1012 1031//1013 1032//1014 1033//1015
f 1030//1012 1033//1015 1015//997 1014//996
f 1030//1012 1014//996 1011//993 1029//1011
f 1034//1016 1033//1015 1032//1014 1035//1017
f 1034//1016 1035//1017 517//517 576//576
f 1034//1016 576//576 556//556 1018//1000
f 1034//1016 1018//1000 1015//997 1033//1015
f 1036//1018 303//303 302//302 1037//1019
f 1036//1018 1037//1019 1038//1020 1039//1021
f 1036//1018 1039//1021 14//14 13//13
f 1036//1018 13//13 12//12 303//303
f 1040//1022 570//570 569//569 1041//1023
f 1040//1022 1041//1023 1042//1024 1043//1025
f 1040//1022 1043//1025 1024//1006 1023//1005
f 1040//1022 1023//1005 571//571 570//570
f 1044//1026 1043//1025 1042//1024 1045//1027
f 1044//1026 1045//1027 1046//1028 1047//1029
f 1044//1026 1047//1029 1028//1010 1027//1009
f 1044//1026 1027//1009 1024//1006 1043//1025
f 1048//1029 1047//1029 1046//1028 1049//1030
f 1048//1029 1049//1030 1050//1031 1051//1032
f 1048//1029 1051//1032 1032//1014 1031//1013
f 1048//1029 1031//1013 1028//1010 1047//1029
f 1052//1033 1051//1032 1050//1031 1053//1034
f 1052//1033 1053//1034 519//519 518//518
f 1052//1033 518//518 517//517 1035//1017
f 1052//1033 1035//1017 1032//1014 1051//1032
f 1054//1035 1055//1036 1056//1037 1057//1038
f 1054//1035 1057//1038 207//207 206//206
f 1054//1035 206//206 213//213 276//276
f 1054//1035 276//276 275//275 1055//1036
f 1058//1039 585//585 584//584 1059//1040
f 1058//1039 1059//1040 1060//1041 1061//1042
f 1058//1039 1061//1042 1062//1043 1063//1044
f 1058//1039 1063//1044 586//586 585//585
f 1064//1045 1061//1042 1060//1041 1065//1046
f 1064//1045 1065//1046 1066//1047 1067//1048
f 1064//1045 1067//1048 1068//1049 1069//1050
f 1064//1045 1069//1050 1062//1043 1061//1042
f 1070//1051 1067//1048 1066//1047 1071//1052
f 1070//1051 1071//1052 1072//1053 1073//1054
f 1070//1051 1073//1054 1074//1055 1075//1056
f 1070//1051 1075//1056 1068//1049 1067//1048
f 1076//1057 1073//1054 1072//1053 1077//1058
f 1076//1057 1077//1058 438//438 470//470
f 1076//1057 470//470 469//469 1078//1059
f 1076//1057 1078//1059 1074//1055 1073//1054
f 1079//1060 277//277 213//213 212//212
f 1079//1060 212//212 211//211 243//243
f 1079//1060 243//243 249//249 1080//1061
f 1079//1060 1080//1061 168//168 277//277
f 1081//1062 892//875 586//586 1063//1044
f 1081//1062 1063//1044 1062//1043 1082//1063
f 1081//1062 1082//1063 1042//1024 1041//1023
f 1081//1062 1041//1023 569//569 892//875
f 1083//1064 1082//1063 1062//1043 1069//1050
f 1083//1064 1069//1050 1068//1049 1084//1065
f 1083//1064 1084//1065 1046//1028 1045//1027
f 1083//1064 1045//1027 1042//1024 1082//1063
f 1085//1066 1084//1065 1068//1049 1075//1056
f 1085//1066 1075//1056 1074//1055 1086//1067
f 1085//1066 1086//1067 1050//1031 1049//1030
f 1085//1066 1049//1030 1046//1028 1084//1065
f 1087//1068 1086//1067 1074//1055 1078//1059
f 1087//1068 1078//1059 469//469 543//543
f 1087//1068 543//543 519//519 1053//1034
f 1087//1068 1053//1034 1050//1031 1086//1067
f 1088//1069 210//210 209//209 1089//1070
f 1088//1069 1089//1070 1090//1071 1091//1072
f 1088//1069 1091//1072 245//245 244//244
f 1088//1069 244//244 211//211 210//210
f 1092//1073 863//847 862//846 1093//1074
f 1092//1073 1093//1074 1094//1075 1095//1076
f 1092//1073 1095//1076 1060//1041 1059//1040
f 1092//1073 1059//1040 584//584 863//847
f 1096//1077 1095//1076 1094//1075 1097//1078
f 1096//1077 1097//1078 1098//1079 1099//1080
f 1096//1077 1099//1080 1066//1047 1065//1046
f 1096//1077 1065//1046 1060//1041 1095//1076
f 1100//1081 1099//1080 1098//1079 1101//1082
f 1100//1081 1101//1082 1102//1083 1103//1084
f 1100//1081 1103//1084 1072//1053 1071//1052
f 1100//1081 1071//1052 1066//1047 1099//1080
f 1104//1085 1103//1084 1102//1083 1105//1086
f 1104//1085 1105//1086 440//440 439//439
f 1104//1085 439//439 438//438 1077//1058
f 1104//1085 1077//1058 1072//1053 1103//1084
f 1106//1087 1107//1088 305//305 304//304
f 1106//1087 304//304 12//12 11//11
f 1106//1087 11//11 18//18 1003//985
f 1106//1087 1003//985 327//327 1107//1088
f 1108//1089 1109//1090 1110//1091 1111//1092
f 1108//1089 1111//1092 1112//1093 1113//1094
f 1108//1089 1113//1094 1094//1075 1093//1074
f 1108//1089 1093//1074 862//846 1109//1090
f 1114//1095 1113//1094 1112//1093 1115//1096
f 1114//1095 1115//1096 1116//1097 1117//1098
f 1114//1095 1117//1098 1098//1079 1097//1078
f 1114//1095 1097//1078 1094//1075 1113//1094
f 1118//1099 1117//1098 1116//1097 1119//1100
f 1118//1099 1119//1100 1120//1101 1121//1102
f 1118//1099 1121//1102 1102//1083 1101//1082
f 1118//1099 1101//1082 1098//1079 1117//1098
f 1122//1103 1121//1102 1120//1101 1123//1104
f 1122//1103 1123//1104 399//399 491//491
f 1122//1103 491//491 440//440 1105//1086
f 1122//1103 1105//1086 1102//1083 1121//1102
f 1124//1105 169//169 168//168 1080//1061
f 1124//1105 1080//1061 249//249 1125//1106
f 1124//1105 1125//1106 302//302 301//301
f 1124//1105 301//301 170//170 169//169
f 1126//1107 1127//1108 1128//1109 1129//1110
f 1126//1107 1129//1110 1130//1111 1131//1112
f 1126//1107 1131//1112 1132//1113 1133//1114
f 1126//1107 1133//1114 1134//1115 1127//1108
f 1135//1116 1136//1117 1134//1115 1133//1114
f 1135//1116 1133//1114 1132//1113 1137//1118
f 1135//1116 1137//1118 1138//1119 1139//1120
f 1135//1116 1139//1120 1140//1121 1136//1117
f 1141//1122 1142//1123 1140//1121 1139//1120
f 1141//1122 1139//1120 1138//1119 1143//1124
f 1141//1122 1143//1124 1144//1125 1145//1126
f 1141//1122 1145//1126 1146//1127 1142//1123
f 1147//1128 1148//1129 1146//1127 1145//1126
f 1147//1128 1145//1126 1144//1125 1149//1130
f 1147//1128 1149//1130 322//322 321//321
f 1147//1128 321//321 320//320 1148//1129
f 1150//1131 1123//1104 1120//1101 1151//1132
f 1150//1131 1151//1132 1152//1133 1153//1134
f 1150//1131 1153//1134 401//401 400//400
f 1150//1131 400//400 399//399 1123//1104
f 1154//1135 1153//1134 1152//1133 1155//1136
f 1154//1135 1155//1136 1156//1137 1157//1138
f 1154//1135 1157//1138 351//351 451//451
f 1154//1135 451//451 401//401 1153//1134
f 1158//1139 1157//1138 1156//1137 1159//1140
f 1158//1139 1159//1140 1160//1141 1161//1142
f 1158//1139 1161//1142 353//353 352//352
f 1158//1139 352//352 351//351 1157//1138
f 1162//1143 1161//1142 1160//1141 1163//1144
f 1162//1143 1163//1144 1146//1127 1148//1129
f 1162//1143 1148//1129 320//320 417//417
f 1162//1143 417//417 353//353 1161//1142
f 1164//1145 1119//1100 1116//1097 1165//1146
f 1164//1145 1165//1146 1166//1147 1167//1148
f 1164//1145 1167//1148 1152//1133 1151//1132
f 1164//1145 1151//1132 1120//1101 1119//1100
f 1168//1149 1167//1148 1166//1147 1169//1150
f 1168//1149 1169//1150 1170//1151 1171//1152
f 1168//1149 1171//1152 1156//1137 1155//1136
f 1168//1149 1155//1136 1152//1133 1167//1148
f 1172//1153 1171//1152 1170//1151 1173//1154
f 1172//1153 1173//1154 1174//1155 1175//1156
f 1172//1153 1175//1156 1160//1141 1159//1140
f 1172//1153 1159//1140 1156//1137 1171//1152
f 1176//1157 1175//1156 1174//1155 1177//1158
f 1176//1157 1177//1158 1140//1121 1142//1123
f 1176//1157 1142//1123 1146//1127 1163//1144
f 1176//1157 1163//1144 1160//1141 1175//1156
f 1178//1159 1115//1096 1112//1093 1179//1160
f 1178//1159 1179//1160 1180//1161 1181//1162
f 1178//1159 1181//1162 1166//1147 1165//1146
f 1178//1159 1165//1146 1116//1097 1115//1096
f 1182//1163 1181//1162 1180//1161 1183//1164
f 1182//1163 1183//1164 1184//1165 1185//1166
f 1182//1163 1185//1166 1170//1151 1169//1150
f 1182//1163 1169//1150 1166//1147 1181//1162
f 1186//1167 1185//1166 1184//1165 1187//1168
f 1186//1167 1187//1168 1188//1169 1189//1170
f 1186//1167 1189//1170 1174//1155 1173//1154
f 1186//1167 1173//1154 1170//1151 1185//1166
f 1190//1171 1189//1170 1188//1169 1191//1172
f 1190//1171 1191//1172 1134//1115 1136//1117
f 1190//1171 1136//1117 1140//1121 1177//1158
f 1190//1171 1177//1158 1174//1155 1189//1170
f 1192//1173 1111//1092 1110//1091 1193//1174
f 1192//1173 1193//1174 1194//1175 1195//1176
f 1192//1173 1195//1176 1180//1161 1179//1160
f 1192//1173 1179//1160 1112//1093 1111//1092
f 1196//1177 1195//1176 1194//1175 1197//1178
f 1196//1177 1197//1178 1198//1179 1199//1180
f 1196//1177 1199//1180 1184//1165 1183//1164
f 1196//1177 1183//1164 1180//1161 1195//1176
f 1200//1181 1199//1180 1198//1179 1201//1182
f 1200//1181 1201//1182 1202//1183 1203//1184
f 1200//1181 1203//1184 1188//1169 1187//1168
f 1200//1181 1187//1168 1184//1165 1199//1180
f 1204//1185 1203//1184 1202//1183 1205//1186
f 1204//1185 1205//1186 1128//1109 1127//1108
f 1204//1185 1127//1108 1134//1115 1191//1172
f 1204//1185 1191//1172 1188//1169 1203//1184
f 1206//1187 22//22 21//21 1021//1003
f 1206//1187 1021//1003 305//305 1107//1088
f 1206//1187 1107//1088 327//327 326//326
f 1206//1187 326//326 23//23 22//22
f 1207//1188 15//15 14//14 1208//1189
f 1207//1188 1208//1189 1194//1175 1193//1174
f 1207//1188 1193//1174 1110//1091 1209//1190
f 1207//1188 1209//1190 16//16 15//15
f 1210//1191 1211//1192 247//247 1212//1193
f 1210//1191 1212//1193 1202//1183 1201//1182
f 1210//1191 1201//1182 1198//1179 1213//1194
f 1210//1191 1213//1194 1038//1020 1211//1192
f 1214//1195 1091//1072 1090//1071 1215//1196
f 1214//1195 1215//1196 1130//1111 1129//1110
f 1214//1195 1129//1110 1128//1109 1216//1197
f 1214//1195 1216//1197 245//245 1091//1072
f 1217//1198 1218//1199 1219//1200 1220//1201
f 1217//1198 1220//1201 1221//1202 1222//1203
f 1217//1198 1222//1203 1223//1204 1224//1205
f 1217//1198 1224//1205 1225//1206 1218//1199
f 1226//1207 1222//1203 1221//1202 1227//1208
f 1226//1207 1227//1208 1228//1209 1229//1210
f 1226//1207 1229//1210 1230//1211 1231//1212
f 1226//1207 1231//1212 1223//1204 1222//1203
f 1232//1213 1229//1210 1228//1209 1233//1214
f 1232//1213 1233//1214 54//54 56//56
f 1232//1213 56//56 60//60 1234//1215
f 1232//1213 1234//1215 1230//1211 1229//1210
f 1235//1216 129//129 122//122 1236//1217
f 1235//1216 1236//1217 1237//1218 1238//1219
f 1235//1216 1238//1219 1219//1200 1239//1220
f 1235//1216 1239//1220 130//130 129//129
f 1240//1221 1238//1219 1237//1218 1241//1222
f 1240//1221 1241//1222 1242//1223 1243//1224
f 1240//1221 1243//1224 1221//1202 1220//1201
f 1240//1221 1220//1201 1219//1200 1238//1219
f 1244//1225 1243//1224 1242//1223 1245//1226
f 1244//1225 1245//1226 1246//1227 1247//1228
f 1244//1225 1247//1228 1228//1209 1227//1208
f 1244//1225 1227//1208 1221//1202 1243//1224
f 1248//1229 1247//1228 1246//1227 1249//1230
f 1248//1229 1249//1230 48//48 50//50
f 1248//1229 50//50 54//54 1233//1214
f 1248//1229 1233//1214 1228//1209 1247//1228
f 1250//1231 121//121 120//120 1251//1232
f 1250//1231 1251//1232 1252//1233 1253//1234
f 1250//1231 1253//1234 1237//1218 1236//1217
f 1250//1231 1236//1217 122//122 121//121
f 1254//1235 1253//1234 1252//1233 1255//1236
f 1254//1235 1255//1236 1256//1237 1257//1238
f 1254//1235 1257//1238 1242//1223 1241//1222
f 1254//1235 1241//1222 1237//1218 1253//1234
f 1258//1239 1257//1238 1256//1237 1259//1240
f 1258//1239 1259//1240 1260//1241 1261//1242
f 1258//1239 1261//1242 1246//1227 1245//1226
f 1258//1239 1245//1226 1242//1223 1257//1238
f 1262//1243 1261//1242 1260//1241 1263//1244
f 1262//1243 1263//1244 42//42 41//41
f 1262//1243 41//41 48//48 1249//1230
f 1262//1243 1249//1230 1246//1227 1261//1242
f 1264//1245 111//111 110//110 266//266
f 1264//1245 266//266 72//72 71//71
f 1264//1245 71//71 78//78 251//251
f 1264//1245 251//251 112//112 111//111
f 1265//1246 75//75 74//74 1266//1247
f 1265//1246 1266//1247 932//914 966//948
f 1265//1246 966//948 965//947 1267//1248
f 1265//1246 1267//1248 76//76 75//75
f 1268//1249 37//37 36//36 1269//1250
f 1268//1249 1269//1250 907//890 947//929
f 1268//1249 947//929 934//916 1270//1251
f 1268//1249 1270//1251 38//38 37//37
f 1271//1252 102//102 101//101 1272//1253
f 1271//1252 1272//1253 888//871 887//870
f 1271//1252 887//870 886//869 1273//1254
f 1271//1252 1273//1254 103//103 102//102
f 1274//1255 1275//1256 1276//1257 1277//1258
f 1274//1255 1277//1258 1278//1259 1279//1260
f 1274//1255 1279//1260 1280//1261 1281//1262
f 1274//1255 1281//1262 1282//1263 1275//1256
f 1283//1264 1279//1260 1278//1259 1284//1265
f 1283//1264 1284//1265 1285//1266 1286//1267
f 1283//1264 1286//1267 1287//1268 1288//1269
f 1283//1264 1288//1269 1280//1261 1279//1260
f 1289//1270 1286//1267 1285//1266 1290//1271
f 1289//1270 1290//1271 1291//1272 1292//1273
f 1289//1270 1292//1273 1293//1274 1294//1275
f 1289//1270 1294//1275 1287//1268 1286//1267
f 1295//1276 1292//1273 1291//1272 1296//1277
f 1295//1276 1296//1277 33//33 1297//1278
f 1295//1276 1297//1278 1298//1279 1299//1280
f 1295//1276 1299//1280 1293//1274 1292//1273
f 1300//1281 1301//1282 1302//1283 1303//1284
f 1300//1281 1303//1284 1304//1285 1305//1286
f 1300//1281 1305//1286 1278//1259 1277//1258
f 1300//1281 1277//1258 1276//1257 1301//1282
f 1306//1287 1305//1286 1304//1285 1307//1288
f 1306//1287 1307//1288 1308//1289 1309//1290
f 1306//1287 1309//1290 1285//1266 1284//1265
f 1306//1287 1284//1265 1278//1259 1305//1286
f 1310//1291 1309//1290 1308//1289 1311//1292
f 1310//1291 1311//1292 1312//1293 1313//1294
f 1310//1291 1313//1294 1291//1272 1290//1271
f 1310//1291 1290//1271 1285//1266 1309//1290
f 1314//1295 1313//1294 1312//1293 1315//1296
f 1314//1295 1315//1296 27//27 29//29
f 1314//1295 29//29 33//33 1296//1277
f 1314//1295 1296//1277 1291//1272 1313//1294
f 1316//1297 1317//1298 1056//1037 1055//1036
f 1316//1297 1055//1036 275//275 1318//1299
f 1316//1297 1318//1299 1304//1285 1303//1284
f 1316//1297 1303//1284 1302//1283 1317//1298
f 1319//1300 1318//1299 275//275 274//274
f 1319//1300 274//274 166//166 1320//1301
f 1319//1300 1320//1301 1308//1289 1307//1288
f 1319//1300 1307//1288 1304//1285 1318//1299
f 1321//1302 1320//1301 166//166 165//165
f 1321//1302 165//165 172//172 1322//1303
f 1321//1302 1322//1303 1312//1293 1311//1292
f 1321//1302 1311//1292 1308//1289 1320//1301
f 1323//1304 1322//1303 172//172 1020//1002
f 1323//1304 1020//1002 21//21 20//20
f 1323//1304 20//20 27//27 1315//1296
f 1323//1304 1315//1296 1312//1293 1322//1303
f 1324//1305 1125//1106 249//249 248//248
f 1324//1305 248//248 247//247 1211//1192
f 1324//1305 1211//1192 1038//1020 1037//1019
f 1324//1305 1037//1019 302//302 1125//1106
f 1325//1306 246//246 245//245 1216//1197
f 1325//1306 1216//1197 1128//1109 1205//1186
f 1325//1306 1205//1186 1202//1183 1212//1193
f 1325//1306 1212//1193 247//247 246//246
f 1326//1307 1039//1021 1038//1020 1213//1194
f 1326//1307 1213//1194 1198//1179 1197//1178
f 1326//1307 1197//1178 1194//1175 1208//1189
f 1326//1307 1208//1189 14//14 1039//1021
f 1327//1308 286//286 16//16 1209//1190
f 1327//1308 1209//1190 1110//1091 1109//1090
f 1327//1308 1109//1090 862//846 861//845
f 1327//1308 861//845 287//287 286//286
f 1328//1309 372//372 231//231 230//230
f 1328//1309 230//230 229//229 1329//1310
f 1328//1309 1329//1310 1330//1311 1331//1312
f 1328//1309 1331//1312 342//342 372//372
f 1332//1313 183//183 76//76 1267//1248
f 1332//1313 1267//1248 965//947 983//965
f 1332//1313 983//965 592//592 591//591
f 1332//1313 591//591 184//184 183//183
f 1333//1314 279//279 38//38 1270//1251
f 1333//1314 1270//1251 934//916 933//915
f 1333//1314 933//915 932//914 1266//1247
f 1333//1314 1266//1247 74//74 279//279
f 1334//1315 298//298 103//103 1273//1254
f 1334//1315 1273//1254 886//869 908//891
f 1334//1315 908//891 907//890 1269//1250
f 1334//1315 1269//1250 36//36 298//298
f 1335//1316 66//66 65//65 1336//1317
f 1335//1316 1336//1317 1337//1318 1338//1319
f 1335//1316 1338//1319 1339//1320 1340//1321
f 1335//1316 1340//1321 67//67 66//66
f 1341//1322 1338//1319 1337//1318 1342//1323
f 1341//1322 1342//1323 364//364 985//967
f 1341//1322 985//967 987//969 1343//1324
f 1341//1322 1343//1324 1339//1320 1338//1319
f 1344//1325 484//484 431//431 1345//1326
f 1344//1325 1345//1326 1346//1327 1347//1328
f 1344//1325 1347//1328 1348//1329 1349//1330
f 1344//1325 1349//1330 485//485 484//484
f 1350//1331 1347//1328 1346//1327 1351//1332
f 1350//1331 1351//1332 1352//1333 1353//1334
f 1350//1331 1353//1334 1354//1335 1355//1336
f 1350//1331 1355//1336 1348//1329 1347//1328
f 1356//1337 1353//1334 1352//1333 1357//1338
f 1356//1337 1357//1338 464//464 968//950
f 1356//1337 968//950 358//358 1358//1339
f 1356//1337 1358//1339 1354//1335 1353//1334
f 1359//1340 391//391 390//390 1360//1341
f 1359//1340 1360//1341 1361//1342 1362//1343
f 1359//1340 1362//1343 1363//1344 1364//1345
f 1359//1340 1364//1345 392//392 391//391
f 1365//1346 1362//1343 1361//1342 1366//1347
f 1365//1346 1366//1347 1367//1348 1368//1349
f 1365//1346 1368//1349 1369//1350 1370//1351
f 1365//1346 1370//1351 1363//1344 1362//1343
f 1371//1352 1368//1349 1367//1348 1372//1353
f 1371//1352 1372//1353 504//504 949//931
f 1371//1352 949//931 458//458 1373//1354
f 1371//1352 1373//1354 1369//1350 1368//1349
f 1374//1355 309//309 282//282 1375//1356
f 1374//1355 1375//1356 1376//1357 1377//1358
f 1374//1355 1377//1358 1378//1359 1379//1360
f 1374//1355 1379//1360 310//310 309//309
f 1380//1361 1377//1358 1376//1357 1381//1362
f 1380//1361 1381//1362 1382//1363 1383//1364
f 1380//1361 1383//1364 1384//1365 1385//1366
f 1380//1361 1385//1366 1378//1359 1377//1358
f 1386//1367 1383//1364 1382//1363 1387//1368
f 1386//1367 1387//1368 573//573 937//919
f 1386//1367 937//919 534//534 1388//1369
f 1386//1367 1388//1369 1384//1365 1383//1364
f 1389//1370 367//367 336//336 1390//1371
f 1389//1370 1390//1371 1391//1372 1392//1373
f 1389//1370 1392//1373 1393//1374 1394//1375
f 1389//1370 1394//1375 368//368 367//367
f 1395//1376 1392//1373 1391//1372 1396//1377
f 1395//1376 1396//1377 1397//1378 1398//1379
f 1395//1376 1398//1379 1399//1380 1400//1381
f 1395//1376 1400//1381 1393//1374 1392//1373
f 1401//1382 1398//1379 1397//1378 1402//1383
f 1401//1382 1402//1383 540//540 910//893
f 1401//1382 910//893 498//498 1403//1384
f 1401//1382 1403//1384 1399//1380 1398//1379
f 1404//1385 254//254 150//150 1405//1386
f 1404//1385 1405//1386 1406//1387 1407//1388
f 1404//1385 1407//1388 1408//1389 1409//1390
f 1404//1385 1409//1390 255//255 254//254
f 1410//1391 1407//1388 1406//1387 1411//1392
f 1410//1391 1411//1392 1412//1393 1413//1394
f 1410//1391 1413//1394 1414//1395 1415//1396
f 1410//1391 1415//1396 1408//1389 1407//1388
f 1416//1397 1413//1394 1412//1393 1417//1398
f 1416//1397 1417//1398 588//588 891//874
f 1416//1397 891//874 567//567 1418//1399
f 1416//1397 1418//1399 1414//1395 1413//1394
f 1419//1400 93//93 92//92 330//330
f 1419//1400 330//330 329//329 1420//1401
f 1419//1400 1420//1401 1421//1402 1422//1403
f 1419//1400 1422//1403 94//94 93//93
f 1423//1404 1420//1401 329//329 1004//986
f 1423//1404 1004//986 289//289 1424//1405
f 1423//1404 1424//1405 1425//1406 1426//1407
f 1423//1404 1426//1407 1421//1402 1420//1401
f 1427//1408 1424//1405 289//289 288//288
f 1427//1408 288//288 287//287 860//844
f 1427//1408 860//844 582//582 1428//1409
f 1427//1408 1428//1409 1425//1406 1424//1405
f 1429//1410 149//149 94//94 1422//1403
f 1429//1410 1422//1403 1421//1402 1430//1411
f 1429//1410 1430//1411 1406//1387 1405//1386
f 1429//1410 1405//1386 150//150 149//149
f 1431//1412 1430//1411 1421//1402 1426//1407
f 1431//1412 1426//1407 1425//1406 1432//1413
f 1431//1412 1432//1413 1412//1393 1411//1392
f 1431//1412 1411//1392 1406//1387 1430//1411
f 1433//1414 1432//1413 1425//1406 1428//1409
f 1433//1414 1428//1409 582//582 581//581
f 1433//1414 581//581 588//588 1417//1398
f 1433//1414 1417//1398 1412//1393 1432//1413
f 1434//1415 281//281 255//255 1409//1390
f 1434//1415 1409//1390 1408//1389 1435//1416
f 1434//1415 1435//1416 1376//1357 1375//1356
f 1434//1415 1375//1356 282//282 281//281
f 1436//1417 1435//1416 1408//1389 1415//1396
f 1436//1417 1415//1396 1414//1395 1437//1418
f 1436//1417 1437//1418 1382//1363 1381//1362
f 1436//1417 1381//1362 1376//1357 1435//1416
f 1438//1419 1437//1418 1414//1395 1418//1399
f 1438//1419 1418//1399 567//567 566//566
f 1438//1419 566//566 573//573 1387//1368
f 1438//1419 1387//1368 1382//1363 1437//1418
f 1439//1420 335//335 310//310 1379//1360
f 1439//1420 1379//1360 1378//1359 1440//1421
f 1439//1420 1440//1421 1391//1372 1390//1371
f 1439//1420 1390//1371 336//336 335//335
f 1441//1422 1440//1421 1378//1359 1385//1366
f 1441//1422 1385//1366 1384//1365 1442//1423
f 1441//1422 1442//1423 1397//1378 1396//1377
f 1441//1422 1396//1377 1391//1372 1440//1421
f 1443//1424 1442//1423 1384//1365 1388//1369
f 1443//1424 1388//1369 534//534 533//533
f 1443//1424 533//533 540//540 1402//1383
f 1443//1424 1402//1383 1397//1378 1442//1423
f 1444//1425 406//406 368//368 1394//1375
f 1444//1425 1394//1375 1393//1374 1445//1426
f 1444//1425 1445//1426 1361//1342 1360//1341
f 1444//1425 1360//1341 390//390 406//406
f 1446//1427 1445//1426 1393//1374 1400//1381
f 1446//1427 1400//1381 1399//1380 1447//1428
f 1446//1427 1447//1428 1367//1348 1366//1347
f 1446//1427 1366//1347 1361//1342 1445//1426
f 1448//1429 1447//1428 1399//1380 1403//1384
f 1448//1429 1403//1384 498//498 497//497
f 1448//1429 497//497 504//504 1372//1353
f 1448//1429 1372//1353 1367//1348 1447//1428
f 1449//1430 430//430 392//392 1364//1345
f 1449//1430 1364//1345 1363//1344 1450//1431
f 1449//1430 1450//1431 1346//1327 1345//1326
f 1449//1430 1345//1326 431//431 430//430
f 1451//1432 1450//1431 1363//1344 1370//1351
f 1451//1432 1370//1351 1369//1350 1452//1433
f 1451//1432 1452//1433 1352//1333 1351//1332
f 1451//1432 1351//1332 1346//1327 1450//1431
f 1453//1434 1452//1433 1369//1350 1373//1354
f 1453//1434 1373//1354 458//458 457//457
f 1453//1434 457//457 464//464 1357//1338
f 1453//1434 1357//1338 1352//1333 1452//1433
f 1454//1435 578//578 485//485 1349//1330
f 1454//1435 1349//1330 1348//1329 1455//1436
f 1454//1435 1455//1436 65//65 64//64
f 1454//1435 64//64 63//63 578//578
f 1456//1437 1455//1436 1348//1329 1355//1336
f 1456//1437 1355//1336 1354//1335 1457//1438
f 1456//1437 1457//1438 1337//1318 1336//1317
f 1456//1437 1336//1317 65//65 1455//1436
f 1458//1439 1457//1438 1354//1335 1358//1339
f 1458//1439 1358//1339 358//358 357//357
f 1458//1439 357//357 364//364 1342//1323
f 1458//1439 1342//1323 1337//1318 1457//1438
f 1459//1440 1329//1310 229//229 252//252
f 1459//1440 252//252 186//186 1460//1441
f 1459//1440 1460//1441 1461//1442 1462//1443
f 1459//1440 1462//1443 1330//1311 1329//1310
f 1463//1444 1460//1441 186//186 185//185
f 1463//1444 185//185 184//184 590//590
f 1463//1444 590//590 552//552 1464//1445
f 1463//1444 1464//1445 1461//1442 1460//1441
f 1465//1446 313//313 315//315 1466//1447
f 1465//1446 1466//1447 1467//1448 1468//1449
f 1465//1446 1468//1449 1469//1450 1470//1451
f 1465//1446 1470//1451 241//241 313//313
f 1471//1452 1468//1449 1467//1448 1472//1453
f 1471//1452 1472//1453 1473//1454 1474//1455
f 1471//1452 1474//1455 1475//1456 1476//1457
f 1471//1452 1476//1457 1469//1450 1468//1449
f 1477//1458 1474//1455 1473//1454 1478//1459
f 1477//1458 1478//1459 558//558 575//575
f 1477//1458 575//575 515//515 1479//1460
f 1477//1458 1479//1460 1475//1456 1474//1455
f 1480//1461 340//340 342//342 1331//1312
f 1480//1461 1331//1312 1330//1311 1481//1462
f 1480//1461 1481//1462 1467//1448 1466//1447
f 1480//1461 1466//1447 315//315 340//340
f 1482//1463 1481//1462 1330//1311 1462//1443
f 1482//1463 1462//1443 1461//1442 1483//1464
f 1482//1463 1483//1464 1473//1454 1472//1453
f 1482//1463 1472//1453 1467//1448 1481//1462
f 1484//1465 1483//1464 1461//1442 1464//1445
f 1484//1465 1464//1445 552//552 551//551
f 1484//1465 551//551 558//558 1478//1459
f 1484//1465 1478//1459 1473//1454 1483//1464
f 1485//1466 194//194 196//196 1486//1467
f 1485//1466 1486//1467 1487//1468 1488//1469
f 1485//1466 1488//1469 1489//1470 1490//1471
f 1485//1466 1490//1471 147//147 194//194
f 1491//1472 1488//1469 1487//1468 1492//1473
f 1491//1472 1492//1473 1493//1474 1494//1475
f 1491//1472 1494//1475 1495//1476 1496//1477
f 1491//1472 1496//1477 1489//1470 1488//1469
f 1497//1478 1494//1475 1493//1474 1498//1479
f 1497//1478 1498//1479 521//521 542//542
f 1497//1478 542//542 467//467 1499//1480
f 1497//1478 1499//1480 1495//1476 1494//1475
f 1500//1481 239//239 241//241 1470//1451
f 1500//1481 1470//1451 1469//1450 1501//1482
f 1500//1481 1501//1482 1487//1468 1486//1467
f 1500//1481 1486//1467 196//196 239//239
f 1502//1483 1501//1482 1469//1450 1476//1457
f 1502//1483 1476//1457 1475//1456 1503//1484
f 1502//1483 1503//1484 1493//1474 1492//1473
f 1502//1483 1492//1473 1487//1468 1501//1482
f 1504//1485 1503//1484 1475//1456 1479//1460
f 1504//1485 1479//1460 515//515 514//514
f 1504//1485 514//514 521//521 1498//1479
f 1504//1485 1498//1479 1493//1474 1503//1484
f 1505//1486 119//119 81//81 1506//1487
f 1505//1486 1506//1487 1507//1488 1508//1489
f 1505//1486 1508//1489 1509//1490 1510//1491
f 1505//1486 1510//1491 120//120 119//119
f 1511//1492 1508//1489 1507//1488 1512//1493
f 1511//1492 1512//1493 1513//1494 1514//1495
f 1511//1492 1514//1495 1515//1496 1516//1497
f 1511//1492 1516//1497 1509//1490 1508//1489
f 1517//1498 1514//1495 1513//1494 1518//1499
f 1517//1498 1518//1499 442//442 490//490
f 1517//1498 490//490 397//397 1519//1500
f 1517//1498 1519//1500 1515//1496 1514//1495
f 1520//1501 143//143 147//147 1490//1471
f 1520//1501 1490//1471 1489//1470 1521//1502
f 1520//1501 1521//1502 1522//1503 1523//1504
f 1520//1501 1523//1504 87//87 143//143
f 1524//1505 1521//1502 1489//1470 1496//1477
f 1524//1505 1496//1477 1495//1476 1525//1506
f 1524//1505 1525//1506 1526//1507 1527//1503
f 1524//1505 1527//1503 1522//1503 1521//1502
f 1528//1508 1525//1506 1495//1476 1499//1480
f 1528//1508 1499//1480 467//467 466//466
f 1528//1508 466//466 436//436 1529//1509
f 1528//1508 1529//1509 1526//1507 1525//1506
f 1530//1510 1255//1236 1252//1233 1531//1511
f 1530//1510 1531//1511 1532//1512 1533//1513
f 1530//1510 1533//1513 1534//1514 1535//1515
f 1530//1510 1535//1515 1256//1237 1255//1236
f 1536//1516 1533//1513 1532//1512 1537//1517
f 1536//1516 1537//1517 1538//1518 1539//1519
f 1536//1516 1539//1519 1540//1520 1541//1521
f 1536//1516 1541//1521 1534//1514 1533//1513
f 1542//1522 1539//1519 1538//1518 1543//1523
f 1542//1522 1543//1523 403//403 450//450
f 1542//1522 450//450 349//349 1544//1524
f 1542//1522 1544//1524 1540//1520 1539//1519
f 1545//1525 80//80 87//87 1523//1504
f 1545//1525 1523//1504 1522//1503 1546//1526
f 1545//1525 1546//1526 1507//1488 1506//1487
f 1545//1525 1506//1487 81//81 80//80
f 1547//1527 1546//1526 1522//1503 1527//1503
f 1547//1527 1527//1503 1526//1507 1548//1528
f 1547//1527 1548//1528 1513//1494 1512//1493
f 1547//1527 1512//1493 1507//1488 1546//1526
f 1549//1529 1548//1528 1526//1507 1529//1509
f 1549//1529 1529//1509 436//436 435//435
f 1549//1529 435//435 442//442 1518//1499
f 1549//1529 1518//1499 1513//1494 1548//1528
f 1550//1530 1263//1244 1260//1241 1551//1531
f 1550//1530 1551//1531 1552//1532 1553//1533
f 1550//1530 1553//1533 1554//1534 1555//1535
f 1550//1530 1555//1535 42//42 1263//1244
f 1556//1536 1553//1533 1552//1532 1557//1537
f 1556//1536 1557//1537 1558//1538 1559//1539
f 1556//1536 1559//1539 1560//1540 1561//1541
f 1556//1536 1561//1541 1554//1534 1553//1533
f 1562//1542 1559//1539 1558//1538 1563//1543
f 1562//1542 1563//1543 355//355 416//416
f 1562//1542 416//416 318//318 1564//1544
f 1562//1542 1564//1544 1560//1540 1559//1539
f 1565//1545 1251//1232 120//120 1510//1491
f 1565//1545 1510//1491 1509//1490 1566//1546
f 1565//1545 1566//1546 1532//1512 1531//1511
f 1565//1545 1531//1511 1252//1233 1251//1232
f 1567//1547 1566//1546 1509//1490 1516//1497
f 1567//1547 1516//1497 1515//1496 1568//1548
f 1567//1547 1568//1548 1538//1518 1537//1517
f 1567//1547 1537//1517 1532//1512 1566//1546
f 1569//1549 1568//1548 1515//1496 1519//1500
f 1569//1549 1519//1500 397//397 396//396
f 1569//1549 396//396 403//403 1543//1523
f 1569//1549 1543//1523 1538//1518 1568//1548
f 1570//1550 1259//1240 1256//1237 1535//1515
f 1570//1550 1535//1515 1534//1514 1571//1551
f 1570//1550 1571//1551 1552//1532 1551//1531
f 1570//1550 1551//1531 1260//1241 1259//1240
f 1572//1552 1571//1551 1534//1514 1541//1521
f 1572//1552 1541//1521 1540//1520 1573//1553
f 1572//1552 1573//1553 1558//1538 1557//1537
f 1572//1552 1557//1537 1552//1532 1571//1551
f 1574//1554 1573//1553 1540//1520 1544//1524
f 1574//1554 1544//1524 349//349 348//348
f 1574//1554 348//348 355//355 1563//1543
f 1574//1554 1563//1543 1558//1538 1573//1553
f 1575//1555 43//43 42//42 1555//1535
f 1575//1555 1555//1535 1554//1534 1576//1556
f 1575//1555 1576//1556 1577//1557 1578//1558
f 1575//1555 1578//1558 44//44 43//43
f 1579//1559 1576//1556 1554//1534 1561//1541
f 1579//1559 1561//1541 1560//1540 1580//1560
f 1579//1559 1580//1560 1581//1561 1582//1562
f 1579//1559 1582//1562 1577//1557 1576//1556
f 1583//1563 1580//1560 1560//1540 1564//1544
f 1583//1563 1564//1544 318//318 317//317
f 1583//1563 317//317 324//324 1584//1564
f 1583//1563 1584//1564 1581//1561 1580//1560
f 1585//1565 1586//1566 1587//1567 1588//1568
f 1585//1565 1588//1568 831//815 851//835
f 1585//1565 851//835 807//791 1589//1569
f 1585//1565 1589//1569 1590//1570 1586//1566
f 1591//1571 1592//1572 1590//1570 1589//1569
f 1591//1571 1589//1569 807//791 806//790
f 1591//1571 806//790 789//773 1593//1573
f 1591//1571 1593//1573 1594//1574 1592//1572
f 1595//1575 1596//1576 1594//1574 1593//1573
f 1595//1575 1593//1573 789//773 788//772
f 1595//1575 788//772 771//755 1597//1577
f 1595//1575 1597//1577 1598//1578 1596//1576
f 1599//1579 1600//1580 1598//1578 1597//1577
f 1599//1579 1597//1577 771//755 770//754
f 1599//1579 770//754 753//737 1601//1581
f 1599//1579 1601//1581 1602//1582 1600//1580
f 1603//1583 1604//1584 1602//1582 1601//1581
f 1603//1583 1601//1581 753//737 752//736
f 1603//1583 752//736 735//720 1605//1585
f 1603//1583 1605//1585 1606//1586 1604//1584
f 1607//1587 1608//1588 1606//1586 1605//1585
f 1607//1587 1605//1585 735//720 734//719
f 1607//1587 734//719 699//689 1609//1589
f 1607//1587 1609//1589 1610//1590 1608//1588
f 1611//1591 1612//1592 1610//1590 1609//1589
f 1611//1591 1609//1589 699//689 698//688
f 1611//1591 698//688 705//695 1613//1593
f 1611//1591 1613//1593 1614//1594 1612//1592
f 1615//1595 1616//1596 1614//1594 1613//1593
f 1615//1595 1613//1593 705//695 725//713
f 1615//1595 725//713 681//672 1617//1597
f 1615//1595 1617//1597 1618//1598 1616//1596
f 1619//1599 1620//1600 1618//1598 1617//1597
f 1619//1599 1617//1597 681//672 680//671
f 1619//1599 680//671 663//654 1621//1601
f 1619//1599 1621//1601 1622//1602 1620//1600
f 1623//1603 1624//1604 1622//1602 1621//1601
f 1623//1603 1621//1601 663//654 662//653
f 1623//1603 662//653 645//636 1625//1605
f 1623//1603 1625//1605 1626//1606 1624//1604
f 1627//1607 1628//1608 1626//1606 1625//1605
f 1627//1607 1625//1605 645//636 644//635
f 1627//1607 644//635 627//619 1629//1609
f 1627//1607 1629//1609 1630//1610 1628//1608
f 1631//1611 1632//1612 1630//1610 1629//1609
f 1631//1611 1629//1609 627//619 626//618
f 1631//1611 626//618 600//600 1633//1613
f 1631//1611 1633//1613 1634//1614 1632//1612
f 1635//1615 1636//1616 1634//1614 1633//1613
f 1635//1615 1633//1613 600//600 599//599
f 1635//1615 599//599 606//606 1637//1617
f 1635//1615 1637//1617 1638//1618 1636//1616
f 1639//1619 546//546 510//510 1640//1620
f 1639//1619 1640//1620 1641//1621 1642//1622
f 1639//1619 1642//1622 1643//1623 1644//1624
f 1639//1619 1644//1624 547//547 546//546
f 1645//1625 1642//1622 1641//1621 1646//1626
f 1645//1625 1646//1626 1647//1627 1648//1628
f 1645//1625 1648//1628 1649//1629 1650//1630
f 1645//1625 1650//1630 1643//1623 1642//1622
f 1651//1631 1648//1628 1647//1627 1652//1632
f 1651//1631 1652//1632 1634//1614 1636//1616
f 1651//1631 1636//1616 1638//1618 1653//1633
f 1651//1631 1653//1633 1649//1629 1648//1628
f 1654//1634 509//509 508//508 1655//1635
f 1654//1634 1655//1635 1656//1636 1657//1637
f 1654//1634 1657//1637 1641//1621 1640//1620
f 1654//1634 1640//1620 510//510 509//509
f 1658//1638 1657//1637 1656//1636 1659//1639
f 1658//1638 1659//1639 1660//1640 1661//1641
f 1658//1638 1661//1641 1647//1627 1646//1626
f 1658//1638 1646//1626 1641//1621 1657//1637
f 1662//1642 1661//1641 1660//1640 1663//1643
f 1662//1642 1663//1643 1630//1610 1632//1612
f 1662//1642 1632//1612 1634//1614 1652//1632
f 1662//1642 1652//1632 1647//1627 1661//1641
f 1664//1644 531//531 494//494 1665//1645
f 1664//1644 1665//1645 1666//1646 1667//1647
f 1664//1644 1667//1647 1656//1636 1655//1635
f 1664//1644 1655//1635 508//508 531//531
f 1668//1648 1667//1647 1666//1646 1669//1649
f 1668//1648 1669//1649 1670//1650 1671//1651
f 1668//1648 1671//1651 1660//1640 1659//1639
f 1668//1648 1659//1639 1656//1636 1667//1647
f 1672//1652 1671//1651 1670//1650 1673//1653
f 1672//1652 1673//1653 1626//1606 1628//1608
f 1672//1652 1628//1608 1630//1610 1663//1643
f 1672//1652 1663//1643 1660//1640 1671//1651
f 1674//1654 493//493 454//454 1675//1655
f 1674//1654 1675//1655 1676//1656 1677//1657
f 1674//1654 1677//1657 1666//1646 1665//1645
f 1674//1654 1665//1645 494//494 493//493
f 1678//1658 1677//1657 1676//1656 1679//1659
f 1678//1658 1679//1659 1680//1660 1681//1661
f 1678//1658 1681//1661 1670//1650 1669//1649
f 1678//1658 1669//1649 1666//1646 1677//1657
f 1682//1662 1681//1661 1680//1660 1683//1663
f 1682//1662 1683//1663 1622//1602 1624//1604
f 1682//1662 1624//1604 1626//1606 1673//1653
f 1682//1662 1673//1653 1670//1650 1681//1661
f 1684//1664 453//453 420//420 1685//1665
f 1684//1664 1685//1665 1686//1666 1687//1667
f 1684//1664 1687//1667 1676//1656 1675//1655
f 1684//1664 1675//1655 454//454 453//453
f 1688//1668 1687//1667 1686//1666 1689//1669
f 1688//1668 1689//1669 1690//1670 1691//1671
f 1688//1668 1691//1671 1680//1660 1679//1659
f 1688//1668 1679//1659 1676//1656 1687//1667
f 1692//1672 1691//1671 1690//1670 1693//1673
f 1692//1672 1693//1673 1618//1598 1620//1600
f 1692//1672 1620//1600 1622//1602 1683//1663
f 1692//1672 1683//1663 1680//1660 1691//1671
f 1694//1674 419//419 384//384 1695//1675
f 1694//1674 1695//1675 1696//1676 1697//1677
f 1694//1674 1697//1677 1686//1666 1685//1665
f 1694//1674 1685//1665 420//420 419//419
f 1698//1678 1697//1677 1696//1676 1699//1679
f 1698//1678 1699//1679 1700//1680 1701//1681
f 1698//1678 1701//1681 1690//1670 1689//1669
f 1698//1678 1689//1669 1686//1666 1697//1677
f 1702//1682 1701//1681 1700//1680 1703//1683
f 1702//1682 1703//1683 1614//1594 1616//1596
f 1702//1682 1616//1596 1618//1598 1693//1673
f 1702//1682 1693//1673 1690//1670 1701//1681
f 1704//1684 383//383 293//293 1705//1685
f 1704//1684 1705//1685 1706//1686 1707//1687
f 1704//1684 1707//1687 1696//1676 1695//1675
f 1704//1684 1695//1675 384//384 383//383
f 1708//1688 1707//1687 1706//1686 1709//1689
f 1708//1688 1709//1689 1710//1690 1711//1691
f 1708//1688 1711//1691 1700//1680 1699//1679
f 1708//1688 1699//1679 1696//1676 1707//1687
f 1712//1692 1711//1691 1710//1690 1713//1693
f 1712//1692 1713//1693 1610//1590 1612//1592
f 1712//1692 1612//1592 1614//1594 1703//1683
f 1712//1692 1703//1683 1700//1680 1711//1691
f 1714//1694 292//292 260//260 1715//1695
f 1714//1694 1715//1695 1716//1696 1717//1697
f 1714//1694 1717//1697 1706//1686 1705//1685
f 1714//1694 1705//1685 293//293 292//292
f 1718//1698 1717//1697 1716//1696 1719//1699
f 1718//1698 1719//1699 1720//1700 1721//1701
f 1718//1698 1721//1701 1710//1690 1709//1689
f 1718//1698 1709//1689 1706//1686 1717//1697
f 1722//1702 1721//1701 1720//1700 1723//1703
f 1722//1702 1723//1703 1606//1586 1608//1588
f 1722//1702 1608//1588 1610//1590 1713//1693
f 1722//1702 1713//1693 1710//1690 1721//1701
f 1724//1704 259//259 223//223 1725//1705
f 1724//1704 1725//1705 1726//1706 1727//1707
f 1724//1704 1727//1707 1716//1696 1715//1695
f 1724//1704 1715//1695 260//260 259//259
f 1728//1708 1727//1707 1726//1706 1729//1709
f 1728//1708 1729//1709 1730//1710 1731//1711
f 1728//1708 1731//1711 1720//1700 1719//1699
f 1728//1708 1719//1699 1716//1696 1727//1707
f 1732//1712 1731//1711 1730//1710 1733//1713
f 1732//1712 1733//1713 1602//1582 1604//1584
f 1732//1712 1604//1584 1606//1586 1723//1703
f 1732//1712 1723//1703 1720//1700 1731//1711
f 1734//1714 222//222 178//178 1735//1715
f 1734//1714 1735//1715 1736//1716 1737//1717
f 1734//1714 1737//1717 1726//1706 1725//1705
f 1734//1714 1725//1705 223//223 222//222
f 1738//1718 1737//1717 1736//1716 1739//1719
f 1738//1718 1739//1719 1740//1720 1741//1721
f 1738//1718 1741//1721 1730//1710 1729//1709
f 1738//1718 1729//1709 1726//1706 1737//1717
f 1742//1722 1741//1721 1740//1720 1743//1723
f 1742//1722 1743//1723 1598//1578 1600//1580
f 1742//1722 1600//1580 1602//1582 1733//1713
f 1742//1722 1733//1713 1730//1710 1741//1721
f 1744//1724 177//177 176//176 1745//1725
f 1744//1724 1745//1725 1746//1726 1747//1727
f 1744//1724 1747//1727 1736//1716 1735//1715
f 1744//1724 1735//1715 178//178 177//177
f 1748//1728 1747//1727 1746//1726 1749//1729
f 1748//1728 1749//1729 1750//1730 1751//1731
f 1748//1728 1751//1731 1740//1720 1739//1719
f 1748//1728 1739//1719 1736//1716 1747//1727
f 1752//1732 1751//1731 1750//1730 1753//1733
f 1752//1732 1753//1733 1594//1574 1596//1576
f 1752//1732 1596//1576 1598//1578 1743//1723
f 1752//1732 1743//1723 1740//1720 1751//1731
f 1754//1734 204//204 162//162 1755//1735
f 1754//1734 1755//1735 1756//1736 1757//1737
f 1754//1734 1757//1737 1746//1726 1745//1725
f 1754//1734 1745//1725 176//176 204//204
f 1758//1738 1757//1737 1756//1736 1759//1739
f 1758//1738 1759//1739 1760//1740 1761//1741
f 1758//1738 1761//1741 1750//1730 1749//1729
f 1758//1738 1749//1729 1746//1726 1757//1737
f 1762//1742 1761//1741 1760//1740 1763//1743
f 1762//1742 1763//1743 1590//1570 1592//1572
f 1762//1742 1592//1572 1594//1574 1753//1733
f 1762//1742 1753//1733 1750//1730 1761//1741
f 1764//1744 161//161 132//132 1765//1745
f 1764//1744 1765//1745 1766//1746 1767//1747
f 1764//1744 1767//1747 1756//1736 1755//1735
f 1764//1744 1755//1735 162//162 161//161
f 1768//1748 1767//1747 1766//1746 1769//1749
f 1768//1748 1769//1749 1770//1750 1771//1751
f 1768//1748 1771//1751 1760//1740 1759//1739
f 1768//1748 1759//1739 1756//1736 1767//1747
f 1772//1752 1771//1751 1770//1750 1773//1753
f 1772//1752 1773//1753 1587//1567 1586//1566
f 1772//1752 1586//1566 1590//1570 1763//1743
f 1772//1752 1763//1743 1760//1740 1771//1751
f 1774//1754 1775//1755 1776//1756 1777//1757
f 1774//1754 1777//1757 623//615 622//614
f 1774//1754 622//614 621//613 1778//1758
f 1774//1754 1778//1758 1779//1759 1775//1755
f 1780//1760 1781//1761 1779//1759 1778//1758
f 1780//1760 1778//1758 621//613 642//633
f 1780//1760 642//633 641//632 1782//1762
f 1780//1760 1782//1762 1783//1763 1781//1761
f 1784//1764 1785//1765 1783//1763 1782//1762
f 1784//1764 1782//1762 641//632 660//651
f 1784//1764 660//651 659//650 1786//1766
f 1784//1764 1786//1766 1787//1767 1785//1765
f 1788//1768 1789//1769 1787//1767 1786//1766
f 1788//1768 1786//1766 659//650 678//669
f 1788//1768 678//669 677//668 1790//1770
f 1788//1768 1790//1770 1791//1771 1789//1769
f 1792//1772 1793//1773 1791//1771 1790//1770
f 1792//1772 1790//1770 677//668 696//686
f 1792//1772 696//686 695//685 1794//1774
f 1792//1772 1794//1774 1795//1775 1793//1773
f 1796//1776 1797//1777 1795//1775 1794//1774
f 1796//1776 1794//1774 695//685 732//717
f 1796//1776 732//717 722//710 1798//1778
f 1796//1776 1798//1778 1799//1779 1797//1777
f 1800//1780 1801//1781 1799//1779 1798//1778
f 1800//1780 1798//1778 722//710 721//709
f 1800//1780 721//709 720//708 1802//1782
f 1800//1780 1802//1782 1803//1783 1801//1781
f 1804//1784 1805//1785 1803//1783 1802//1782
f 1804//1784 1802//1782 720//708 750//734
f 1804//1784 750//734 749//733 1806//1786
f 1804//1784 1806//1786 1807//1787 1805//1785
f 1808//1788 1809//1789 1807//1787 1806//1786
f 1808//1788 1806//1786 749//733 768//752
f 1808//1788 768//752 767//751 1810//1790
f 1808//1788 1810//1790 1811//1791 1809//1789
f 1812//1792 1813//1793 1811//1791 1810//1790
f 1812//1792 1810//1790 767//751 786//770
f 1812//1792 786//770 785//769 1814//1794
f 1812//1792 1814//1794 1815//1795 1813//1793
f 1816//1796 1817//1797 1815//1795 1814//1794
f 1816//1796 1814//1794 785//769 804//788
f 1816//1796 804//788 803//787 1818//1798
f 1816//1796 1818//1798 1819//1799 1817//1797
f 1820//1800 1821//1801 1819//1799 1818//1798
f 1820//1800 1818//1798 803//787 822//806
f 1820//1800 822//806 821//805 1822//1802
f 1820//1800 1822//1802 1823//1803 1821//1801
f 1824//1804 1825//1805 1823//1803 1822//1802
f 1824//1804 1822//1802 821//805 858//842
f 1824//1804 858//842 848//832 1826//1806
f 1824//1804 1826//1806 1827//1807 1825//1805
f 1828//1808 153//153 136//136 1829//1809
f 1828//1808 1829//1809 1830//1810 1831//1811
f 1828//1808 1831//1811 1832//1812 1833//1813
f 1828//1808 1833//1813 127//127 153//153
f 1834//1814 1831//1811 1830//1810 1835//1815
f 1834//1814 1835//1815 1836//1816 1837//1817
f 1834//1814 1837//1817 1838//1818 1839//1819
f 1834//1814 1839//1819 1832//1812 1831//1811
f 1840//1820 1837//1817 1836//1816 1841//1821
f 1840//1820 1841//1821 1823//1803 1825//1805
f 1840//1820 1825//1805 1827//1807 1842//1822
f 1840//1820 1842//1822 1838//1818 1837//1817
f 1843//1823 135//135 141//141 1844//1824
f 1843//1823 1844//1824 1845//1825 1846//1826
f 1843//1823 1846//1826 1830//1810 1829//1809
f 1843//1823 1829//1809 136//136 135//135
f 1847//1827 1846//1826 1845//1825 1848//1828
f 1847//1827 1848//1828 1849//1829 1850//1830
f 1847//1827 1850//1830 1836//1816 1835//1815
f 1847//1827 1835//1815 1830//1810 1846//1826
f 1851//1831 1850//1830 1849//1829 1852//1832
f 1851//1831 1852//1832 1819//1799 1821//1801
f 1851//1831 1821//1801 1823//1803 1841//1821
f 1851//1831 1841//1821 1836//1816 1850//1830
f 1853//1833 188//188 192//192 1854//1834
f 1853//1833 1854//1834 1855//1835 1856//1836
f 1853//1833 1856//1836 1845//1825 1844//1824
f 1853//1833 1844//1824 141//141 188//188
f 1857//1837 1856//1836 1855//1835 1858//1838
f 1857//1837 1858//1838 1859//1839 1860//1840
f 1857//1837 1860//1840 1849//1829 1848//1828
f 1857//1837 1848//1828 1845//1825 1856//1836
f 1861//1841 1860//1840 1859//1839 1862//1842
f 1861//1841 1862//1842 1815//1795 1817//1797
f 1861//1841 1817//1797 1819//1799 1852//1832
f 1861//1841 1852//1832 1849//1829 1860//1840
f 1863//1843 233//233 237//237 1864//1844
f 1863//1843 1864//1844 1865//1845 1866//1846
f 1863//1843 1866//1846 1855//1835 1854//1834
f 1863//1843 1854//1834 192//192 233//233
f 1867//1847 1866//1846 1865//1845 1868//1848
f 1867//1847 1868//1848 1869//1849 1870//1850
f 1867//1847 1870//1850 1859//1839 1858//1838
f 1867//1847 1858//1838 1855//1835 1866//1846
f 1871//1851 1870//1850 1869//1849 1872//1852
f 1871//1851 1872//1852 1811//1791 1813//1793
f 1871//1851 1813//1793 1815//1795 1862//1842
f 1871//1851 1862//1842 1859//1839 1870//1850
f 1873//1853 268//268 272//272 1874//1854
f 1873//1853 1874//1854 1875//1855 1876//1856
f 1873//1853 1876//1856 1865//1845 1864//1844
f 1873//1853 1864//1844 237//237 268//268
f 1877//1857 1876//1856 1875//1855 1878//1858
f 1877//1857 1878//1858 1879//1859 1880//1860
f 1877//1857 1880//1860 1869//1849 1868//1848
f 1877//1857 1868//1848 1865//1845 1876//1856
f 1881//1861 1880//1860 1879//1859 1882//1862
f 1881//1861 1882//1862 1807//1787 1809//1789
f 1881//1861 1809//1789 1811//1791 1872//1852
f 1881//1861 1872//1852 1869//1849 1880//1860
f 1883//1863 344//344 346//346 1884//1864
f 1883//1863 1884//1864 1885//1865 1886//1866
f 1883//1863 1886//1866 1875//1855 1874//1854
f 1883//1863 1874//1854 272//272 344//344
f 1887//1867 1886//1866 1885//1865 1888//1868
f 1887//1867 1888//1868 1889//1869 1890//1870
f 1887//1867 1890//1870 1879//1859 1878//1858
f 1887//1867 1878//1858 1875//1855 1886//1866
f 1891//1871 1890//1870 1889//1869 1892//1872
f 1891//1871 1892//1872 1803//1783 1805//1785
f 1891//1871 1805//1785 1807//1787 1882//1862
f 1891//1871 1882//1862 1879//1859 1890//1870
f 1893//1873 377//377 379//379 1894//1874
f 1893//1873 1894//1874 1895//1875 1896//1876
f 1893//1873 1896//1876 1885//1865 1884//1864
f 1893//1873 1884//1864 346//346 377//377
f 1897//1877 1896//1876 1895//1875 1898//1878
f 1897//1877 1898//1878 1899//1879 1900//1880
f 1897//1877 1900//1880 1889//1869 1888//1868
f 1897//1877 1888//1868 1885//1865 1896//1876
f 1901//1881 1900//1880 1899//1879 1902//1882
f 1901//1881 1902//1882 1799//1779 1801//1781
f 1901//1881 1801//1781 1803//1783 1892//1872
f 1901//1881 1892//1872 1889//1869 1900//1880
f 1903//1883 412//412 414//414 1904//1884
f 1903//1883 1904//1884 1905//1885 1906//1886
f 1903//1883 1906//1886 1895//1875 1894//1874
f 1903//1883 1894//1874 379//379 412//412
f 1907//1887 1906//1886 1905//1885 1908//1888
f 1907//1887 1908//1888 1909//1889 1910//1890
f 1907//1887 1910//1890 1899//1879 1898//1878
f 1907//1887 1898//1878 1895//1875 1906//1886
f 1911//1891 1910//1890 1909//1889 1912//1892
f 1911//1891 1912//1892 1795//1775 1797//1777
f 1911//1891 1797//1777 1799//1779 1902//1882
f 1911//1891 1902//1882 1899//1879 1910//1890
f 1913//1893 446//446 448//448 1914//1894
f 1913//1893 1914//1894 1915//1895 1916//1896
f 1913//1893 1916//1896 1905//1885 1904//1884
f 1913//1893 1904//1884 414//414 446//446
f 1917//1897 1916//1896 1915//1895 1918//1898
f 1917//1897 1918//1898 1919//1899 1920//1900
f 1917//1897 1920//1900 1909//1889 1908//1888
f 1917//1897 1908//1888 1905//1885 1916//1896
f 1921//1901 1920//1900 1919//1899 1922//1902
f 1921//1901 1922//1902 1791//1771 1793//1773
f 1921//1901 1793//1773 1795//1775 1912//1892
f 1921//1901 1912//1892 1909//1889 1920//1900
f 1923//1903 488//488 473//473 1924//1904
f 1923//1903 1924//1904 1925//1905 1926//1906
f 1923//1903 1926//1906 1915//1895 1914//1894
f 1923//1903 1914//1894 448//448 488//488
f 1927//1907 1926//1906 1925//1905 1928//1908
f 1927//1907 1928//1908 1929//1909 1930//1910
f 1927//1907 1930//1910 1919//1899 1918//1898
f 1927//1907 1918//1898 1915//1895 1926//1906
f 1931//1911 1930//1910 1929//1909 1932//1912
f 1931//1911 1932//1912 1787//1767 1789//1769
f 1931//1911 1789//1769 1791//1771 1922//1902
f 1931//1911 1922//1902 1919//1899 1930//1910
f 1933//1913 472//472 478//478 1934//1914
f 1933//1913 1934//1914 1935//1915 1936//1916
f 1933//1913 1936//1916 1925//1905 1924//1904
f 1933//1913 1924//1904 473//473 472//472
f 1937//1917 1936//1916 1935//1915 1938//1918
f 1937//1917 1938//1918 1939//1919 1940//1920
f 1937//1917 1940//1920 1929//1909 1928//1908
f 1937//1917 1928//1908 1925//1905 1936//1916
f 1941//1921 1940//1920 1939//1919 1942//1922
f 1941//1921 1942//1922 1783//1763 1785//1765
f 1941//1921 1785//1765 1787//1767 1932//1912
f 1941//1921 1932//1912 1929//1909 1940//1920
f 1943//1923 523//523 527//527 1944//1924
f 1943//1923 1944//1924 1945//1925 1946//1926
f 1943//1923 1946//1926 1935//1915 1934//1914
f 1943//1923 1934//1914 478//478 523//523
f 1947//1927 1946//1926 1945//1925 1948//1928
f 1947//1927 1948//1928 1949//1929 1950//1930
f 1947//1927 1950//1930 1939//1919 1938//1918
f 1947//1927 1938//1918 1935//1915 1946//1926
f 1951//1931 1950//1930 1949//1929 1952//1932
f 1951//1931 1952//1932 1779//1759 1781//1761
f 1951//1931 1781//1761 1783//1763 1942//1922
f 1951//1931 1942//1922 1939//1919 1950//1930
f 1953//1933 560//560 564//564 1954//1934
f 1953//1933 1954//1934 1955//1935 1956//1936
f 1953//1933 1956//1936 1945//1925 1944//1924
f 1953//1933 1944//1924 527//527 560//560
f 1957//1937 1956//1936 1955//1935 1958//1938
f 1957//1937 1958//1938 1959//1939 1960//1940
f 1957//1937 1960//1940 1949//1929 1948//1928
f 1957//1937 1948//1928 1945//1925 1956//1936
f 1961//1941 1960//1940 1959//1939 1962//1942
f 1961//1941 1962//1942 1776//1756 1775//1755
f 1961//1941 1775//1755 1779//1759 1952//1932
f 1961//1941 1952//1932 1949//1929 1960//1940
f 1963//1943 131//131 130//130 1964//1944
f 1963//1943 1964//1944 1766//1746 1765//1745
f 1963//1943 1765//1745 132//132 131//131
f 1965//1945 824//808 831//815 1588//1568
f 1965//1945 1588//1568 1587//1567 1966//1946
f 1965//1945 1966//1946 1967//1947 1968//1948
f 1965//1945 1968//1948 825//809 824//808
f 1969//1949 125//125 127//127 1833//1813
f 1969//1949 1833//1813 1832//1812 1970//1950
f 1969//1949 1970//1950 31//31 125//125
f 1971//1951 1297//1278 33//33 32//32
f 1971//1951 32//32 31//31 1972//1952
f 1971//1951 1972//1952 1298//1279 1297//1278
f 1973//1953 1839//1819 1838//1818 1974//1954
f 1973//1953 1974//1954 1298//1279 1972//1952
f 1973//1953 1972//1952 31//31 1970//1950
f 1973//1953 1970//1950 1832//1812 1839//1819
f 1975//1955 1974//1954 1838//1818 1842//1822
f 1975//1955 1842//1822 1827//1807 1976//1956
f 1975//1955 1976//1956 1298//1279 1974//1954
f 1977//1957 1826//1806 848//832 847//831
f 1977//1957 847//831 846//830 1978//1958
f 1977//1957 1978//1958 1827//1807 1826//1806
f 1979//1959 1976//1956 1827//1807 1978//1958
f 1979//1959 1978//1958 846//830 1980//1960
f 1979//1959 1980//1960 1298//1279 1976//1956
f 1981//1961 1982//1962 130//130 1239//1220
f 1981//1961 1239//1220 1219//1200 1218//1199
f 1981//1961 1218//1199 1225//1206 1982//1962
f 1983//1963 1984//1964 1766//1746 1964//1944
f 1983//1963 1964//1944 130//130 1982//1962
f 1983//1963 1982//1962 1225//1206 1984//1964
f 1985//1965 1986//1966 1770//1750 1769//1749
f 1985//1965 1769//1749 1766//1746 1984//1964
f 1985//1965 1984//1964 1225//1206 1986//1966
f 1987//1967 1988//1968 1587//1567 1773//1753
f 1987//1967 1773//1753 1770//1750 1986//1966
f 1987//1967 1986//1966 1225//1206 1988//1968
f 1989//1969 1968//1948 1967//1947 1990//1970
f 1989//1969 1990//1970 1991//1971 1992//1972
f 1989//1969 1992//1972 825//809 1968//1948
f 1993//1973 1966//1946 1587//1567 1988//1968
f 1993//1973 1988//1968 1225//1206 1994//1974
f 1993//1973 1994//1974 1991//1971 1990//1970
f 1993//1973 1990//1970 1967//1947 1966//1946
f 1995//1975 1996//1976 1997//1977 1998//1978
f 1995//1975 1999//1979 2000//1980 1996//1976
f 1995//1975 2001//1981 2002//1982 1999//1979
f 1995//1975 1998//1978 2003//1983 2001//1981
f 2004//1984 2005//1985 2006//1986 2007//1987
f 2004//1984 2008//1988 2009//1989 2005//1985
f 2004//1984 2010//1990 2011//1991 2008//1988
f 2004//1984 2007//1987 2012//1992 2010//1990
f 2013//1993 2014//1994 2015//1995 2016//1996
f 2013//1993 2017//1997 2018//1998 2014//1994
f 2013//1993 2019//1999 2020//2000 2017//1997
f 2013//1993 2016//1996 2021//2001 2019//1999
f 2022//2002 2019//1999 2021//2001 2023//2003
f 2022//2002 2024//2004 2020//2000 2019//1999
f 2022//2002 2025//2005 2026//2006 2024//2004
f 2022//2002 2023//2003 2027//2007 2025//2005
f 2028//2008 2029//2009 2000//1980 1999//1979
f 2028//2008 2030//2010 2031//2011 2029//2009
f 2028//2008 2032//2012 2033//2013 2030//2010
f 2028//2008 1999//1979 2002//1982 2032//2012
f 2034//2014 2035//2015 2036//2016 2037//2017
f 2034//2014 2038//2018 2039//2019 2035//2015
f 2034//2014 2040//2020 2041//2021 2038//2018
f 2034//2014 2037//2017 2042//2022 2040//2020
f 2043//2023 2040//2020 2042//2022 2044//2024
f 2043//2023 2045//2025 2041//2021 2040//2020
f 2043//2023 2046//2026 2047//2027 2045//2025
f 2043//2023 2044//2024 2048//2028 2046//2026
f 2049//2029 2046//2026 2048//2028 2050//2030
f 2049//2029 2051//2031 2047//2027 2046//2026
f 2049//2029 59//59 58//58 2051//2031
f 2049//2029 2050//2030 60//60 59//59
f 2052//2032 2053//2033 2054//2034 2055//2035
f 2052//2032 2056//2036 2057//2037 2053//2033
f 2052//2032 2058//2038 2059//2039 2056//2036
f 2052//2032 2055//2035 2060//2040 2058//2038
f 2061//2041 2062//2042 2063//2043 2064//2044
f 2061//2041 2065//2045 2066//2046 2062//2042
f 2061//2041 2067//2047 2068//2048 2065//2045
f 2061//2041 2064//2044 2069//2049 2067//2047
f 2070//2050 2071//2051 2072//2052 2073//2053
f 2070//2050 2074//2054 2075//2055 2071//2051
f 2070//2050 2076//2056 2077//2057 2074//2054
f 2070//2050 2073//2053 2078//2058 2076//2056
f 2079//2059 2080//2060 2081//2061 2082//2062
f 2079//2059 2083//2063 2084//2064 2080//2060
f 2079//2059 2085//2065 2086//2066 2083//2063
f 2079//2059 2082//2062 2087//2067 2085//2065
f 2088//2068 2089//2069 2090//2070 2091//2071
f 2088//2068 2092//2072 2093//2073 2089//2069
f 2088//2068 2094//2074 2095//2075 2092//2072
f 2088//2068 2091//2071 2096//2076 2094//2074
f 2097//2077 2098//2078 2099//2079 2100//2080
f 2097//2077 2101//2081 2102//2082 2098//2078
f 2097//2077 2103//2083 2104//2084 2101//2081
f 2097//2077 2100//2080 2105//2085 2103//2083
f 2106//2086 2017//1997 2020//2000 2107//2087
f 2106//2086 2108//2088 2018//1998 2017//1997
f 2106//2086 2080//2060 2084//2064 2108//2088
f 2106//2086 2107//2087 2081//2061 2080//2060
f 2109//2089 2110//2090 2111//2091 2112//2092
f 2109//2089 2113//2093 2114//2094 2110//2090
f 2109//2089 2071//2051 2075//2055 2113//2093
f 2109//2089 2112//2092 2072//2052 2071//2051
f 2115//2095 2024//2004 2026//2006 2116//2096
f 2115//2095 2107//2087 2020//2000 2024//2004
f 2115//2095 2117//2097 2081//2061 2107//2087
f 2115//2095 2116//2096 2118//2098 2117//2097
f 2119//2099 2120//2100 2114//2094 2113//2093
f 2119//2099 2121//2101 2122//2102 2120//2100
f 2119//2099 2123//2103 2124//2104 2121//2101
f 2119//2099 2113//2093 2075//2055 2123//2103
f 2125//2105 2126//2106 2127//2107 2128//2108
f 2125//2105 2129//2109 2087//2067 2126//2106
f 2125//2105 2130//2110 2131//2111 2129//2109
f 2125//2105 2128//2108 2132//2112 2130//2110
f 2133//2113 2076//2056 2078//2058 2134//2114
f 2133//2113 2135//2115 2077//2057 2076//2056
f 2133//2113 2136//2116 2137//2117 2135//2115
f 2133//2113 2134//2114 2138//2118 2136//2116
f 2139//2119 2085//2065 2087//2067 2129//2109
f 2139//2119 2140//2120 2086//2066 2085//2065
f 2139//2119 2141//2121 2142//2122 2140//2120
f 2139//2119 2129//2109 2131//2111 2141//2121
f 2143//2123 2117//2097 2118//2098 2144//2124
f 2143//2123 2082//2062 2081//2061 2117//2097
f 2143//2123 2126//2106 2087//2067 2082//2062
f 2143//2123 2144//2124 2127//2107 2126//2106
f 2145//2125 2146//2126 2147//2127 2148//2128
f 2145//2125 1998//1978 1997//1977 2146//2126
f 2145//2125 2149//2129 2003//1983 1998//1978
f 2145//2125 2148//2128 2150//2130 2149//2129
f 2151//2131 2123//2103 2075//2055 2074//2054
f 2151//2131 2152//2132 2124//2104 2123//2103
f 2151//2131 2153//2133 2154//2134 2152//2132
f 2151//2131 2074//2054 2077//2057 2153//2133
f 2155//2135 2156//2136 2157//2137 2158//2138
f 2155//2135 2159//2139 2160//2140 2156//2136
f 2155//2135 2161//2141 2162//2142 2159//2139
f 2155//2135 2158//2138 2163//2143 2161//2141
f 2164//2144 2165//2145 2137//2117 2166//2146
f 2164//2144 2167//2147 2168//2148 2165//2145
f 2164//2144 2169//2149 2170//2150 2167//2147
f 2164//2144 2166//2146 2171//2151 2169//2149
f 2172//2152 2067//2047 2069//2049 2173//2153
f 2172//2152 2174//2154 2068//2048 2067//2047
f 2172//2152 2175//2155 2176//2156 2174//2154
f 2172//2152 2173//2153 2177//2157 2175//2155
f 2178//2158 2130//2110 2132//2112 2179//2159
f 2178//2158 2180//2160 2131//2111 2130//2110
f 2178//2158 2181//2161 2182//2162 2180//2160
f 2178//2158 2179//2159 2183//2163 2181//2161
f 2184//2164 2136//2116 2138//2118 2185//2165
f 2184//2164 2166//2146 2137//2117 2136//2116
f 2184//2164 2186//2166 2171//2151 2166//2146
f 2184//2164 2185//2165 2187//2167 2186//2166
f 2188//2168 2189//2169 2190//2170 2191//2171
f 2188//2168 2091//2071 2090//2070 2189//2169
f 2188//2168 2192//2172 2096//2076 2091//2071
f 2188//2168 2191//2171 2193//2173 2192//2172
f 2194//2174 2153//2133 2077//2057 2135//2115
f 2194//2174 2195//2175 2154//2134 2153//2133
f 2194//2174 2165//2145 2168//2148 2195//2175
f 2194//2174 2135//2115 2137//2117 2165//2145
f 2196//2176 2197//2177 2198//2178 2199//2179
f 2196//2176 2200//2180 2201//2181 2197//2177
f 2196//2176 2202//2182 2203//2183 2200//2180
f 2196//2176 2199//2179 2204//2184 2202//2182
f 2205//2185 2206//2186 2207//2187 2208//2188
f 2205//2185 2191//2171 2190//2170 2206//2186
f 2205//2185 2209//2189 2193//2173 2191//2171
f 2205//2185 2208//2188 2210//2190 2209//2189
f 2211//2191 2169//2149 2171//2151 2212//2192
f 2211//2191 2213//2193 2170//2150 2169//2149
f 2211//2191 2214//2194 2215//2195 2213//2193
f 2211//2191 2212//2192 2216//2196 2214//2194
f 2217//2197 2103//2083 2105//2085 2218//2198
f 2217//2197 2219//2199 2104//2084 2103//2083
f 2217//2197 2220//2200 2221//2201 2219//2199
f 2217//2197 2218//2198 2222//2202 2220//2200
f 2223//2203 2181//2161 2183//2163 2224//2204
f 2223//2203 2225//2205 2182//2162 2181//2161
f 2223//2203 2226//2206 2227//2207 2225//2205
f 2223//2203 2224//2204 2228//2208 2226//2206
f 2229//2209 2186//2166 2187//2167 2230//2210
f 2229//2209 2212//2192 2171//2151 2186//2166
f 2229//2209 2231//2211 2216//2196 2212//2192
f 2229//2209 2230//2210 2232//2212 2231//2211
f 2233//2213 2234//2214 2203//2183 2235//2215
f 2233//2213 2236//2216 2237//2217 2234//2214
f 2233//2213 2238//2218 2239//2219 2236//2216
f 2233//2213 2235//2215 2240//2220 2238//2218
f 2241//2221 2242//2222 2104//2084 2219//2199
f 2241//2221 2173//2153 2069//2049 2242//2222
f 2241//2221 2243//2223 2177//2157 2173//2153
f 2241//2221 2219//2199 2221//2201 2243//2223
f 2244//2224 2141//2121 2131//2111 2180//2160
f 2244//2224 2245//2225 2142//2122 2141//2121
f 2244//2224 2246//2226 2247//2227 2245//2225
f 2244//2224 2180//2160 2182//2162 2246//2226
f 2248//2228 2214//2194 2216//2196 2249//2229
f 2248//2228 2250//2230 2215//2195 2214//2194
f 2248//2228 2251//2231 2252//2232 2250//2230
f 2248//2228 2249//2229 2253//2233 2251//2231
f 2254//2234 2001//1981 2003//1983 2255//2235
f 2254//2234 2256//2236 2002//1982 2001//1981
f 2254//2234 2257//2237 2063//2043 2256//2236
f 2254//2234 2255//2235 2102//2082 2257//2237
f 2258//2238 2226//2206 2228//2208 2259//2239
f 2258//2238 2260//2240 2227//2207 2226//2206
f 2258//2238 2261//2241 2262//2242 2260//2240
f 2258//2238 2259//2239 2263//2243 2261//2241
f 2264//2244 2265//2245 2266//2246 2267//2247
f 2264//2244 2268//2248 2204//2184 2265//2245
f 2264//2244 2156//2136 2160//2140 2268//2248
f 2264//2244 2267//2247 2157//2137 2156//2136
f 2269//2249 2032//2012 2002//1982 2256//2236
f 2269//2249 2270//2250 2033//2013 2032//2012
f 2269//2249 2062//2042 2066//2046 2270//2250
f 2269//2249 2256//2236 2063//2043 2062//2042
f 2271//2251 2246//2226 2182//2162 2225//2205
f 2271//2251 2272//2252 2247//2227 2246//2226
f 2271//2251 2273//2253 2274//2254 2272//2252
f 2271//2251 2225//2205 2227//2207 2273//2253
f 2275//2255 2010//1990 2012//1992 2276//2256
f 2275//2255 2277//2257 2011//1991 2010//1990
f 2275//2255 2278//2258 2279//2259 2277//2257
f 2275//2255 2276//2256 2280//2260 2278//2258
f 2281//2261 2251//2231 2253//2233 2282//2262
f 2281//2261 2283//2263 2252//2232 2251//2231
f 2281//2261 2284//2264 2285//2265 2283//2263
f 2281//2261 2282//2262 2286//2266 2284//2264
f 2287//2267 2094//2074 2096//2076 2288//2268
f 2287//2267 2289//2269 2095//2075 2094//2074
f 2287//2267 2029//2009 2031//2011 2289//2269
f 2287//2267 2288//2268 2000//1980 2029//2009
f 2290//2270 2291//2271 2162//2142 2292//2272
f 2290//2270 2293//2273 2294//2274 2291//2271
f 2290//2270 2295//2275 2006//1986 2293//2273
f 2290//2270 2292//2272 2296//2276 2295//2275
f 2297//2277 2149//2129 2150//2130 2298//2278
f 2297//2277 2255//2235 2003//1983 2149//2129
f 2297//2277 2098//2078 2102//2082 2255//2235
f 2297//2277 2298//2278 2099//2079 2098//2078
f 2299//2279 2273//2253 2227//2207 2260//2240
f 2299//2279 2300//2280 2274//2254 2273//2253
f 2299//2279 2301//2281 2302//2282 2300//2280
f 2299//2279 2260//2240 2262//2242 2301//2281
f 2303//2283 2231//2211 2232//2212 2304//2284
f 2303//2283 2249//2229 2216//2196 2231//2211
f 2303//2283 2305//2285 2253//2233 2249//2229
f 2303//2283 2304//2284 2306//2286 2305//2285
f 2307//2287 2308//2288 2309//2289 2310//2290
f 2307//2287 2311//2291 2312//2292 2308//2288
f 2307//2287 2313//2293 2314//2294 2311//2291
f 2307//2287 2310//2290 2315//2295 2313//2293
f 2316//2296 2317//2297 2018//1998 2108//2088
f 2316//2296 2318//2298 2319//2299 2317//2297
f 2316//2296 2320//2300 2321//2301 2318//2298
f 2316//2296 2108//2088 2084//2064 2320//2300
f 2322//2302 2192//2172 2193//2173 2323//2303
f 2322//2302 2288//2268 2096//2076 2192//2172
f 2322//2302 1996//1976 2000//1980 2288//2268
f 2322//2302 2323//2303 1997//1977 1996//1976
f 2324//2304 2301//2281 2262//2242 2325//2305
f 2324//2304 2326//2306 2302//2282 2301//2281
f 2324//2304 2327//2307 2328//2308 2326//2306
f 2324//2304 2325//2305 2329//2309 2327//2307
f 2330//2310 2305//2285 2306//2286 2331//2311
f 2330//2310 2282//2262 2253//2233 2305//2285
f 2330//2310 2332//2312 2286//2266 2282//2262
f 2330//2310 2331//2311 2333//2313 2332//2312
f 2334//2314 2261//2241 2263//2243 2335//2315
f 2334//2314 2325//2305 2262//2242 2261//2241
f 2334//2314 2336//2316 2329//2309 2325//2305
f 2334//2314 2335//2315 2337//2317 2336//2316
f 2338//2318 2339//2319 2340//2320 2341//2321
f 2338//2318 2342//2322 2343//2323 2339//2319
f 2338//2318 2344//2324 2345//2325 2342//2322
f 2338//2318 2341//2321 2346//2326 2344//2324
f 2347//2327 2348//2328 2349//2329 2350//2330
f 2347//2327 2351//2331 2352//2332 2348//2328
f 2347//2327 2353//2333 2354//2334 2351//2331
f 2347//2327 2350//2330 2355//2335 2353//2333
f 2356//2336 2327//2307 2329//2309 2357//2337
f 2356//2336 2358//2338 2328//2308 2327//2307
f 2356//2336 2359//2339 2360//2340 2358//2338
f 2356//2336 2357//2337 2361//2341 2359//2339
f 2362//2342 2332//2312 2333//2313 2363//2343
f 2362//2342 2364//2344 2286//2266 2332//2312
f 2362//2342 2365//2345 2366//2346 2364//2344
f 2362//2342 2363//2343 2222//2202 2365//2345
f 2367//2347 2336//2316 2337//2317 2368//2348
f 2367//2347 2357//2337 2329//2309 2336//2316
f 2367//2347 2369//2349 2361//2341 2357//2337
f 2367//2347 2368//2348 2370//2350 2369//2349
f 2371//2351 2209//2189 2210//2190 2372//2352
f 2371//2351 2323//2303 2193//2173 2209//2189
f 2371//2351 2146//2126 1997//1977 2323//2303
f 2371//2351 2372//2352 2147//2127 2146//2126
f 2373//2353 2284//2264 2286//2266 2364//2344
f 2373//2353 2374//2354 2285//2265 2284//2264
f 2373//2353 2375//2355 2376//2356 2374//2354
f 2373//2353 2364//2344 2366//2346 2375//2355
f 2377//2357 2378//2358 2379//2359 2380//2360
f 2377//2357 2381//2361 2382//2362 2378//2358
f 2377//2357 2383//2363 2384//2364 2381//2361
f 2377//2357 2380//2360 2385//2365 2383//2363
f 2386//2366 2387//2367 2388//2368 2389//2369
f 2386//2366 2390//2370 2391//2371 2387//2367
f 2386//2366 2392//2372 2393//2373 2390//2370
f 2386//2366 2389//2369 2394//2374 2392//2372
f 2395//2375 2359//2339 2361//2341 2396//2376
f 2395//2375 2397//2377 2360//2340 2359//2339
f 2395//2375 2378//2358 2382//2362 2397//2377
f 2395//2375 2396//2376 2379//2359 2378//2358
f 2398//2378 2365//2345 2222//2202 2218//2198
f 2398//2378 2399//2379 2366//2346 2365//2345
f 2398//2378 2400//2380 2401//2381 2399//2379
f 2398//2378 2218//2198 2105//2085 2400//2380
f 2402//2382 2369//2349 2370//2350 2403//2383
f 2402//2382 2396//2376 2361//2341 2369//2349
f 2402//2382 2404//2384 2379//2359 2396//2376
f 2402//2382 2403//2383 2405//2385 2404//2384
f 2406//2386 2344//2324 2346//2326 2407//2387
f 2406//2386 2408//2388 2345//2325 2344//2324
f 2406//2386 2308//2288 2312//2292 2408//2388
f 2406//2386 2407//2387 2309//2289 2308//2288
f 2409//2389 2375//2355 2366//2346 2399//2379
f 2409//2389 2410//2390 2376//2356 2375//2355
f 2409//2389 2411//2391 2412//2392 2410//2390
f 2409//2389 2399//2379 2401//2381 2411//2391
f 2413//2393 2414//2394 2099//2079 2298//2278
f 2413//2393 2415//2395 2416//2396 2414//2394
f 2413//2393 2417//2397 2418//2398 2415//2395
f 2413//2393 2298//2278 2150//2130 2417//2397
f 2419//2399 2383//2363 2385//2365 2420//2400
f 2419//2399 2421//2401 2384//2364 2383//2363
f 2419//2399 2422//2402 2423//2403 2421//2401
f 2419//2399 2420//2400 2424//2404 2422//2402
f 2425//2405 2426//2406 2427//2407 2428//2408
f 2425//2405 2429//2409 2430//2410 2426//2406
f 2425//2405 2431//2411 2432//2412 2429//2409
f 2425//2405 2428//2408 2433//2413 2431//2411
f 2434//2414 2400//2380 2105//2085 2100//2080
f 2434//2414 2435//2415 2401//2381 2400//2380
f 2434//2414 2414//2394 2416//2396 2435//2415
f 2434//2414 2100//2080 2099//2079 2414//2394
f 2436//2416 2404//2384 2405//2385 2437//2417
f 2436//2416 2380//2360 2379//2359 2404//2384
f 2436//2416 2438//2418 2385//2365 2380//2360
f 2436//2416 2437//2417 2439//2419 2438//2418
f 2440//2420 2392//2372 2394//2374 2441//2421
f 2440//2420 2442//2422 2393//2373 2392//2372
f 2440//2420 2339//2319 2343//2323 2442//2422
f 2440//2420 2441//2421 2340//2320 2339//2319
f 2443//2423 2411//2391 2401//2381 2435//2415
f 2443//2423 2444//2424 2412//2392 2411//2391
f 2443//2423 2445//2425 2446//2426 2444//2424
f 2443//2423 2435//2415 2416//2396 2445//2425
f 2447//2427 2448//2428 2449//2429 2450//2430
f 2447//2427 2451//2431 2452//2432 2448//2428
f 2447//2427 2453//2433 2454//2434 2451//2431
f 2447//2427 2450//2430 2455//2435 2453//2433
f 2456//2436 2457//2437 2458//2438 2459//2439
f 2456//2436 2460//2440 2461//2441 2457//2437
f 2456//2436 2426//2406 2430//2410 2460//2440
f 2456//2436 2459//2439 2427//2407 2426//2406
f 2462//2442 2463//2443 2464//2444 2465//2445
f 2462//2442 2466//2446 2424//2404 2463//2443
f 2462//2442 2467//2447 2468//2448 2466//2446
f 2462//2442 2465//2445 2469//2449 2467//2447
f 2470//2450 2417//2397 2150//2130 2148//2128
f 2470//2450 2471//2451 2418//2398 2417//2397
f 2470//2450 2472//2452 2473//2453 2471//2451
f 2470//2450 2148//2128 2147//2127 2472//2452
f 2474//2454 2422//2402 2424//2404 2466//2446
f 2474//2454 2475//2455 2423//2403 2422//2402
f 2474//2454 2476//2456 2477//2457 2475//2455
f 2474//2454 2466//2446 2468//2448 2476//2456
f 2478//2458 2438//2418 2439//2419 2479//2459
f 2478//2458 2420//2400 2385//2365 2438//2418
f 2478//2458 2463//2443 2424//2404 2420//2400
f 2478//2458 2479//2459 2464//2444 2463//2443
f 2480//2460 2431//2411 2433//2413 2481//2461
f 2480//2460 2482//2462 2432//2412 2431//2411
f 2480//2460 2387//2367 2391//2371 2482//2462
f 2480//2460 2481//2461 2388//2368 2387//2367
f 2483//2463 2445//2425 2416//2396 2415//2395
f 2483//2463 2484//2464 2446//2426 2445//2425
f 2483//2463 2485//2465 2486//2466 2484//2464
f 2483//2463 2415//2395 2418//2398 2485//2465
f 2487//2467 2488//2468 2489//2469 2490//2470
f 2487//2467 2491//2471 2492//2472 2488//2468
f 2487//2467 2493//2473 2494//2474 2491//2471
f 2487//2467 2490//2470 2495//2475 2493//2473
f 2496//2476 2497//2477 2473//2453 2498//2478
f 2496//2476 2499//2479 2500//2480 2497//2477
f 2496//2476 2501//2481 2502//2482 2499//2479
f 2496//2476 2498//2478 2503//2483 2501//2481
f 2504//2484 2505//2485 2506//2486 2507//2487
f 2504//2484 2508//2488 2509//2489 2505//2485
f 2504//2484 2510//2490 2511//2491 2508//2488
f 2504//2484 2507//2487 2512//2492 2510//2490
f 2513//2493 2467//2447 2469//2449 2514//2494
f 2513//2493 2515//2495 2468//2448 2467//2447
f 2513//2493 2516//2496 2517//2497 2515//2495
f 2513//2493 2514//2494 2518//2498 2516//2496
f 2519//2499 2472//2452 2147//2127 2372//2352
f 2519//2499 2498//2478 2473//2453 2472//2452
f 2519//2499 2520//2500 2503//2483 2498//2478
f 2519//2499 2372//2352 2210//2190 2520//2500
f 2521//2501 2485//2465 2418//2398 2471//2451
f 2521//2501 2522//2502 2486//2466 2485//2465
f 2521//2501 2497//2477 2500//2480 2522//2502
f 2521//2501 2471//2451 2473//2453 2497//2477
f 2523//2503 2524//2504 2525//2505 2526//2506
f 2523//2503 2527//2507 2528//2508 2524//2504
f 2523//2503 2529//2509 2530//2510 2527//2507
f 2523//2503 2526//2506 2531//2511 2529//2509
f 2532//2512 2510//2490 2512//2492 2533//2513
f 2532//2512 2534//2514 2511//2491 2510//2490
f 2532//2512 2457//2437 2461//2441 2534//2514
f 2532//2512 2533//2513 2458//2438 2457//2437
f 2535//2515 2501//2481 2503//2483 2536//2516
f 2535//2515 2537//2517 2502//2482 2501//2481
f 2535//2515 2538//2518 2539//2519 2537//2517
f 2535//2515 2536//2516 2540//2520 2538//2518
f 2541//2521 2542//2522 2543//2523 2544//2524
f 2541//2521 2545//2525 2546//2526 2542//2522
f 2541//2521 2547//2527 2548//2528 2545//2525
f 2541//2521 2544//2524 2549//2529 2547//2527
f 2550//2530 2516//2496 2518//2498 2551//2531
f 2550//2530 2552//2532 2517//2497 2516//2496
f 2550//2530 2553//2533 2554//2534 2552//2532
f 2550//2530 2551//2531 2555//2535 2553//2533
f 2556//2536 2557//2537 2558//2538 2559//2539
f 2556//2536 2560//2540 2561//2541 2557//2537
f 2556//2536 2562//2542 2563//2543 2560//2540
f 2556//2536 2559//2539 2564//2544 2562//2542
f 2565//2545 2547//2527 2549//2529 2566//2546
f 2565//2545 2567//2547 2548//2528 2547//2527
f 2565//2545 2505//2485 2509//2489 2567//2547
f 2565//2545 2566//2546 2506//2486 2505//2485
f 2568//2548 2476//2456 2468//2448 2515//2495
f 2568//2548 2569//2549 2477//2457 2476//2456
f 2568//2548 2570//2550 2054//2034 2569//2549
f 2568//2548 2515//2495 2517//2497 2570//2550
f 2571//2551 2572//2552 2573//2553 2574//2554
f 2571//2551 2575//2555 2576//2556 2572//2552
f 2571//2551 2577//2557 2578//2558 2575//2555
f 2571//2551 2574//2554 2579//2559 2577//2557
f 2580//2560 2581//2561 2176//2156 2582//2562
f 2580//2560 2583//2563 2584//2564 2581//2561
f 2580//2560 2542//2522 2546//2526 2583//2563
f 2580//2560 2582//2562 2543//2523 2542//2522
f 2585//2565 2570//2550 2517//2497 2552//2532
f 2585//2565 2055//2035 2054//2034 2570//2550
f 2585//2565 2586//2566 2060//2040 2055//2035
f 2585//2565 2552//2532 2554//2534 2586//2566
f 2587//2567 2520//2500 2210//2190 2208//2188
f 2587//2567 2536//2516 2503//2483 2520//2500
f 2587//2567 2588//2568 2540//2520 2536//2516
f 2587//2567 2208//2188 2207//2187 2588//2568
f 2589//2569 2590//2570 2591//2571 2592//2572
f 2589//2569 2593//2573 2594//2574 2590//2570
f 2589//2569 2595//2575 2596//2576 2593//2573
f 2589//2569 2592//2572 2597//2577 2595//2575
f 2598//2573 2599//2578 2594//2574 2593//2573
f 2598//2573 2600//2573 2601//2578 2599//2578
f 2598//2573 2602//2579 2603//2580 2600//2573
f 2598//2573 2593//2573 2596//2576 2602//2579
f 2604//2581 2605//2582 2601//2578 2600//2573
f 2604//2581 2606//2581 2607//2583 2605//2582
f 2604//2581 2608//2580 2609//2584 2606//2581
f 2604//2581 2600//2573 2603//2580 2608//2580
f 2610//2585 2611//2586 2607//2583 2606//2581
f 2610//2585 2612//2587 2613//2588 2611//2586
f 2610//2585 2614//2589 2615//2590 2612//2587
f 2610//2585 2606//2581 2609//2584 2614//2589
f 2616//2591 2617//2592 2618//2593 2619//2594
f 2616//2591 2620//2595 2621//2596 2617//2592
f 2616//2591 2590//2570 2594//2574 2620//2595
f 2616//2591 2619//2594 2591//2571 2590//2570
f 2622//2597 2623//2598 2621//2596 2620//2595
f 2622//2597 2624//2599 2625//2600 2623//2598
f 2622//2597 2599//2578 2601//2578 2624//2599
f 2622//2597 2620//2595 2594//2574 2599//2578
f 2626//2599 2627//2601 2625//2600 2624//2599
f 2626//2599 2628//2602 2629//2603 2627//2601
f 2626//2599 2605//2582 2607//2583 2628//2602
f 2626//2599 2624//2599 2601//2578 2605//2582
f 2630//2604 2631//2605 2629//2603 2628//2602
f 2630//2604 2632//2606 2633//2607 2631//2605
f 2630//2604 2611//2586 2613//2588 2632//2606
f 2630//2604 2628//2602 2607//2583 2611//2586
f 2634//2608 2635//2609 2636//2610 2637//2611
f 2634//2608 2638//2612 2639//2613 2635//2609
f 2634//2608 2617//2592 2621//2596 2638//2612
f 2634//2608 2637//2611 2618//2593 2617//2592
f 2640//2614 2641//2615 2639//2613 2638//2612
f 2640//2614 2642//2616 2643//2617 2641//2615
f 2640//2614 2623//2598 2625//2600 2642//2616
f 2640//2614 2638//2612 2621//2596 2623//2598
f 2644//2618 2645//2619 2643//2617 2642//2616
f 2644//2618 2646//2620 2647//2621 2645//2619
f 2644//2618 2627//2601 2629//2603 2646//2620
f 2644//2618 2642//2616 2625//2600 2627//2601
f 2648//2622 2649//2623 2647//2621 2646//2620
f 2648//2622 2650//2624 2651//2625 2649//2623
f 2648//2622 2631//2605 2633//2607 2650//2624
f 2648//2622 2646//2620 2629//2603 2631//2605
f 2652//2626 2653//2627 2654//2628 2655//2629
f 2652//2626 2656//2630 2657//2631 2653//2627
f 2652//2626 2635//2609 2639//2613 2656//2630
f 2652//2626 2655//2629 2636//2610 2635//2609
f 2658//2632 2659//2633 2657//2631 2656//2630
f 2658//2632 2660//2634 2661//2635 2659//2633
f 2658//2632 2641//2615 2643//2617 2660//2634
f 2658//2632 2656//2630 2639//2613 2641//2615
f 2662//2636 2663//2637 2661//2635 2660//2634
f 2662//2636 2664//2638 2665//2639 2663//2637
f 2662//2636 2645//2619 2647//2621 2664//2638
f 2662//2636 2660//2634 2643//2617 2645//2619
f 2666//2640 2667//2641 2665//2639 2664//2638
f 2666//2640 2668//2642 2669//2643 2667//2641
f 2666//2640 2649//2623 2651//2625 2668//2642
f 2666//2640 2664//2638 2647//2621 2649//2623
f 2670//2644 2671//2645 2672//2646 2673//2647
f 2670//2644 2674//2648 2675//2649 2671//2645
f 2670//2644 2653//2627 2657//2631 2674//2648
f 2670//2644 2673//2647 2654//2628 2653//2627
f 2676//2650 2677//2651 2675//2649 2674//2648
f 2676//2650 2678//2652 2679//2653 2677//2651
f 2676//2650 2659//2633 2661//2635 2678//2652
f 2676//2650 2674//2648 2657//2631 2659//2633
f 2680//2654 2681//2653 2679//2653 2678//2652
f 2680//2654 2682//2655 2683//2656 2681//2653
f 2680//2654 2663//2637 2665//2639 2682//2655
f 2680//2654 2678//2652 2661//2635 2663//2637
f 2684//2657 2685//2658 2683//2656 2682//2655
f 2684//2657 2686//2659 2687//2660 2685//2658
f 2684//2657 2667//2641 2669//2643 2686//2659
f 2684//2657 2682//2655 2665//2639 2667//2641
f 2688//2661 2689//2662 2690//2663 2691//2664
f 2688//2661 2692//2665 2693//2666 2689//2662
f 2688//2661 2694//2667 2695//2668 2692//2665
f 2688//2661 2691//2664 2696//2669 2694//2667
f 2697//2670 2698//2671 2693//2666 2692//2665
f 2697//2670 2699//2672 2700//2673 2698//2671
f 2697//2670 2701//2674 2702//2674 2699//2672
f 2697//2670 2692//2665 2695//2668 2701//2674
f 2703//2675 2704//2671 2700//2673 2699//2672
f 2703//2675 2705//2676 2706//2677 2704//2671
f 2703//2675 2707//2674 2708//2678 2705//2676
f 2703//2675 2699//2672 2702//2674 2707//2674
f 2709//2679 2710//2680 2706//2677 2705//2676
f 2709//2679 2711//2681 2712//2682 2710//2680
f 2709//2679 2713//2683 2714//2684 2711//2681
f 2709//2679 2705//2676 2708//2678 2713//2683
f 2715//2685 2694//2667 2696//2669 2716//2686
f 2715//2685 2717//2687 2695//2668 2694//2667
f 2715//2685 2671//2645 2675//2649 2717//2687
f 2715//2685 2716//2686 2672//2646 2671//2645
f 2718//2688 2701//2674 2695//2668 2717//2687
f 2718//2688 2719//2688 2702//2674 2701//2674
f 2718//2688 2677//2651 2679//2653 2719//2688
f 2718//2688 2717//2687 2675//2649 2677//2651
f 2720//2688 2707//2674 2702//2674 2719//2688
f 2720//2688 2721//2687 2708//2678 2707//2674
f 2720//2688 2681//2653 2683//2656 2721//2687
f 2720//2688 2719//2688 2679//2653 2681//2653
f 2722//2689 2713//2683 2708//2678 2721//2687
f 2722//2689 2723//2690 2714//2684 2713//2683
f 2722//2689 2685//2658 2687//2660 2723//2690
f 2722//2689 2721//2687 2683//2656 2685//2658
f 2724//2691 2725//2692 2726//2693 2727//2694
f 2724//2691 2728//2695 2729//2696 2725//2692
f 2724//2691 2689//2662 2693//2666 2728//2695
f 2724//2691 2727//2694 2690//2663 2689//2662
f 2730//2697 2731//2698 2729//2696 2728//2695
f 2730//2697 2732//2699 2733//2698 2731//2698
f 2730//2697 2698//2671 2700//2673 2732//2699
f 2730//2697 2728//2695 2693//2666 2698//2671
f 2734//2700 2735//2701 2733//2698 2732//2699
f 2734//2700 2736//2702 2737//2703 2735//2701
f 2734//2700 2704//2671 2706//2677 2736//2702
f 2734//2700 2732//2699 2700//2673 2704//2671
f 2738//2704 2739//2705 2737//2703 2736//2702
f 2738//2704 2740//2706 2741//2707 2739//2705
f 2738//2704 2710//2680 2712//2682 2740//2706
f 2738//2704 2736//2702 2706//2677 2710//2680
f 2742//2708 2743//2709 2744//2710 2745//2711
f 2742//2708 2746//2712 2747//2713 2743//2709
f 2742//2708 2725//2692 2729//2696 2746//2712
f 2742//2708 2745//2711 2726//2693 2725//2692
f 2748//2714 2749//2715 2747//2713 2746//2712
f 2748//2714 2750//2716 2751//2717 2749//2715
f 2748//2714 2731//2698 2733//2698 2750//2716
f 2748//2714 2746//2712 2729//2696 2731//2698
f 2752//2718 2753//2719 2751//2717 2750//2716
f 2752//2718 2754//2720 2755//2721 2753//2719
f 2752//2718 2735//2701 2737//2703 2754//2720
f 2752//2718 2750//2716 2733//2698 2735//2701
f 2756//2722 2757//2723 2755//2721 2754//2720
f 2756//2722 2758//2724 2759//2725 2757//2723
f 2756//2722 2739//2705 2741//2707 2758//2724
f 2756//2722 2754//2720 2737//2703 2739//2705
f 2760//2726 2761//2727 2762//2728 2763//2729
f 2760//2726 2764//2730 2765//2731 2761//2727
f 2760//2726 2743//2709 2747//2713 2764//2730
f 2760//2726 2763//2729 2744//2710 2743//2709
f 2766//2732 2767//2733 2765//2731 2764//2730
f 2766//2732 2768//2734 2769//2735 2767//2733
f 2766//2732 2749//2715 2751//2717 2768//2734
f 2766//2732 2764//2730 2747//2713 2749//2715
f 2770//2736 2771//2737 2769//2735 2768//2734
f 2770//2736 2772//2738 2773//2739 2771//2737
f 2770//2736 2753//2719 2755//2721 2772//2738
f 2770//2736 2768//2734 2751//2717 2753//2719
f 2774//2740 2775//2741 2773//2739 2772//2738
f 2774//2740 2776//2742 2777//2743 2775//2741
f 2774//2740 2757//2723 2759//2725 2776//2742
f 2774//2740 2772//2738 2755//2721 2757//2723
f 2778//2744 2779//2745 2780//2746 2781//2747
f 2778//2744 2782//2748 2783//2749 2779//2745
f 2778//2744 2761//2727 2765//2731 2782//2748
f 2778//2744 2781//2747 2762//2728 2761//2727
f 2784//2750 2785//2751 2783//2749 2782//2748
f 2784//2750 2786//2752 2787//2753 2785//2751
f 2784//2750 2767//2733 2769//2735 2786//2752
f 2784//2750 2782//2748 2765//2731 2767//2733
f 2788//2754 2789//2755 2787//2753 2786//2752
f 2788//2754 2790//2756 2791//2757 2789//2755
f 2788//2754 2771//2737 2773//2739 2790//2756
f 2788//2754 2786//2752 2769//2735 2771//2737
f 2792//2758 2793//2759 2791//2757 2790//2756
f 2792//2758 2794//2760 2795//2761 2793//2759
f 2792//2758 2775//2741 2777//2743 2794//2760
f 2792//2758 2790//2756 2773//2739 2775//2741
f 2796//2762 2797//2763 2798//2764 2799//2765
f 2796//2762 2800//2766 2801//2767 2797//2763
f 2796//2762 2779//2745 2783//2749 2800//2766
f 2796//2762 2799//2765 2780//2746 2779//2745
f 2802//2768 2803//2769 2801//2767 2800//2766
f 2802//2768 2804//2770 2805//2771 2803//2769
f 2802//2768 2785//2751 2787//2753 2804//2770
f 2802//2768 2800//2766 2783//2749 2785//2751
f 2806//2772 2807//2773 2805//2771 2804//2770
f 2806//2772 2808//2774 2809//2775 2807//2773
f 2806//2772 2789//2755 2791//2757 2808//2774
f 2806//2772 2804//2770 2787//2753 2789//2755
f 2810//2776 2811//2777 2809//2775 2808//2774
f 2810//2776 2812//2778 2813//2779 2811//2777
f 2810//2776 2793//2759 2795//2761 2812//2778
f 2810//2776 2808//2774 2791//2757 2793//2759
f 2814//2780 826//810 825//809 2815//2781
f 2814//2780 2816//2782 827//811 826//810
f 2814//2780 2817//2783 2818//2784 2816//2782
f 2814//2780 2815//2781 2819//2785 2817//2783
f 2820//2786 833//817 827//811 2816//2782
f 2820//2786 2821//2787 834//818 833//817
f 2820//2786 2822//2788 2823//2789 2821//2787
f 2820//2786 2816//2782 2818//2784 2822//2788
f 2824//2790 839//823 834//818 2821//2787
f 2824//2790 2825//2791 840//824 839//823
f 2824//2790 2826//2792 2827//2793 2825//2791
f 2824//2790 2821//2787 2823//2789 2826//2792
f 2828//2794 845//829 840//824 2825//2791
f 2828//2794 2829//2795 846//830 845//829
f 2828//2794 2830//2796 2831//2797 2829//2795
f 2828//2794 2825//2791 2827//2793 2830//2796
f 2832//2798 2817//2783 2819//2785 2833//2799
f 2832//2798 2834//2800 2818//2784 2817//2783
f 2832//2798 2797//2763 2801//2767 2834//2800
f 2832//2798 2833//2799 2798//2764 2797//2763
f 2835//2801 2822//2788 2818//2784 2834//2800
f 2835//2801 2836//2802 2823//2789 2822//2788
f 2835//2801 2803//2769 2805//2771 2836//2802
f 2835//2801 2834//2800 2801//2767 2803//2769
f 2837//2803 2826//2792 2823//2789 2836//2802
f 2837//2803 2838//2804 2827//2793 2826//2792
f 2837//2803 2807//2773 2809//2775 2838//2804
f 2837//2803 2836//2802 2805//2771 2807//2773
f 2839//2805 2830//2796 2827//2793 2838//2804
f 2839//2805 2840//2806 2831//2797 2830//2796
f 2839//2805 2811//2777 2813//2779 2840//2806
f 2839//2805 2838//2804 2809//2775 2811//2777
f 2841//2807 2842//2808 2279//2259 2843//2809
f 2841//2807 2844//2810 2845//2811 2842//2808
f 2841//2807 2572//2552 2576//2556 2844//2810
f 2841//2807 2843//2809 2573//2553 2572//2552
f 2846//2812 2847//2813 2354//2334 2848//2814
f 2846//2812 2849//2815 2850//2816 2847//2813
f 2846//2812 2851//2817 2852//2818 2849//2815
f 2846//2812 2848//2814 2853//2819 2851//2817
f 2854//2820 2855//2816 2850//2816 2849//2815
f 2854//2820 2856//2821 2857//2822 2855//2816
f 2854//2820 2858//2823 2859//2824 2856//2821
f 2854//2820 2849//2815 2852//2818 2858//2823
f 2860//2825 2861//2826 2857//2822 2856//2821
f 2860//2825 2862//2827 2863//2828 2861//2826
f 2860//2825 2864//2829 2865//2830 2862//2827
f 2860//2825 2856//2821 2859//2824 2864//2829
f 2866//2831 2867//2832 2863//2828 2862//2827
f 2866//2831 2868//2833 2869//2834 2867//2832
f 2866//2831 2870//2835 2871//2836 2868//2833
f 2866//2831 2862//2827 2865//2830 2870//2835
f 2872//2837 2577//2557 2579//2559 2873//2838
f 2872//2837 2874//2839 2578//2558 2577//2557
f 2872//2837 2557//2537 2561//2541 2874//2839
f 2872//2837 2873//2838 2558//2538 2557//2537
f 2875//2840 2876//2841 2352//2332 2351//2331
f 2875//2840 2877//2842 2878//2843 2876//2841
f 2875//2840 2847//2813 2850//2816 2877//2842
f 2875//2840 2351//2331 2354//2334 2847//2813
f 2879//2844 2880//2845 2878//2843 2877//2842
f 2879//2844 2881//2846 2882//2847 2880//2845
f 2879//2844 2855//2816 2857//2822 2881//2846
f 2879//2844 2877//2842 2850//2816 2855//2816
f 2883//2848 2884//2849 2882//2847 2881//2846
f 2883//2848 2885//2850 2886//2851 2884//2849
f 2883//2848 2861//2826 2863//2828 2885//2850
f 2883//2848 2881//2846 2857//2822 2861//2826
f 2887//2852 2888//2853 2886//2851 2885//2850
f 2887//2852 2889//2854 2890//2855 2888//2853
f 2887//2852 2867//2832 2869//2834 2889//2854
f 2887//2852 2885//2850 2863//2828 2867//2832
f 2891//2856 2529//2509 2531//2511 2892//2857
f 2891//2856 2893//2858 2530//2510 2529//2509
f 2891//2856 2488//2468 2492//2472 2893//2858
f 2891//2856 2892//2857 2489//2469 2488//2468
f 2894//2859 2895//2860 2452//2432 2451//2431
f 2894//2859 2896//2861 2897//2862 2895//2860
f 2894//2859 2898//2863 2899//2864 2896//2861
f 2894//2859 2451//2431 2454//2434 2898//2863
f 2900//2865 2901//2866 2897//2862 2896//2861
f 2900//2865 2902//2867 2903//2868 2901//2866
f 2900//2865 2904//2869 2905//2870 2902//2867
f 2900//2865 2896//2861 2899//2864 2904//2869
f 2906//2871 2907//2872 2903//2868 2902//2867
f 2906//2871 2908//2873 2909//2874 2907//2872
f 2906//2871 2910//2869 2911//2875 2908//2873
f 2906//2871 2902//2867 2905//2870 2910//2869
f 2912//2876 2913//2877 2909//2874 2908//2873
f 2912//2876 2914//2878 2915//2879 2913//2877
f 2912//2876 2916//2880 2917//2881 2914//2878
f 2912//2876 2908//2873 2911//2875 2916//2880
f 2918//2882 2562//2542 2564//2544 2919//2883
f 2918//2882 2920//2884 2563//2543 2562//2542
f 2918//2882 2524//2504 2528//2508 2920//2884
f 2918//2882 2919//2883 2525//2505 2524//2504
f 2921//2885 2898//2863 2454//2434 2922//2886
f 2921//2885 2923//2887 2899//2864 2898//2863
f 2921//2885 2876//2841 2878//2843 2923//2887
f 2921//2885 2922//2886 2352//2332 2876//2841
f 2924//2888 2904//2869 2899//2864 2923//2887
f 2924//2888 2925//2889 2905//2870 2904//2869
f 2924//2888 2880//2845 2882//2847 2925//2889
f 2924//2888 2923//2887 2878//2843 2880//2845
f 2926//2890 2910//2869 2905//2870 2925//2889
f 2926//2890 2927//2891 2911//2875 2910//2869
f 2926//2890 2884//2849 2886//2851 2927//2891
f 2926//2890 2925//2889 2882//2847 2884//2849
f 2928//2892 2916//2880 2911//2875 2927//2891
f 2928//2892 2929//2893 2917//2881 2916//2880
f 2928//2892 2888//2853 2890//2855 2929//2893
f 2928//2892 2927//2891 2886//2851 2888//2853
f 2930//2894 2493//2473 2495//2475 2931//2895
f 2930//2894 2932//2896 2494//2474 2493//2473
f 2930//2894 2448//2428 2452//2432 2932//2896
f 2930//2894 2931//2895 2449//2429 2448//2428
f 2933//2897 2934//2898 2494//2474 2932//2896
f 2933//2897 2935//2899 2936//2900 2934//2898
f 2933//2897 2895//2860 2897//2862 2935//2899
f 2933//2897 2932//2896 2452//2432 2895//2860
f 2937//2901 2938//2902 2936//2900 2935//2899
f 2937//2901 2939//2903 2940//2904 2938//2902
f 2937//2901 2901//2866 2903//2868 2939//2903
f 2937//2901 2935//2899 2897//2862 2901//2866
f 2941//2905 2942//2906 2940//2904 2939//2903
f 2941//2905 2943//2907 2944//2908 2942//2906
f 2941//2905 2907//2872 2909//2874 2943//2907
f 2941//2905 2939//2903 2903//2868 2907//2872
f 2945//2909 2946//2910 2944//2908 2943//2907
f 2945//2909 2947//2911 2948//2912 2946//2910
f 2945//2909 2913//2877 2915//2879 2947//2911
f 2945//2909 2943//2907 2909//2874 2913//2877
f 2949//2913 2453//2433 2455//2435 2950//2914
f 2949//2913 2922//2886 2454//2434 2453//2433
f 2949//2913 2348//2328 2352//2332 2922//2886
f 2949//2913 2950//2914 2349//2329 2348//2328
f 2951//2915 2952//2916 2492//2472 2491//2471
f 2951//2915 2953//2917 2954//2918 2952//2916
f 2951//2915 2934//2898 2936//2900 2953//2917
f 2951//2915 2491//2471 2494//2474 2934//2898
f 2955//2919 2956//2920 2954//2918 2953//2917
f 2955//2919 2957//2921 2958//2922 2956//2920
f 2955//2919 2938//2902 2940//2904 2957//2921
f 2955//2919 2953//2917 2936//2900 2938//2902
f 2959//2923 2960//2924 2958//2922 2957//2921
f 2959//2923 2961//2925 2962//2926 2960//2924
f 2959//2923 2942//2906 2944//2908 2961//2925
f 2959//2923 2957//2921 2940//2904 2942//2906
f 2963//2927 2964//2928 2962//2926 2961//2925
f 2963//2927 2965//2929 2584//2564 2964//2928
f 2963//2927 2946//2910 2948//2912 2965//2929
f 2963//2927 2961//2925 2944//2908 2946//2910
f 2966//2930 2353//2333 2355//2335 2967//2931
f 2966//2930 2848//2814 2354//2334 2353//2333
f 2966//2930 2968//2932 2853//2819 2848//2814
f 2966//2930 2967//2931 2969//2933 2968//2932
f 2970//2934 2971//2935 2530//2510 2893//2858
f 2970//2934 2972//2936 2973//2937 2971//2935
f 2970//2934 2952//2916 2954//2918 2972//2936
f 2970//2934 2893//2858 2492//2472 2952//2916
f 2974//2938 2975//2939 2973//2937 2972//2936
f 2974//2938 2976//2940 2977//2941 2975//2939
f 2974//2938 2956//2920 2958//2922 2976//2940
f 2974//2938 2972//2936 2954//2918 2956//2920
f 2978//2942 2979//2943 2977//2941 2976//2940
f 2978//2942 2980//2944 2981//2945 2979//2943
f 2978//2942 2960//2924 2962//2926 2980//2944
f 2978//2942 2976//2940 2958//2922 2960//2924
f 2982//2946 2983//2947 2981//2945 2980//2944
f 2982//2946 2583//2563 2546//2526 2983//2947
f 2982//2946 2964//2928 2584//2564 2583//2563
f 2982//2946 2980//2944 2962//2926 2964//2928
f 2984//2948 2985//2949 2319//2299 2318//2298
f 2984//2948 2276//2256 2012//1992 2985//2949
f 2984//2948 2986//2950 2280//2260 2276//2256
f 2984//2948 2318//2298 2321//2301 2986//2950
f 2987//2951 2988//2952 2528//2508 2527//2507
f 2987//2951 2989//2953 2990//2954 2988//2952
f 2987//2951 2971//2935 2973//2937 2989//2953
f 2987//2951 2527//2507 2530//2510 2971//2935
f 2991//2955 2992//2956 2990//2954 2989//2953
f 2991//2955 2993//2957 2994//2958 2992//2956
f 2991//2955 2975//2939 2977//2941 2993//2957
f 2991//2955 2989//2953 2973//2937 2975//2939
f 2995//2959 2996//2960 2994//2958 2993//2957
f 2995//2959 2997//2961 2998//2962 2996//2960
f 2995//2959 2979//2943 2981//2945 2997//2961
f 2995//2959 2993//2957 2977//2941 2979//2943
f 2999//2963 3000//2964 2998//2962 2997//2961
f 2999//2963 2545//2525 2548//2528 3000//2964
f 2999//2963 2983//2947 2546//2526 2545//2525
f 2999//2963 2997//2961 2981//2945 2983//2947
f 3001//2965 2161//2141 2163//2143 3002//2966
f 3001//2965 2292//2272 2162//2142 2161//2141
f 3001//2965 3003//2967 2296//2276 2292//2272
f 3001//2965 3002//2966 2015//1995 3003//2967
f 3004//2968 3005//2969 2563//2543 2920//2884
f 3004//2968 3006//2970 3007//2971 3005//2969
f 3004//2968 2988//2952 2990//2954 3006//2970
f 3004//2968 2920//2884 2528//2508 2988//2952
f 3008//2972 3009//2973 3007//2971 3006//2970
f 3008//2972 3010//2974 3011//2975 3009//2973
f 3008//2972 2992//2956 2994//2958 3010//2974
f 3008//2972 3006//2970 2990//2954 2992//2956
f 3012//2976 3013//2977 3011//2975 3010//2974
f 3012//2976 3014//2978 3015//2979 3013//2977
f 3012//2976 2996//2960 2998//2962 3014//2978
f 3012//2976 3010//2974 2994//2958 2996//2960
f 3016//2980 3017//2981 3015//2979 3014//2978
f 3016//2980 2567//2547 2509//2489 3017//2981
f 3016//2980 3000//2964 2548//2528 2567//2547
f 3016//2980 3014//2978 2998//2962 3000//2964
f 3018//2982 3019//2983 2294//2274 2293//2273
f 3018//2982 3020//2984 3021//2985 3019//2983
f 3018//2982 2005//1985 2009//1989 3020//2984
f 3018//2982 2293//2273 2006//1986 2005//1985
f 3022//2986 3023//2987 2561//2541 2560//2540
f 3022//2986 3024//2988 3025//2989 3023//2987
f 3022//2986 3005//2969 3007//2971 3024//2988
f 3022//2986 2560//2540 2563//2543 3005//2969
f 3026//2990 3027//2991 3025//2989 3024//2988
f 3026//2990 3028//2992 3029//2993 3027//2991
f 3026//2990 3009//2973 3011//2975 3028//2992
f 3026//2990 3024//2988 3007//2971 3009//2973
f 3030//2992 3031//2994 3029//2993 3028//2992
f 3030//2992 3032//2995 3033//2996 3031//2994
f 3030//2992 3013//2977 3015//2979 3032//2995
f 3030//2992 3028//2992 3011//2975 3013//2977
f 3034//2997 3035//2998 3033//2996 3032//2995
f 3034//2997 2508//2488 2511//2491 3035//2998
f 3034//2997 3017//2981 2509//2489 2508//2488
f 3034//2997 3032//2995 3015//2979 3017//2981
f 3036//2999 3037//3000 3038//3001 3039//3002
f 3036//2999 2199//2179 2198//2178 3037//3000
f 3036//2999 2265//2245 2204//2184 2199//2179
f 3036//2999 3039//3002 2266//2246 2265//2245
f 3040//3003 3041//3004 2576//2556 2575//2555
f 3040//3003 3042//3005 3043//3006 3041//3004
f 3040//3003 3044//3007 3045//3008 3042//3005
f 3040//3003 2575//2555 2578//2558 3044//3007
f 3046//3009 3047//3010 3043//3006 3042//3005
f 3046//3009 3048//3011 3049//3012 3047//3010
f 3046//3009 3050//3013 3051//3014 3048//3011
f 3046//3009 3042//3005 3045//3008 3050//3013
f 3052//3015 3053//3016 3049//3012 3048//3011
f 3052//3015 3054//3017 3055//3018 3053//3016
f 3052//3015 3056//3019 3057//3020 3054//3017
f 3052//3015 3048//3011 3051//3014 3056//3019
f 3058//3021 3059//3022 3055//3018 3054//3017
f 3058//3021 2460//2440 2430//2410 3059//3022
f 3058//3021 3060//3023 2461//2441 2460//2440
f 3058//3021 3054//3017 3057//3020 3060//3023
f 3061//3024 2202//2182 2204//2184 2268//2248
f 3061//3024 2235//2215 2203//2183 2202//2182
f 3061//3024 3062//3025 2240//2220 2235//2215
f 3061//3024 2268//2248 2160//2140 3062//3025
f 3063//3026 3044//3007 2578//2558 2874//2839
f 3063//3026 3064//3027 3045//3008 3044//3007
f 3063//3026 3023//2987 3025//2989 3064//3027
f 3063//3026 2874//2839 2561//2541 3023//2987
f 3065//3028 3050//3013 3045//3008 3064//3027
f 3065//3028 3066//3029 3051//3014 3050//3013
f 3065//3028 3027//2991 3029//2993 3066//3029
f 3065//3028 3064//3027 3025//2989 3027//2991
f 3067//3030 3056//3019 3051//3014 3066//3029
f 3067//3030 3068//3031 3057//3020 3056//3019
f 3067//3030 3031//2994 3033//2996 3068//3031
f 3067//3030 3066//3029 3029//2993 3031//2994
f 3069//3032 3060//3023 3057//3020 3068//3031
f 3069//3032 2534//2514 2461//2441 3060//3023
f 3069//3032 3035//2998 2511//2491 2534//2514
f 3069//3032 3068//3031 3033//2996 3035//2998
f 3070//3033 3071//3034 2201//2181 2200//2180
f 3070//3033 3072//3035 3073//3036 3071//3034
f 3070//3033 2234//2214 2237//2217 3072//3035
f 3070//3033 2200//2180 2203//2183 2234//2214
f 3074//3037 3075//3038 2845//2811 2844//2810
f 3074//3037 3076//3039 3077//3040 3075//3038
f 3074//3037 3041//3004 3043//3006 3076//3039
f 3074//3037 2844//2810 2576//2556 3041//3004
f 3078//3041 3079//3042 3077//3040 3076//3039
f 3078//3041 3080//3043 3081//3044 3079//3042
f 3078//3041 3047//3010 3049//3012 3080//3043
f 3078//3041 3076//3039 3043//3006 3047//3010
f 3082//3045 3083//3046 3081//3044 3080//3043
f 3082//3045 3084//3047 3085//3048 3083//3046
f 3082//3045 3053//3016 3055//3018 3084//3047
f 3082//3045 3080//3043 3049//3012 3053//3016
f 3086//3049 3087//3050 3085//3048 3084//3047
f 3086//3049 2429//2409 2432//2412 3087//3050
f 3086//3049 3059//3022 2430//2410 2429//2409
f 3086//3049 3084//3047 3055//3018 3059//3022
f 3088//3051 2295//2275 2296//2276 3089//3052
f 3088//3051 2007//1987 2006//1986 2295//2275
f 3088//3051 2985//2949 2012//1992 2007//1987
f 3088//3051 3089//3052 2319//2299 2985//2949
f 3090//3053 3091//3054 3092//3055 3093//3056
f 3090//3053 3094//3057 3095//3058 3091//3054
f 3090//3053 3075//3038 3077//3040 3094//3057
f 3090//3053 3093//3056 2845//2811 3075//3038
f 3096//3059 3097//3060 3095//3058 3094//3057
f 3096//3059 3098//3061 3099//3062 3097//3060
f 3096//3059 3079//3042 3081//3044 3098//3061
f 3096//3059 3094//3057 3077//3040 3079//3042
f 3100//3063 3101//3064 3099//3062 3098//3061
f 3100//3063 3102//3065 3103//3066 3101//3064
f 3100//3063 3083//3046 3085//3048 3102//3065
f 3100//3063 3098//3061 3081//3044 3083//3046
f 3104//3067 3105//3068 3103//3066 3102//3065
f 3104//3067 2482//2462 2391//2371 3105//3068
f 3104//3067 3087//3050 2432//2412 2482//2462
f 3104//3067 3102//3065 3085//3048 3087//3050
f 3106//3069 3062//3025 2160//2140 2159//2139
f 3106//3069 3107//3070 2240//2220 3062//3025
f 3106//3069 2291//2271 2294//2274 3107//3070
f 3106//3069 2159//2139 2162//2142 2291//2271
f 3108//3071 3109//3072 3110//3073 3111//3074
f 3108//3071 3112//3075 3113//3076 3109//3072
f 3108//3071 3114//3077 3115//3078 3112//3075
f 3108//3071 3111//3074 3116//3079 3114//3077
f 3117//3080 3114//3077 3116//3079 3118//3081
f 3117//3080 3119//3082 3115//3078 3114//3077
f 3117//3080 3120//3083 3121//3084 3119//3082
f 3117//3080 3118//3081 3122//3085 3120//3083
f 3123//3086 3120//3083 3122//3085 3124//3087
f 3123//3086 3125//3088 3121//3084 3120//3083
f 3123//3086 3126//3089 3127//3090 3125//3088
f 3123//3086 3124//3087 3128//3091 3126//3089
f 3129//3092 3126//3089 3128//3091 3130//3093
f 3129//3092 3131//3094 3127//3090 3126//3089
f 3129//3092 2311//2291 2314//2294 3131//3094
f 3129//3092 3130//3093 2312//2292 2311//2291
f 3132//3095 3133//3096 3103//3066 3105//3068
f 3132//3095 3134//3097 3135//3098 3133//3096
f 3132//3095 2390//2370 2393//2373 3134//3097
f 3132//3095 3105//3068 2391//2371 2390//2370
f 3136//3099 3137//3100 3135//3098 3134//3097
f 3136//3099 3138//3101 3139//3102 3137//3100
f 3136//3099 2442//2422 2343//2323 3138//3101
f 3136//3099 3134//3097 2393//2373 2442//2422
f 3140//3103 3141//3104 3139//3102 3138//3101
f 3140//3103 3142//3105 3143//3106 3141//3104
f 3140//3103 2342//2322 2345//2325 3142//3105
f 3140//3103 3138//3101 2343//2323 2342//2322
f 3144//3107 3145//3108 3143//3106 3142//3105
f 3144//3107 3130//3093 3128//3091 3145//3108
f 3144//3107 2408//2388 2312//2292 3130//3093
f 3144//3107 3142//3105 2345//2325 2408//2388
f 3146//3109 3147//3110 3099//3062 3101//3064
f 3146//3109 3148//3111 3149//3112 3147//3110
f 3146//3109 3133//3096 3135//3098 3148//3111
f 3146//3109 3101//3064 3103//3066 3133//3096
f 3150//3113 3151//3114 3149//3112 3148//3111
f 3150//3113 3152//3115 3153//3116 3151//3114
f 3150//3113 3137//3100 3139//3102 3152//3115
f 3150//3113 3148//3111 3135//3098 3137//3100
f 3154//3117 3155//3118 3153//3116 3152//3115
f 3154//3117 3156//3119 3157//3120 3155//3118
f 3154//3117 3141//3104 3143//3106 3156//3119
f 3154//3117 3152//3115 3139//3102 3141//3104
f 3158//3121 3159//3122 3157//3120 3156//3119
f 3158//3121 3124//3087 3122//3085 3159//3122
f 3158//3121 3145//3108 3128//3091 3124//3087
f 3158//3121 3156//3119 3143//3106 3145//3108
f 3160//3123 3161//3124 3095//3058 3097//3060
f 3160//3123 3162//3125 3163//3126 3161//3124
f 3160//3123 3147//3110 3149//3112 3162//3125
f 3160//3123 3097//3060 3099//3062 3147//3110
f 3164//3127 3165//3128 3163//3126 3162//3125
f 3164//3127 3166//3129 3167//3130 3165//3128
f 3164//3127 3151//3114 3153//3116 3166//3129
f 3164//3127 3162//3125 3149//3112 3151//3114
f 3168//3131 3169//3132 3167//3130 3166//3129
f 3168//3131 3170//3133 3171//3134 3169//3132
f 3168//3131 3155//3118 3157//3120 3170//3133
f 3168//3131 3166//3129 3153//3116 3155//3118
f 3172//3135 3173//3136 3171//3134 3170//3133
f 3172//3135 3118//3081 3116//3079 3173//3136
f 3172//3135 3159//3122 3122//3085 3118//3081
f 3172//3135 3170//3133 3157//3120 3159//3122
f 3174//3137 3175//3138 3092//3055 3091//3054
f 3174//3137 3176//3139 3177//3140 3175//3138
f 3174//3137 3161//3124 3163//3126 3176//3139
f 3174//3137 3091//3054 3095//3058 3161//3124
f 3178//3141 3179//3142 3177//3140 3176//3139
f 3178//3141 3180//3143 3181//3144 3179//3142
f 3178//3141 3165//3128 3167//3130 3180//3143
f 3178//3141 3176//3139 3163//3126 3165//3128
f 3182//3145 3183//3146 3181//3144 3180//3143
f 3182//3145 3184//3147 3185//3148 3183//3146
f 3182//3145 3169//3132 3171//3134 3184//3147
f 3182//3145 3180//3143 3167//3130 3169//3132
f 3186//3149 3187//3150 3185//3148 3184//3147
f 3186//3149 3111//3074 3110//3073 3187//3150
f 3186//3149 3173//3136 3116//3079 3111//3074
f 3186//3149 3184//3147 3171//3134 3173//3136
f 3188//3151 3003//2967 2015//1995 2014//1994
f 3188//3151 3089//3052 2296//2276 3003//2967
f 3188//3151 2317//2297 2319//2299 3089//3052
f 3188//3151 2014//1994 2018//1998 2317//2297
f 3189//3152 3190//3153 2009//1989 2008//1988
f 3189//3152 3175//3138 3177//3140 3190//3153
f 3189//3152 3191//3154 3092//3055 3175//3138
f 3189//3152 2008//1988 2011//1991 3191//3154
f 3192//3155 3193//3156 2239//2219 3194//3157
f 3192//3155 3183//3146 3185//3148 3193//3156
f 3192//3155 3195//3158 3181//3144 3183//3146
f 3192//3155 3194//3157 3021//2985 3195//3158
f 3196//3159 3197//3160 3073//3036 3072//3035
f 3196//3159 3109//3072 3113//3076 3197//3160
f 3196//3159 3198//3161 3110//3073 3109//3072
f 3196//3159 3072//3035 2237//2217 3198//3161
f 3199//3162 3200//3163 3201//3164 3202//3165
f 3199//3162 3203//3166 3204//3167 3200//3163
f 3199//3162 1224//1205 1223//1204 3203//3166
f 3199//3162 3202//3165 1225//1206 1224//1205
f 3205//3168 3206//3169 3204//3167 3203//3166
f 3205//3168 3207//3170 3208//3171 3206//3169
f 3205//3168 1231//1212 1230//1211 3207//3170
f 3205//3168 3203//3166 1223//1204 1231//1212
f 3209//3172 3210//3173 3208//3171 3207//3170
f 3209//3172 2050//2030 2048//2028 3210//3173
f 3209//3172 1234//1215 60//60 2050//2030
f 3209//3172 3207//3170 1230//1211 1234//1215
f 3211//3174 3212//3175 2114//2094 2120//2100
f 3211//3174 3213//3176 3214//3177 3212//3175
f 3211//3174 3215//3178 3201//3164 3213//3176
f 3211//3174 2120//2100 2122//2102 3215//3178
f 3216//3179 3217//3180 3214//3177 3213//3176
f 3216//3179 3218//3181 3219//3182 3217//3180
f 3216//3179 3200//3163 3204//3167 3218//3181
f 3216//3179 3213//3176 3201//3164 3200//3163
f 3220//3183 3221//3184 3219//3182 3218//3181
f 3220//3183 3222//3185 3223//3186 3221//3184
f 3220//3183 3206//3169 3208//3171 3222//3185
f 3220//3183 3218//3181 3204//3167 3206//3169
f 3224//3187 3225//3188 3223//3186 3222//3185
f 3224//3187 2044//2024 2042//2022 3225//3188
f 3224//3187 3210//3173 2048//2028 2044//2024
f 3224//3187 3222//3185 3208//3171 3210//3173
f 3226//3189 3227//3190 2111//2091 2110//2090
f 3226//3189 3228//3191 3229//3192 3227//3190
f 3226//3189 3212//3175 3214//3177 3228//3191
f 3226//3189 2110//2090 2114//2094 3212//3175
f 3230//3193 3231//3194 3229//3192 3228//3191
f 3230//3193 3232//3195 3233//3196 3231//3194
f 3230//3193 3217//3180 3219//3182 3232//3195
f 3230//3193 3228//3191 3214//3177 3217//3180
f 3234//3197 3235//3198 3233//3196 3232//3195
f 3234//3197 3236//3199 3237//3200 3235//3198
f 3234//3197 3221//3184 3223//3186 3236//3199
f 3234//3197 3232//3195 3219//3182 3221//3184
f 3238//3201 3239//3202 3237//3200 3236//3199
f 3238//3201 2037//2017 2036//2016 3239//3202
f 3238//3201 3225//3188 2042//2022 2037//2017
f 3238//3201 3236//3199 3223//3186 3225//3188
f 3240//3203 2257//2237 2102//2082 2101//2081
f 3240//3203 2064//2044 2063//2043 2257//2237
f 3240//3203 2242//2222 2069//2049 2064//2044
f 3240//3203 2101//2081 2104//2084 2242//2222
f 3241//3204 3242//3205 2066//2046 2065//2045
f 3241//3204 2947//2911 2915//2879 3242//3205
f 3241//3204 3243//3206 2948//2912 2947//2911
f 3241//3204 2065//2045 2068//2048 3243//3206
f 3244//3207 3245//3208 2031//2011 2030//2010
f 3244//3207 2929//2893 2890//2855 3245//3208
f 3244//3207 3246//3209 2917//2881 2929//2893
f 3244//3207 2030//2010 2033//2013 3246//3209
f 3247//3210 3248//3211 2093//2073 2092//2072
f 3247//3210 2868//2833 2871//2836 3248//3211
f 3247//3210 3249//3212 2869//2834 2868//2833
f 3247//3210 2092//2072 2095//2075 3249//3212
f 3250//3213 3251//3214 3252//3215 3253//3216
f 3250//3213 3254//3217 3255//3218 3251//3214
f 3250//3213 1281//1262 1280//1261 3254//3217
f 3250//3213 3253//3216 1282//1263 1281//1262
f 3256//3219 3257//3220 3255//3218 3254//3217
f 3256//3219 3258//3221 3259//3222 3257//3220
f 3256//3219 1288//1269 1287//1268 3258//3221
f 3256//3219 3254//3217 1280//1261 1288//1269
f 3260//3223 3261//3224 3259//3222 3258//3221
f 3260//3223 3262//3225 3263//3226 3261//3224
f 3260//3223 1294//1275 1293//1274 3262//3225
f 3260//3223 3258//3221 1287//1268 1294//1275
f 3264//3227 3265//3228 3263//3226 3262//3225
f 3264//3227 3266//3229 2027//2007 3265//3228
f 3264//3227 1299//1280 1298//1279 3266//3229
f 3264//3227 3262//3225 1293//1274 1299//1280
f 3267//3230 3268//3231 3269//3232 3270//3233
f 3267//3230 3271//3234 3272//3235 3268//3231
f 3267//3230 3251//3214 3255//3218 3271//3234
f 3267//3230 3270//3233 3252//3215 3251//3214
f 3273//3236 3274//3237 3272//3235 3271//3234
f 3273//3236 3275//3238 3276//3239 3274//3237
f 3273//3236 3257//3220 3259//3222 3275//3238
f 3273//3236 3271//3234 3255//3218 3257//3220
f 3277//3240 3278//3241 3276//3239 3275//3238
f 3277//3240 3279//3242 3280//3243 3278//3241
f 3277//3240 3261//3224 3263//3226 3279//3242
f 3277//3240 3275//3238 3259//3222 3261//3224
f 3281//3244 3282//3245 3280//3243 3279//3242
f 3281//3244 2023//2003 2021//2001 3282//3245
f 3281//3244 3265//3228 2027//2007 2023//2003
f 3281//3244 3279//3242 3263//3226 3265//3228
f 3283//3246 3039//3002 3038//3001 3284//3247
f 3283//3246 3285//3248 2266//2246 3039//3002
f 3283//3246 3268//3231 3272//3235 3285//3248
f 3283//3246 3284//3247 3269//3232 3268//3231
f 3286//3249 2267//2247 2266//2246 3285//3248
f 3286//3249 3287//3250 2157//2137 2267//2247
f 3286//3249 3274//3237 3276//3239 3287//3250
f 3286//3249 3285//3248 3272//3235 3274//3237
f 3288//3251 2158//2138 2157//2137 3287//3250
f 3288//3251 3289//3252 2163//2143 2158//2138
f 3288//3251 3278//3241 3280//3243 3289//3252
f 3288//3251 3287//3250 3276//3239 3278//3241
f 3290//3253 3002//2966 2163//2143 3289//3252
f 3290//3253 2016//1996 2015//1995 3002//2966
f 3290//3253 3282//3245 2021//2001 2016//1996
f 3290//3253 3289//3252 3280//3243 3282//3245
f 3291//3254 2238//2218 2240//2220 3107//3070
f 3291//3254 3194//3157 2239//2219 2238//2218
f 3291//3254 3019//2983 3021//2985 3194//3157
f 3291//3254 3107//3070 2294//2274 3019//2983
f 3292//3255 3198//3161 2237//2217 2236//2216
f 3292//3255 3187//3150 3110//3073 3198//3161
f 3292//3255 3193//3156 3185//3148 3187//3150
f 3292//3255 2236//2216 2239//2219 3193//3156
f 3293//3256 3195//3158 3021//2985 3020//2984
f 3293//3256 3179//3142 3181//3144 3195//3158
f 3293//3256 3190//3153 3177//3140 3179//3142
f 3293//3256 3020//2984 2009//1989 3190//3153
f 3294//3257 3191//3154 2011//1991 2277//2257
f 3294//3257 3093//3056 3092//3055 3191//3154
f 3294//3257 2842//2808 2845//2811 3093//3056
f 3294//3257 2277//2257 2279//2259 2842//2808
f 3295//3258 2220//2200 2222//2202 2363//2343
f 3295//3258 3296//3259 2221//2201 2220//2200
f 3295//3258 3297//3260 3298//3261 3296//3259
f 3295//3258 2363//2343 2333//2313 3297//3260
f 3299//3262 3243//3206 2068//2048 2174//2154
f 3299//3262 2965//2929 2948//2912 3243//3206
f 3299//3262 2581//2561 2584//2564 2965//2929
f 3299//3262 2174//2154 2176//2156 2581//2561
f 3300//3263 3246//3209 2033//2013 2270//2250
f 3300//3263 2914//2878 2917//2881 3246//3209
f 3300//3263 3242//3205 2915//2879 2914//2878
f 3300//3263 2270//2250 2066//2046 3242//3205
f 3301//3264 3249//3212 2095//2075 2289//2269
f 3301//3264 2889//2854 2869//2834 3249//3212
f 3301//3264 3245//3208 2890//2855 2889//2854
f 3301//3264 2289//2269 2031//2011 3245//3208
f 3302//3265 3303//3266 2057//2037 2056//2036
f 3302//3265 3304//3267 3305//3268 3303//3266
f 3302//3265 3306//3269 3307//3270 3304//3267
f 3302//3265 2056//2036 2059//2039 3306//3269
f 3308//3271 3309//3272 3305//3268 3304//3267
f 3308//3271 2967//2931 2355//2335 3309//3272
f 3308//3271 3310//3273 2969//2933 2967//2931
f 3308//3271 3304//3267 3307//3270 3310//3273
f 3311//3274 3312//3275 2423//2403 2475//2455
f 3311//3274 3313//3276 3314//3277 3312//3275
f 3311//3274 3315//3278 3316//3279 3313//3276
f 3311//3274 2475//2455 2477//2457 3315//3278
f 3317//3280 3318//3281 3314//3277 3313//3276
f 3317//3280 3319//3282 3320//3283 3318//3281
f 3317//3280 3321//3284 3322//3285 3319//3282
f 3317//3280 3313//3276 3316//3279 3321//3284
f 3323//3286 3324//3287 3320//3283 3319//3282
f 3323//3286 2950//2914 2455//2435 3324//3287
f 3323//3286 3325//3288 2349//2329 2950//2914
f 3323//3286 3319//3282 3322//3285 3325//3288
f 3326//3289 3327//3290 2382//2362 2381//2361
f 3326//3289 3328//3291 3329//3292 3327//3290
f 3326//3289 3330//3293 3331//3294 3328//3291
f 3326//3289 2381//2361 2384//2364 3330//3293
f 3332//3295 3333//3296 3329//3292 3328//3291
f 3332//3295 3334//3297 3335//3298 3333//3296
f 3332//3295 3336//3299 3337//3300 3334//3297
f 3332//3295 3328//3291 3331//3294 3336//3299
f 3338//3301 3339//3302 3335//3298 3334//3297
f 3338//3301 2931//2895 2495//2475 3339//3302
f 3338//3301 3340//3303 2449//2429 2931//2895
f 3338//3301 3334//3297 3337//3300 3340//3303
f 3341//3304 3342//3305 2274//2254 2300//2280
f 3341//3304 3343//3306 3344//3307 3342//3305
f 3341//3304 3345//3308 3346//3309 3343//3306
f 3341//3304 2300//2280 2302//2282 3345//3308
f 3347//3310 3348//3311 3344//3307 3343//3306
f 3347//3310 3349//3312 3350//3313 3348//3311
f 3347//3310 3351//3314 3352//3315 3349//3312
f 3347//3310 3343//3306 3346//3309 3351//3314
f 3353//3316 3354//3317 3350//3313 3349//3312
f 3353//3316 2919//2883 2564//2544 3354//3317
f 3353//3316 3355//3318 2525//2505 2919//2883
f 3353//3316 3349//3312 3352//3315 3355//3318
f 3356//3319 3357//3320 2328//2308 2358//2338
f 3356//3319 3358//3321 3359//3322 3357//3320
f 3356//3319 3360//3323 3361//3324 3358//3321
f 3356//3319 2358//2338 2360//2340 3360//3323
f 3362//3325 3363//3326 3359//3322 3358//3321
f 3362//3325 3364//3327 3365//3328 3363//3326
f 3362//3325 3366//3329 3367//3330 3364//3327
f 3362//3325 3358//3321 3361//3324 3366//3329
f 3368//3331 3369//3332 3365//3328 3364//3327
f 3368//3331 2892//2857 2531//2511 3369//3332
f 3368//3331 3370//3333 2489//2469 2892//2857
f 3368//3331 3364//3327 3367//3330 3370//3333
f 3371//3334 3372//3335 2142//2122 2245//2225
f 3371//3334 3373//3336 3374//3337 3372//3335
f 3371//3334 3375//3338 3376//3339 3373//3336
f 3371//3334 2245//2225 2247//2227 3375//3338
f 3377//3340 3378//3341 3374//3337 3373//3336
f 3377//3340 3379//3342 3380//3343 3378//3341
f 3377//3340 3381//3344 3382//3345 3379//3342
f 3377//3340 3373//3336 3376//3339 3381//3344
f 3383//3346 3384//3347 3380//3343 3379//3342
f 3383//3346 2873//2838 2579//2559 3384//3347
f 3383//3346 3385//3348 2558//2538 2873//2838
f 3383//3346 3379//3342 3382//3345 3385//3348
f 3386//3349 2320//2300 2084//2064 2083//2063
f 3386//3349 3387//3350 2321//2301 2320//2300
f 3386//3349 3388//3351 3389//3352 3387//3350
f 3386//3349 2083//2063 2086//2066 3388//3351
f 3390//3353 2986//2950 2321//2301 3387//3350
f 3390//3353 3391//3354 2280//2260 2986//2950
f 3390//3353 3392//3355 3393//3356 3391//3354
f 3390//3353 3387//3350 3389//3352 3392//3355
f 3394//3357 2278//2258 2280//2260 3391//3354
f 3394//3357 2843//2809 2279//2259 2278//2258
f 3394//3357 3395//3358 2573//2553 2843//2809
f 3394//3357 3391//3354 3393//3356 3395//3358
f 3396//3359 3388//3351 2086//2066 2140//2120
f 3396//3359 3397//3360 3389//3352 3388//3351
f 3396//3359 3372//3335 3374//3337 3397//3360
f 3396//3359 2140//2120 2142//2122 3372//3335
f 3398//3361 3392//3355 3389//3352 3397//3360
f 3398//3361 3399//3362 3393//3356 3392//3355
f 3398//3361 3378//3341 3380//3343 3399//3362
f 3398//3361 3397//3360 3374//3337 3378//3341
f 3400//3363 3395//3358 3393//3356 3399//3362
f 3400//3363 2574//2554 2573//2553 3395//3358
f 3400//3363 3384//3347 2579//2559 2574//2554
f 3400//3363 3399//3362 3380//3343 3384//3347
f 3401//3364 3375//3338 2247//2227 2272//2252
f 3401//3364 3402//3365 3376//3339 3375//3338
f 3401//3364 3342//3305 3344//3307 3402//3365
f 3401//3364 2272//2252 2274//2254 3342//3305
f 3403//3366 3381//3344 3376//3339 3402//3365
f 3403//3366 3404//3367 3382//3345 3381//3344
f 3403//3366 3348//3311 3350//3313 3404//3367
f 3403//3366 3402//3365 3344//3307 3348//3311
f 3405//3368 3385//3348 3382//3345 3404//3367
f 3405//3368 2559//2539 2558//2538 3385//3348
f 3405//3368 3354//3317 2564//2544 2559//2539
f 3405//3368 3404//3367 3350//3313 3354//3317
f 3406//3369 3345//3308 2302//2282 2326//2306
f 3406//3369 3407//3370 3346//3309 3345//3308
f 3406//3369 3357//3320 3359//3322 3407//3370
f 3406//3369 2326//2306 2328//2308 3357//3320
f 3408//3371 3351//3314 3346//3309 3407//3370
f 3408//3371 3409//3372 3352//3315 3351//3314
f 3408//3371 3363//3326 3365//3328 3409//3372
f 3408//3371 3407//3370 3359//3322 3363//3326
f 3410//3373 3355//3318 3352//3315 3409//3372
f 3410//3373 2526//2506 2525//2505 3355//3318
f 3410//3373 3369//3332 2531//2511 2526//2506
f 3410//3373 3409//3372 3365//3328 3369//3332
f 3411//3374 3360//3323 2360//2340 2397//2377
f 3411//3374 3412//3375 3361//3324 3360//3323
f 3411//3374 3327//3290 3329//3292 3412//3375
f 3411//3374 2397//2377 2382//2362 3327//3290
f 3413//3376 3366//3329 3361//3324 3412//3375
f 3413//3376 3414//3377 3367//3330 3366//3329
f 3413//3376 3333//3296 3335//3298 3414//3377
f 3413//3376 3412//3375 3329//3292 3333//3296
f 3415//3378 3370//3333 3367//3330 3414//3377
f 3415//3378 2490//2470 2489//2469 3370//3333
f 3415//3378 3339//3302 2495//2475 2490//2470
f 3415//3378 3414//3377 3335//3298 3339//3302
f 3416//3379 3330//3293 2384//2364 2421//2401
f 3416//3379 3417//3380 3331//3294 3330//3293
f 3416//3379 3312//3275 3314//3277 3417//3380
f 3416//3379 2421//2401 2423//2403 3312//3275
f 3418//3381 3336//3299 3331//3294 3417//3380
f 3418//3381 3419//3382 3337//3300 3336//3299
f 3418//3381 3318//3281 3320//3283 3419//3382
f 3418//3381 3417//3380 3314//3277 3318//3281
f 3420//3383 3340//3303 3337//3300 3419//3382
f 3420//3383 2450//2430 2449//2429 3340//3303
f 3420//3383 3324//3287 2455//2435 2450//2430
f 3420//3383 3419//3382 3320//3283 3324//3287
f 3421//3384 3315//3278 2477//2457 2569//2549
f 3421//3384 3422//3385 3316//3279 3315//3278
f 3421//3384 2053//2033 2057//2037 3422//3385
f 3421//3384 2569//2549 2054//2034 2053//2033
f 3423//3386 3321//3284 3316//3279 3422//3385
f 3423//3386 3424//3387 3322//3285 3321//3284
f 3423//3386 3303//3266 3305//3268 3424//3387
f 3423//3386 3422//3385 2057//2037 3303//3266
f 3425//3388 3325//3288 3322//3285 3424//3387
f 3425//3388 2350//2330 2349//2329 3325//3288
f 3425//3388 3309//3272 2355//2335 2350//2330
f 3425//3388 3424//3387 3305//3268 3309//3272
f 3426//3389 2243//2223 2221//2201 3296//3259
f 3426//3389 3427//3390 2177//2157 2243//2223
f 3426//3389 3428//3391 3429//3392 3427//3390
f 3426//3389 3296//3259 3298//3261 3428//3391
f 3430//3393 2175//2155 2177//2157 3427//3390
f 3430//3393 2582//2562 2176//2156 2175//2155
f 3430//3393 3431//3394 2543//2523 2582//2562
f 3430//3393 3427//3390 3429//3392 3431//3394
f 3432//3395 3433//3396 2306//2286 2304//2284
f 3432//3395 3434//3397 3435//3398 3433//3396
f 3432//3395 3436//3399 3437//3400 3434//3397
f 3432//3395 2304//2284 2232//2212 3436//3399
f 3438//3401 3439//3402 3435//3398 3434//3397
f 3438//3401 3440//3403 3441//3404 3439//3402
f 3438//3401 3442//3405 3443//3406 3440//3403
f 3438//3401 3434//3397 3437//3400 3442//3405
f 3444//3407 3445//3408 3441//3404 3440//3403
f 3444//3407 2566//2546 2549//2529 3445//3408
f 3444//3407 3446//3409 2506//2486 2566//2546
f 3444//3407 3440//3403 3443//3406 3446//3409
f 3447//3410 3297//3260 2333//2313 2331//2311
f 3447//3410 3448//3411 3298//3261 3297//3260
f 3447//3410 3433//3396 3435//3398 3448//3411
f 3447//3410 2331//2311 2306//2286 3433//3396
f 3449//3412 3428//3391 3298//3261 3448//3411
f 3449//3412 3450//3413 3429//3392 3428//3391
f 3449//3412 3439//3402 3441//3404 3450//3413
f 3449//3412 3448//3411 3435//3398 3439//3402
f 3451//3414 3431//3394 3429//3392 3450//3413
f 3451//3414 2544//2524 2543//2523 3431//3394
f 3451//3414 3445//3408 2549//2529 2544//2524
f 3451//3414 3450//3413 3441//3404 3445//3408
f 3452//3415 3453//3416 2187//2167 2185//2165
f 3452//3415 3454//3417 3455//3418 3453//3416
f 3452//3415 3456//3419 3457//3420 3454//3417
f 3452//3415 2185//2165 2138//2118 3456//3419
f 3458//3421 3459//3422 3455//3418 3454//3417
f 3458//3421 3460//3423 3461//3424 3459//3422
f 3458//3421 3462//3425 3463//3426 3460//3423
f 3458//3421 3454//3417 3457//3420 3462//3425
f 3464//3427 3465//3428 3461//3424 3460//3423
f 3464//3427 2533//2513 2512//2492 3465//3428
f 3464//3427 3466//3429 2458//2438 2533//2513
f 3464//3427 3460//3423 3463//3426 3466//3429
f 3467//3430 3436//3399 2232//2212 2230//2210
f 3467//3430 3468//3431 3437//3400 3436//3399
f 3467//3430 3453//3416 3455//3418 3468//3431
f 3467//3430 2230//2210 2187//2167 3453//3416
f 3469//3432 3442//3405 3437//3400 3468//3431
f 3469//3432 3470//3433 3443//3406 3442//3405
f 3469//3432 3459//3422 3461//3424 3470//3433
f 3469//3432 3468//3431 3455//3418 3459//3422
f 3471//3434 3446//3409 3443//3406 3470//3433
f 3471//3434 2507//2487 2506//2486 3446//3409
f 3471//3434 3465//3428 2512//2492 2507//2487
f 3471//3434 3470//3433 3461//3424 3465//3428
f 3472//3435 3473//3436 2072//2052 2112//2092
f 3472//3435 3474//3437 3475//3438 3473//3436
f 3472//3435 3476//3439 3477//3440 3474//3437
f 3472//3435 2112//2092 2111//2091 3476//3439
f 3478//3441 3479//3442 3475//3438 3474//3437
f 3478//3441 3480//3443 3481//3444 3479//3442
f 3478//3441 3482//3445 3483//3446 3480//3443
f 3478//3441 3474//3437 3477//3440 3482//3445
f 3484//3447 3485//3448 3481//3444 3480//3443
f 3484//3447 2481//2461 2433//2413 3485//3448
f 3484//3447 3486//3449 2388//2368 2481//2461
f 3484//3447 3480//3443 3483//3446 3486//3449
f 3487//3450 3456//3419 2138//2118 2134//2114
f 3487//3450 3488//3451 3457//3420 3456//3419
f 3487//3450 3489//3452 3490//3453 3488//3451
f 3487//3450 2134//2114 2078//2058 3489//3452
f 3491//3454 3462//3425 3457//3420 3488//3451
f 3491//3454 3492//3455 3463//3426 3462//3425
f 3491//3454 3493//3453 3494//3456 3492//3455
f 3491//3454 3488//3451 3490//3453 3493//3453
f 3495//3457 3466//3429 3463//3426 3492//3455
f 3495//3457 2459//2439 2458//2438 3466//3429
f 3495//3457 3496//3458 2427//2407 2459//2439
f 3495//3457 3492//3455 3494//3456 3496//3458
f 3497//3459 3498//3460 3229//3192 3231//3194
f 3497//3459 3499//3461 3500//3462 3498//3460
f 3497//3459 3501//3463 3502//3464 3499//3461
f 3497//3459 3231//3194 3233//3196 3501//3463
f 3503//3465 3504//3466 3500//3462 3499//3461
f 3503//3465 3505//3467 3506//3468 3504//3466
f 3503//3465 3507//3469 3508//3470 3505//3467
f 3503//3465 3499//3461 3502//3464 3507//3469
f 3509//3471 3510//3472 3506//3468 3505//3467
f 3509//3471 2441//2421 2394//2374 3510//3472
f 3509//3471 3511//3473 2340//2320 2441//2421
f 3509//3471 3505//3467 3508//3470 3511//3473
f 3512//3474 3489//3452 2078//2058 2073//2053
f 3512//3474 3513//3475 3490//3453 3489//3452
f 3512//3474 3473//3436 3475//3438 3513//3475
f 3512//3474 2073//2053 2072//2052 3473//3436
f 3514//3476 3493//3453 3490//3453 3513//3475
f 3514//3476 3515//3477 3494//3456 3493//3453
f 3514//3476 3479//3442 3481//3444 3515//3477
f 3514//3476 3513//3475 3475//3438 3479//3442
f 3516//3478 3496//3458 3494//3456 3515//3477
f 3516//3478 2428//2408 2427//2407 3496//3458
f 3516//3478 3485//3448 2433//2413 2428//2408
f 3516//3478 3515//3477 3481//3444 3485//3448
f 3517//3479 3518//3480 3237//3200 3239//3202
f 3517//3479 3519//3481 3520//3482 3518//3480
f 3517//3479 3521//3483 3522//3484 3519//3481
f 3517//3479 3239//3202 2036//2016 3521//3483
f 3523//3485 3524//3486 3520//3482 3519//3481
f 3523//3485 3525//3487 3526//3488 3524//3486
f 3523//3485 3527//3489 3528//3490 3525//3487
f 3523//3485 3519//3481 3522//3484 3527//3489
f 3529//3491 3530//3492 3526//3488 3525//3487
f 3529//3491 2407//2387 2346//2326 3530//3492
f 3529//3491 3531//3493 2309//2289 2407//2387
f 3529//3491 3525//3487 3528//3490 3531//3493
f 3532//3494 3476//3439 2111//2091 3227//3190
f 3532//3494 3533//3495 3477//3440 3476//3439
f 3532//3494 3498//3460 3500//3462 3533//3495
f 3532//3494 3227//3190 3229//3192 3498//3460
f 3534//3496 3482//3445 3477//3440 3533//3495
f 3534//3496 3535//3497 3483//3446 3482//3445
f 3534//3496 3504//3466 3506//3468 3535//3497
f 3534//3496 3533//3495 3500//3462 3504//3466
f 3536//3498 3486//3449 3483//3446 3535//3497
f 3536//3498 2389//2369 2388//2368 3486//3449
f 3536//3498 3510//3472 2394//2374 2389//2369
f 3536//3498 3535//3497 3506//3468 3510//3472
f 3537//3499 3501//3463 3233//3196 3235//3198
f 3537//3499 3538//3500 3502//3464 3501//3463
f 3537//3499 3518//3480 3520//3482 3538//3500
f 3537//3499 3235//3198 3237//3200 3518//3480
f 3539//3501 3507//3469 3502//3464 3538//3500
f 3539//3501 3540//3502 3508//3470 3507//3469
f 3539//3501 3524//3486 3526//3488 3540//3502
f 3539//3501 3538//3500 3520//3482 3524//3486
f 3541//3503 3511//3473 3508//3470 3540//3502
f 3541//3503 2341//2321 2340//2320 3511//3473
f 3541//3503 3530//3492 2346//2326 2341//2321
f 3541//3503 3540//3502 3526//3488 3530//3492
f 3542//3504 3521//3483 2036//2016 2035//2015
f 3542//3504 3543//3505 3522//3484 3521//3483
f 3542//3504 3544//3506 3545//3507 3543//3505
f 3542//3504 2035//2015 2039//2019 3544//3506
f 3546//3508 3527//3489 3522//3484 3543//3505
f 3546//3508 3547//3509 3528//3490 3527//3489
f 3546//3508 3548//3510 3549//3511 3547//3509
f 3546//3508 3543//3505 3545//3507 3548//3510
f 3550//3512 3531//3493 3528//3490 3547//3509
f 3550//3512 2310//2290 2309//2289 3531//3493
f 3550//3512 3551//3513 2315//2295 2310//2290
f 3550//3512 3547//3509 3549//3511 3551//3513
f 3552//3514 3553//3515 3554//3516 3555//3517
f 3552//3514 2833//2799 2819//2785 3553//3515
f 3552//3514 3556//3518 2798//2764 2833//2799
f 3552//3514 3555//3517 3557//3519 3556//3518
f 3558//3520 3556//3518 3557//3519 3559//3521
f 3558//3520 2799//2765 2798//2764 3556//3518
f 3558//3520 3560//3522 2780//2746 2799//2765
f 3558//3520 3559//3521 3561//3523 3560//3522
f 3562//3524 3560//3522 3561//3523 3563//3525
f 3562//3524 2781//2747 2780//2746 3560//3522
f 3562//3524 3564//3526 2762//2728 2781//2747
f 3562//3524 3563//3525 3565//3527 3564//3526
f 3566//3528 3564//3526 3565//3527 3567//3529
f 3566//3528 2763//2729 2762//2728 3564//3526
f 3566//3528 3568//3530 2744//2710 2763//2729
f 3566//3528 3567//3529 3569//3531 3568//3530
f 3570//3532 3568//3530 3569//3531 3571//3533
f 3570//3532 2745//2711 2744//2710 3568//3530
f 3570//3532 3572//3534 2726//2693 2745//2711
f 3570//3532 3571//3533 3573//3535 3572//3534
f 3574//3536 3572//3534 3573//3535 3575//3537
f 3574//3536 2727//2694 2726//2693 3572//3534
f 3574//3536 3576//3538 2690//2663 2727//2694
f 3574//3536 3575//3537 3577//3539 3576//3538
f 3578//3540 3576//3538 3577//3539 3579//3541
f 3578//3540 2691//2664 2690//2663 3576//3538
f 3578//3540 3580//3542 2696//2669 2691//2664
f 3578//3540 3579//3541 3581//3543 3580//3542
f 3582//3544 3580//3542 3581//3543 3583//3545
f 3582//3544 2716//2686 2696//2669 3580//3542
f 3582//3544 3584//3546 2672//2646 2716//2686
f 3582//3544 3583//3545 3585//3547 3584//3546
f 3586//3548 3584//3546 3585//3547 3587//3549
f 3586//3548 2673//2647 2672//2646 3584//3546
f 3586//3548 3588//3550 2654//2628 2673//2647
f 3586//3548 3587//3549 3589//3551 3588//3550
f 3590//3552 3588//3550 3589//3551 3591//3553
f 3590//3552 2655//2629 2654//2628 3588//3550
f 3590//3552 3592//3554 2636//2610 2655//2629
f 3590//3552 3591//3553 3593//3555 3592//3554
f 3594//3556 3592//3554 3593//3555 3595//3557
f 3594//3556 2637//2611 2636//2610 3592//3554
f 3594//3556 3596//3558 2618//2593 2637//2611
f 3594//3556 3595//3557 3597//3559 3596//3558
f 3598//3560 3596//3558 3597//3559 3599//3561
f 3598//3560 2619//2594 2618//2593 3596//3558
f 3598//3560 3600//3562 2591//2571 2619//2594
f 3598//3560 3599//3561 3601//3563 3600//3562
f 3602//3564 3600//3562 3601//3563 3603//3565
f 3602//3564 2592//2572 2591//2571 3600//3562
f 3602//3564 3604//3566 2597//2577 2592//2572
f 3602//3564 3603//3565 3605//3567 3604//3566
f 3606//3568 3607//3569 2502//2482 2537//2517
f 3606//3568 3608//3570 3609//3571 3607//3569
f 3606//3568 3610//3572 3611//3573 3608//3570
f 3606//3568 2537//2517 2539//2519 3610//3572
f 3612//3574 3613//3575 3609//3571 3608//3570
f 3612//3574 3614//3576 3615//3577 3613//3575
f 3612//3574 3616//3578 3617//3579 3614//3576
f 3612//3574 3608//3570 3611//3573 3616//3578
f 3618//3580 3619//3581 3615//3577 3614//3576
f 3618//3580 3603//3565 3601//3563 3619//3581
f 3618//3580 3620//3582 3605//3567 3603//3565
f 3618//3580 3614//3576 3617//3579 3620//3582
f 3621//3583 3622//3584 2500//2480 2499//2479
f 3621//3583 3623//3585 3624//3586 3622//3584
f 3621//3583 3607//3569 3609//3571 3623//3585
f 3621//3583 2499//2479 2502//2482 3607//3569
f 3625//3587 3626//3588 3624//3586 3623//3585
f 3625//3587 3627//3589 3628//3590 3626//3588
f 3625//3587 3613//3575 3615//3577 3627//3589
f 3625//3587 3623//3585 3609//3571 3613//3575
f 3629//3591 3630//3592 3628//3590 3627//3589
f 3629//3591 3599//3561 3597//3559 3630//3592
f 3629//3591 3619//3581 3601//3563 3599//3561
f 3629//3591 3627//3589 3615//3577 3619//3581
f 3631//3593 3632//3594 2486//2466 2522//2502
f 3631//3593 3633//3595 3634//3596 3632//3594
f 3631//3593 3622//3584 3624//3586 3633//3595
f 3631//3593 2522//2502 2500//2480 3622//3584
f 3635//3597 3636//3598 3634//3596 3633//3595
f 3635//3597 3637//3599 3638//3600 3636//3598
f 3635//3597 3626//3588 3628//3590 3637//3599
f 3635//3597 3633//3595 3624//3586 3626//3588
f 3639//3601 3640//3602 3638//3600 3637//3599
f 3639//3601 3595//3557 3593//3555 3640//3602
f 3639//3601 3630//3592 3597//3559 3595//3557
f 3639//3601 3637//3599 3628//3590 3630//3592
f 3641//3603 3642//3604 2446//2426 2484//2464
f 3641//3603 3643//3605 3644//3606 3642//3604
f 3641//3603 3632//3594 3634//3596 3643//3605
f 3641//3603 2484//2464 2486//2466 3632//3594
f 3645//3607 3646//3608 3644//3606 3643//3605
f 3645//3607 3647//3609 3648//3610 3646//3608
f 3645//3607 3636//3598 3638//3600 3647//3609
f 3645//3607 3643//3605 3634//3596 3636//3598
f 3649//3611 3650//3612 3648//3610 3647//3609
f 3649//3611 3591//3553 3589//3551 3650//3612
f 3649//3611 3640//3602 3593//3555 3591//3553
f 3649//3611 3647//3609 3638//3600 3640//3602
f 3651//3613 3652//3614 2412//2392 2444//2424
f 3651//3613 3653//3615 3654//3616 3652//3614
f 3651//3613 3642//3604 3644//3606 3653//3615
f 3651//3613 2444//2424 2446//2426 3642//3604
f 3655//3617 3656//3618 3654//3616 3653//3615
f 3655//3617 3657//3619 3658//3620 3656//3618
f 3655//3617 3646//3608 3648//3610 3657//3619
f 3655//3617 3653//3615 3644//3606 3646//3608
f 3659//3621 3660//3622 3658//3620 3657//3619
f 3659//3621 3587//3549 3585//3547 3660//3622
f 3659//3621 3650//3612 3589//3551 3587//3549
f 3659//3621 3657//3619 3648//3610 3650//3612
f 3661//3623 3662//3624 2376//2356 2410//2390
f 3661//3623 3663//3625 3664//3626 3662//3624
f 3661//3623 3652//3614 3654//3616 3663//3625
f 3661//3623 2410//2390 2412//2392 3652//3614
f 3665//3627 3666//3628 3664//3626 3663//3625
f 3665//3627 3667//3629 3668//3630 3666//3628
f 3665//3627 3656//3618 3658//3620 3667//3629
f 3665//3627 3663//3625 3654//3616 3656//3618
f 3669//3631 3670//3632 3668//3630 3667//3629
f 3669//3631 3583//3545 3581//3543 3670//3632
f 3669//3631 3660//3622 3585//3547 3583//3545
f 3669//3631 3667//3629 3658//3620 3660//3622
f 3671//3633 3672//3634 2285//2265 2374//2354
f 3671//3633 3673//3635 3674//3636 3672//3634
f 3671//3633 3662//3624 3664//3626 3673//3635
f 3671//3633 2374//2354 2376//2356 3662//3624
f 3675//3637 3676//3638 3674//3636 3673//3635
f 3675//3637 3677//3639 3678//3640 3676//3638
f 3675//3637 3666//3628 3668//3630 3677//3639
f 3675//3637 3673//3635 3664//3626 3666//3628
f 3679//3641 3680//3642 3678//3640 3677//3639
f 3679//3641 3579//3541 3577//3539 3680//3642
f 3679//3641 3670//3632 3581//3543 3579//3541
f 3679//3641 3677//3639 3668//3630 3670//3632
f 3681//3643 3682//3644 2252//2232 2283//2263
f 3681//3643 3683//3645 3684//3646 3682//3644
f 3681//3643 3672//3634 3674//3636 3683//3645
f 3681//3643 2283//2263 2285//2265 3672//3634
f 3685//3647 3686//3648 3684//3646 3683//3645
f 3685//3647 3687//3649 3688//3650 3686//3648
f 3685//3647 3676//3638 3678//3640 3687//3649
f 3685//3647 3683//3645 3674//3636 3676//3638
f 3689//3651 3690//3652 3688//3650 3687//3649
f 3689//3651 3575//3537 3573//3535 3690//3652
f 3689//3651 3680//3642 3577//3539 3575//3537
f 3689//3651 3687//3649 3678//3640 3680//3642
f 3691//3653 3692//3654 2215//2195 2250//2230
f 3691//3653 3693//3655 3694//3656 3692//3654
f 3691//3653 3682//3644 3684//3646 3693//3655
f 3691//3653 2250//2230 2252//2232 3682//3644
f 3695//3657 3696//3658 3694//3656 3693//3655
f 3695//3657 3697//3659 3698//3660 3696//3658
f 3695//3657 3686//3648 3688//3650 3697//3659
f 3695//3657 3693//3655 3684//3646 3686//3648
f 3699//3661 3700//3662 3698//3660 3697//3659
f 3699//3661 3571//3533 3569//3531 3700//3662
f 3699//3661 3690//3652 3573//3535 3571//3533
f 3699//3661 3697//3659 3688//3650 3690//3652
f 3701//3663 3702//3664 2170//2150 2213//2193
f 3701//3663 3703//3665 3704//3666 3702//3664
f 3701//3663 3692//3654 3694//3656 3703//3665
f 3701//3663 2213//2193 2215//2195 3692//3654
f 3705//3667 3706//3668 3704//3666 3703//3665
f 3705//3667 3707//3669 3708//3670 3706//3668
f 3705//3667 3696//3658 3698//3660 3707//3669
f 3705//3667 3703//3665 3694//3656 3696//3658
f 3709//3671 3710//3672 3708//3670 3707//3669
f 3709//3671 3567//3529 3565//3527 3710//3672
f 3709//3671 3700//3662 3569//3531 3567//3529
f 3709//3671 3707//3669 3698//3660 3700//3662
f 3711//3673 3712//3674 2168//2148 2167//2147
f 3711//3673 3713//3675 3714//3676 3712//3674
f 3711//3673 3702//3664 3704//3666 3713//3675
f 3711//3673 2167//2147 2170//2150 3702//3664
f 3715//3677 3716//3678 3714//3676 3713//3675
f 3715//3677 3717//3679 3718//3680 3716//3678
f 3715//3677 3706//3668 3708//3670 3717//3679
f 3715//3677 3713//3675 3704//3666 3706//3668
f 3719//3681 3720//3682 3718//3680 3717//3679
f 3719//3681 3563//3525 3561//3523 3720//3682
f 3719//3681 3710//3672 3565//3527 3563//3525
f 3719//3681 3717//3679 3708//3670 3710//3672
f 3721//3683 3722//3684 2154//2134 2195//2175
f 3721//3683 3723//3685 3724//3686 3722//3684
f 3721//3683 3712//3674 3714//3676 3723//3685
f 3721//3683 2195//2175 2168//2148 3712//3674
f 3725//3687 3726//3688 3724//3686 3723//3685
f 3725//3687 3727//3689 3728//3690 3726//3688
f 3725//3687 3716//3678 3718//3680 3727//3689
f 3725//3687 3723//3685 3714//3676 3716//3678
f 3729//3691 3730//3692 3728//3690 3727//3689
f 3729//3691 3559//3521 3557//3519 3730//3692
f 3729//3691 3720//3682 3561//3523 3559//3521
f 3729//3691 3727//3689 3718//3680 3720//3682
f 3731//3693 3732//3694 2124//2104 2152//2132
f 3731//3693 3733//3695 3734//3696 3732//3694
f 3731//3693 3722//3684 3724//3686 3733//3695
f 3731//3693 2152//2132 2154//2134 3722//3684
f 3735//3697 3736//3698 3734//3696 3733//3695
f 3735//3697 3737//3699 3738//3700 3736//3698
f 3735//3697 3726//3688 3728//3690 3737//3699
f 3735//3697 3733//3695 3724//3686 3726//3688
f 3739//3701 3740//3702 3738//3700 3737//3699
f 3739//3701 3555//3517 3554//3516 3740//3702
f 3739//3701 3730//3692 3557//3519 3555//3517
f 3739//3701 3737//3699 3728//3690 3730//3692
f 3741//3703 3742//3704 3743//3705 3744//3706
f 3741//3703 2612//2587 2615//2590 3742//3704
f 3741//3703 3745//3707 2613//2588 2612//2587
f 3741//3703 3744//3706 3746//3708 3745//3707
f 3747//3709 3745//3707 3746//3708 3748//3710
f 3747//3709 2632//2606 2613//2588 3745//3707
f 3747//3709 3749//3711 2633//2607 2632//2606
f 3747//3709 3748//3710 3750//3712 3749//3711
f 3751//3713 3749//3711 3750//3712 3752//3714
f 3751//3713 2650//2624 2633//2607 3749//3711
f 3751//3713 3753//3715 2651//2625 2650//2624
f 3751//3713 3752//3714 3754//3716 3753//3715
f 3755//3717 3753//3715 3754//3716 3756//3718
f 3755//3717 2668//2642 2651//2625 3753//3715
f 3755//3717 3757//3719 2669//2643 2668//2642
f 3755//3717 3756//3718 3758//3720 3757//3719
f 3759//3721 3757//3719 3758//3720 3760//3722
f 3759//3721 2686//2659 2669//2643 3757//3719
f 3759//3721 3761//3723 2687//2660 2686//2659
f 3759//3721 3760//3722 3762//3724 3761//3723
f 3763//3725 3761//3723 3762//3724 3764//3726
f 3763//3725 2723//2690 2687//2660 3761//3723
f 3763//3725 3765//3727 2714//2684 2723//2690
f 3763//3725 3764//3726 3766//3728 3765//3727
f 3767//3729 3765//3727 3766//3728 3768//3730
f 3767//3729 2711//2681 2714//2684 3765//3727
f 3767//3729 3769//3731 2712//2682 2711//2681
f 3767//3729 3768//3730 3770//3732 3769//3731
f 3771//3733 3769//3731 3770//3732 3772//3734
f 3771//3733 2740//2706 2712//2682 3769//3731
f 3771//3733 3773//3735 2741//2707 2740//2706
f 3771//3733 3772//3734 3774//3736 3773//3735
f 3775//3737 3773//3735 3774//3736 3776//3738
f 3775//3737 2758//2724 2741//2707 3773//3735
f 3775//3737 3777//3739 2759//2725 2758//2724
f 3775//3737 3776//3738 3778//3740 3777//3739
f 3779//3741 3777//3739 3778//3740 3780//3742
f 3779//3741 2776//2742 2759//2725 3777//3739
f 3779//3741 3781//3743 2777//2743 2776//2742
f 3779//3741 3780//3742 3782//3744 3781//3743
f 3783//3745 3781//3743 3782//3744 3784//3746
f 3783//3745 2794//2760 2777//2743 3781//3743
f 3783//3745 3785//3747 2795//2761 2794//2760
f 3783//3745 3784//3746 3786//3748 3785//3747
f 3787//3749 3785//3747 3786//3748 3788//3750
f 3787//3749 2812//2778 2795//2761 3785//3747
f 3787//3749 3789//3751 2813//2779 2812//2778
f 3787//3749 3788//3750 3790//3752 3789//3751
f 3791//3753 3789//3751 3790//3752 3792//3754
f 3791//3753 2840//2806 2813//2779 3789//3751
f 3791//3753 3793//3755 2831//2797 2840//2806
f 3791//3753 3792//3754 3794//3756 3793//3755
f 3795//3757 3796//3758 2127//2107 2144//2124
f 3795//3757 3797//3759 3798//3760 3796//3758
f 3795//3757 3799//3761 3800//3762 3797//3759
f 3795//3757 2144//2124 2118//2098 3799//3761
f 3801//3763 3802//3764 3798//3760 3797//3759
f 3801//3763 3803//3765 3804//3766 3802//3764
f 3801//3763 3805//3767 3806//3768 3803//3765
f 3801//3763 3797//3759 3800//3762 3805//3767
f 3807//3769 3808//3770 3804//3766 3803//3765
f 3807//3769 3792//3754 3790//3752 3808//3770
f 3807//3769 3809//3771 3794//3756 3792//3754
f 3807//3769 3803//3765 3806//3768 3809//3771
f 3810//3772 3811//3773 2132//2112 2128//2108
f 3810//3772 3812//3774 3813//3775 3811//3773
f 3810//3772 3796//3758 3798//3760 3812//3774
f 3810//3772 2128//2108 2127//2107 3796//3758
f 3814//3776 3815//3777 3813//3775 3812//3774
f 3814//3776 3816//3778 3817//3779 3815//3777
f 3814//3776 3802//3764 3804//3766 3816//3778
f 3814//3776 3812//3774 3798//3760 3802//3764
f 3818//3780 3819//3781 3817//3779 3816//3778
f 3818//3780 3788//3750 3786//3748 3819//3781
f 3818//3780 3808//3770 3790//3752 3788//3750
f 3818//3780 3816//3778 3804//3766 3808//3770
f 3820//3782 3821//3783 2183//2163 2179//2159
f 3820//3782 3822//3784 3823//3785 3821//3783
f 3820//3782 3811//3773 3813//3775 3822//3784
f 3820//3782 2179//2159 2132//2112 3811//3773
f 3824//3786 3825//3787 3823//3785 3822//3784
f 3824//3786 3826//3788 3827//3789 3825//3787
f 3824//3786 3815//3777 3817//3779 3826//3788
f 3824//3786 3822//3784 3813//3775 3815//3777
f 3828//3790 3829//3791 3827//3789 3826//3788
f 3828//3790 3784//3746 3782//3744 3829//3791
f 3828//3790 3819//3781 3786//3748 3784//3746
f 3828//3790 3826//3788 3817//3779 3819//3781
f 3830//3792 3831//3793 2228//2208 2224//2204
f 3830//3792 3832//3794 3833//3795 3831//3793
f 3830//3792 3821//3783 3823//3785 3832//3794
f 3830//3792 2224//2204 2183//2163 3821//3783
f 3834//3796 3835//3797 3833//3795 3832//3794
f 3834//3796 3836//3798 3837//3799 3835//3797
f 3834//3796 3825//3787 3827//3789 3836//3798
f 3834//3796 3832//3794 3823//3785 3825//3787
f 3838//3800 3839//3801 3837//3799 3836//3798
f 3838//3800 3780//3742 3778//3740 3839//3801
f 3838//3800 3829//3791 3782//3744 3780//3742
f 3838//3800 3836//3798 3827//3789 3829//3791
f 3840//3802 3841//3803 2263//2243 2259//2239
f 3840//3802 3842//3804 3843//3805 3841//3803
f 3840//3802 3831//3793 3833//3795 3842//3804
f 3840//3802 2259//2239 2228//2208 3831//3793
f 3844//3806 3845//3807 3843//3805 3842//3804
f 3844//3806 3846//3808 3847//3809 3845//3807
f 3844//3806 3835//3797 3837//3799 3846//3808
f 3844//3806 3842//3804 3833//3795 3835//3797
f 3848//3810 3849//3811 3847//3809 3846//3808
f 3848//3810 3776//3738 3774//3736 3849//3811
f 3848//3810 3839//3801 3778//3740 3776//3738
f 3848//3810 3846//3808 3837//3799 3839//3801
f 3850//3812 3851//3813 2337//2317 2335//2315
f 3850//3812 3852//3814 3853//3815 3851//3813
f 3850//3812 3841//3803 3843//3805 3852//3814
f 3850//3812 2335//2315 2263//2243 3841//3803
f 3854//3816 3855//3817 3853//3815 3852//3814
f 3854//3816 3856//3818 3857//3819 3855//3817
f 3854//3816 3845//3807 3847//3809 3856//3818
f 3854//3816 3852//3814 3843//3805 3845//3807
f 3858//3820 3859//3821 3857//3819 3856//3818
f 3858//3820 3772//3734 3770//3732 3859//3821
f 3858//3820 3849//3811 3774//3736 3772//3734
f 3858//3820 3856//3818 3847//3809 3849//3811
f 3860//3822 3861//3823 2370//2350 2368//2348
f 3860//3822 3862//3824 3863//3825 3861//3823
f 3860//3822 3851//3813 3853//3815 3862//3824
f 3860//3822 2368//2348 2337//2317 3851//3813
f 3864//3826 3865//3827 3863//3825 3862//3824
f 3864//3826 3866//3828 3867//3829 3865//3827
f 3864//3826 3855//3817 3857//3819 3866//3828
f 3864//3826 3862//3824 3853//3815 3855//3817
f 3868//3830 3869//3831 3867//3829 3866//3828
f 3868//3830 3768//3730 3766//3728 3869//3831
f 3868//3830 3859//3821 3770//3732 3768//3730
f 3868//3830 3866//3828 3857//3819 3859//3821
f 3870//3832 3871//3833 2405//2385 2403//2383
f 3870//3832 3872//3834 3873//3835 3871//3833
f 3870//3832 3861//3823 3863//3825 3872//3834
f 3870//3832 2403//2383 2370//2350 3861//3823
f 3874//3836 3875//3837 3873//3835 3872//3834
f 3874//3836 3876//3838 3877//3839 3875//3837
f 3874//3836 3865//3827 3867//3829 3876//3838
f 3874//3836 3872//3834 3863//3825 3865//3827
f 3878//3840 3879//3841 3877//3839 3876//3838
f 3878//3840 3764//3726 3762//3724 3879//3841
f 3878//3840 3869//3831 3766//3728 3764//3726
f 3878//3840 3876//3838 3867//3829 3869//3831
f 3880//3842 3881//3843 2439//2419 2437//2417
f 3880//3842 3882//3844 3883//3845 3881//3843
f 3880//3842 3871//3833 3873//3835 3882//3844
f 3880//3842 2437//2417 2405//2385 3871//3833
f 3884//3846 3885//3847 3883//3845 3882//3844
f 3884//3846 3886//3848 3887//3849 3885//3847
f 3884//3846 3875//3837 3877//3839 3886//3848
f 3884//3846 3882//3844 3873//3835 3875//3837
f 3888//3850 3889//3851 3887//3849 3886//3848
f 3888//3850 3760//3722 3758//3720 3889//3851
f 3888//3850 3879//3841 3762//3724 3760//3722
f 3888//3850 3886//3848 3877//3839 3879//3841
f 3890//3852 3891//3853 2464//2444 2479//2459
f 3890//3852 3892//3854 3893//3855 3891//3853
f 3890//3852 3881//3843 3883//3845 3892//3854
f 3890//3852 2479//2459 2439//2419 3881//3843
f 3894//3856 3895//3857 3893//3855 3892//3854
f 3894//3856 3896//3858 3897//3859 3895//3857
f 3894//3856 3885//3847 3887//3849 3896//3858
f 3894//3856 3892//3854 3883//3845 3885//3847
f 3898//3860 3899//3861 3897//3859 3896//3858
f 3898//3860 3756//3718 3754//3716 3899//3861
f 3898//3860 3889//3851 3758//3720 3756//3718
f 3898//3860 3896//3858 3887//3849 3889//3851
f 3900//3862 3901//3863 2469//2449 2465//2445
f 3900//3862 3902//3864 3903//3865 3901//3863
f 3900//3862 3891//3853 3893//3855 3902//3864
f 3900//3862 2465//2445 2464//2444 3891//3853
f 3904//3866 3905//3867 3903//3865 3902//3864
f 3904//3866 3906//3868 3907//3869 3905//3867
f 3904//3866 3895//3857 3897//3859 3906//3868
f 3904//3866 3902//3864 3893//3855 3895//3857
f 3908//3870 3909//3871 3907//3869 3906//3868
f 3908//3870 3752//3714 3750//3712 3909//3871
f 3908//3870 3899//3861 3754//3716 3752//3714
f 3908//3870 3906//3868 3897//3859 3899//3861
f 3910//3872 3911//3873 2518//2498 2514//2494
f 3910//3872 3912//3874 3913//3875 3911//3873
f 3910//3872 3901//3863 3903//3865 3912//3874
f 3910//3872 2514//2494 2469//2449 3901//3863
f 3914//3876 3915//3877 3913//3875 3912//3874
f 3914//3876 3916//3878 3917//3879 3915//3877
f 3914//3876 3905//3867 3907//3869 3916//3878
f 3914//3876 3912//3874 3903//3865 3905//3867
f 3918//3880 3919//3881 3917//3879 3916//3878
f 3918//3880 3748//3710 3746//3708 3919//3881
f 3918//3880 3909//3871 3750//3712 3748//3710
f 3918//3880 3916//3878 3907//3869 3909//3871
f 3920//3882 3921//3883 2555//2535 2551//2531
f 3920//3882 3922//3884 3923//3885 3921//3883
f 3920//3882 3911//3873 3913//3875 3922//3884
f 3920//3882 2551//2531 2518//2498 3911//3873
f 3924//3886 3925//3887 3923//3885 3922//3884
f 3924//3886 3926//3888 3927//3889 3925//3887
f 3924//3886 3915//3877 3917//3879 3926//3888
f 3924//3886 3922//3884 3913//3875 3915//3877
f 3928//3890 3929//3891 3927//3889 3926//3888
f 3928//3890 3744//3706 3743//3705 3929//3891
f 3928//3890 3919//3881 3746//3708 3744//3706
f 3928//3890 3926//3888 3917//3879 3919//3881
f 3930//3892 3931//3893 2122//2102 2121//2101
f 3930//3892 3732//3694 3734//3696 3931//3893
f 3930//3892 2121//2101 2124//2104 3732//3694
f 3932//3894 3553//3515 2819//2785 2815//2781
f 3932//3894 3933//3895 3554//3516 3553//3515
f 3932//3894 3934//3896 3935//3897 3933//3895
f 3932//3894 2815//2781 825//809 3934//3896
f 3936//3898 3799//3761 2118//2098 2116//2096
f 3936//3898 3937//3899 3800//3762 3799//3761
f 3936//3898 2116//2096 2026//2006 3937//3899
f 3938//3900 2025//2005 2027//2007 3266//3229
f 3938//3900 3939//3901 2026//2006 2025//2005
f 3938//3900 3266//3229 1298//1279 3939//3901
f 3940//3902 3941//3903 3806//3768 3805//3767
f 3940//3902 3939//3901 1298//1279 3941//3903
f 3940//3902 3937//3899 2026//2006 3939//3901
f 3940//3902 3805//3767 3800//3762 3937//3899
f 3942//3904 3809//3771 3806//3768 3941//3903
f 3942//3904 3943//3905 3794//3756 3809//3771
f 3942//3904 3941//3903 1298//1279 3943//3905
f 3944//3906 2829//2795 2831//2797 3793//3755
f 3944//3906 3945//3907 846//830 2829//2795
f 3944//3906 3793//3755 3794//3756 3945//3907
f 3946//3908 3945//3907 3794//3756 3943//3905
f 3946//3908 1980//1960 846//830 3945//3907
f 3946//3908 3943//3905 1298//1279 1980//1960
f 3947//3909 3215//3178 2122//2102 3948//3910
f 3947//3909 3202//3165 3201//3164 3215//3178
f 3947//3909 3948//3910 1225//1206 3202//3165
f 3949//3911 3931//3893 3734//3696 3950//3912
f 3949//3911 3948//3910 2122//2102 3931//3893
f 3949//3911 3950//3912 1225//1206 3948//3910
f 3951//3913 3736//3698 3738//3700 3952//3914
f 3951//3913 3950//3912 3734//3696 3736//3698
f 3951//3913 3952//3914 1225//1206 3950//3912
f 3953//3915 3740//3702 3554//3516 3954//3916
f 3953//3915 3952//3914 3738//3700 3740//3702
f 3953//3915 3954//3916 1225//1206 3952//3914
f 3955//3917 3956//3918 3935//3897 3934//3896
f 3955//3917 1992//1972 1991//1971 3956//3918
f 3955//3917 3934//3896 825//809 1992//1972
f 3957//3919 3954//3916 3554//3516 3933//3895
f 3957//3919 1994//1974 1225//1206 3954//3916
f 3957//3919 3956//3918 1991//1971 1994//1974
f 3957//3919 3933//3895 3935//3897 3956//3918
f 549//549 548//548 3969//3920 3970//3921
f 876//859 883//866 3991//3922 3988//3923
f 1955//1935 1954//1934 4009//3924 4010//3925
f 611//604 618//604 3982//3926 3979//3926
f 564//564 563//563 3972//3927 3973//3928
f 604//604 612//604 3980//3926 3976//3926
f 618//604 617//604 3981//3926 3982//3926
f 1339//1320 1343//1324 3999//3929 3997//3930
f 1954//1934 564//564 3973//3928 4009//3924
f 623//615 1777//1757 4008//3931 3983//3932
f 1962//1942 1959//1939 4012//3933 4013//3933
f 1649//1629 1653//1633 4006//3934 4004//3934
f 877//860 876//859 3988//3923 3989//3935
f 199//199 217//217 3967//3936 3964//3937
f 1343//1324 987//969 3995//3938 3999//3929
f 1653//1633 1638//1618 4001//3934 4006//3934
f 1644//1624 1643//1623 4002//3939 4003//3940
f 595//595 69//69 3960//3941 3974//3942
f 888//871 1272//1253 3996//3943 3992//3944
f 547//547 1644//1624 4003//3940 3968//3945
f 1637//1617 606//606 3978//3946 4000//3947
f 1340//1321 1339//1320 3997//3930 3998//3948
f 605//605 604//604 3976//3926 3977//3949
f 871//855 870//854 3986//3950 3987//3951
f 101//101 100//100 3962//3952 3963//3953
f 617//604 624//616 3984//3954 3981//3926
f 597//597 549//549 3970//3921 3975//3955
f 1777//1757 1776//1756 4007//3933 4008//3931
f 869//853 877//860 3989//3935 3985//3956
f 883//866 882//865 3990//3957 3991//3922
f 870//854 869//853 3985//3956 3986//3950
f 1272//1253 101//101 3963//3953 3996//3943
f 987//969 986//968 3994//3958 3995//3938
f 99//99 200//200 3965//3959 3961//3960
f 986//968 871//855 3987//3951 3994//3958
f 1643//1623 1650//1630 4005//3961 4002//3939
f 217//217 216//216 3966//3962 3967//3936
f 216//216 597//597 3975//3955 3966//3962
f 67//67 1340//1321 3998//3948 3958//3963
f 548//548 547//547 3968//3945 3969//3920
f 606//606 605//605 3977//3949 3978//3946
f 1959//1939 1958//1938 4011//3964 4012//3933
f 1650//1630 1649//1629 4004//3934 4005//3961
f 200//200 199//199 3964//3937 3965//3959
f 624//616 623//615 3983//3932 3984//3954
f 100//100 99//99 3961//3960 3962//3952
f 68//68 67//67 3958//3963 3959//3965
f 882//865 889//872 3993//3966 3990//3957
f 562//562 595//595 3974//3942 3971//3967
f 1776//1756 1962//1942 4013//3933 4007//3933
f 1638//1618 1637//1617 4000//3947 4001//3934
f 563//563 562//562 3971//3967 3972//3927
f 889//872 888//871 3992//3944 3993//3966
f 612//604 611//604 3979//3926 3980//3926
f 69//69 68//68 3959//3965 3960//3941
f 1958//1938 1955//1935 4010//3925 4011//3964
f 3995//3938 3994//3958 4050//3968 4051//3969
f 3984//3954 3983//3932 4039//3970 4040//3971
f 4012//3933 4011//3964 4067//3972 4068//3973
f 3974//3942 3960//3941 4016//3974 4030//3975
f 3966//3962 3975//3955 4031//3976 4022//3977
f 3982//3926 3981//3926 4037//3978 4038//3978
f 3977//3949 3976//3926 4032//3979 4033//3980
f 4000//3947 3978//3946 4034//3981 4056//3982
f 3981//3926 3984//3954 4040//3971 4037//3978
f 3979//3926 3982//3926 4038//3978 4035//3978
f 4007//3933 4013//3933 4069//3973 4063//3973
f 4002//3939 4005//3961 4061//3983 4058//3984
f 3996//3943 3963//3953 4019//3985 4052//3986
f 3978//3946 3977//3949 4033//3980 4034//3981
f 4006//3934 4001//3934 4057//3987 4062//3987
f 3976//3926 3980//3926 4036//3979 4032//3979
f 3964//3937 3967//3936 4023//3988 4020//3989
f 3997//3930 3999//3929 4055//3990 4053//3991
f 3969//3920 3968//3945 4024//3992 4025//3993
f 3961//3960 3965//3959 4021//3994 4017//3995
f 3970//3921 3969//3920 4025//3993 4026//3996
f 3998//3948 3997//3930 4053//3991 4054//3997
f 3999//3929 3995//3938 4051//3969 4055//3990
f 4009//3924 3973//3928 4029//3998 4065//3999
f 3992//3944 3996//3943 4052//3986 4048//4000
f 3958//3963 3998//3948 4054//3997 4014//4001
f 3959//3965 3958//3963 4014//4001 4015//4002
f 3975//3955 3970//3921 4026//3996 4031//3976
f 4001//3934 4000//3947 4056//3982 4057//3987
f 3980//3926 3979//3926 4035//3978 4036//3979
f 3960//3941 3959//3965 4015//4002 4016//3974
f 3962//3952 3961//3960 4017//3995 4018//4003
f 3971//3967 3974//3942 4030//3975 4027//4004
f 4010//3925 4009//3924 4065//3999 4066//4005
f 4004//3934 4006//3934 4062//3987 4060//3987
f 3990//3957 3993//3966 4049//4006 4046//4007
f 3965//3959 3964//3937 4020//3989 4021//3994
f 3989//3935 3988//3923 4044//4008 4045//4009
f 3972//3927 3971//3967 4027//4004 4028//4010
f 3988//3923 3991//3922 4047//4011 4044//4008
f 3973//3928 3972//3927 4028//4010 4029//3998
f 3963//3953 3962//3952 4018//4003 4019//3985
f 3993//3966 3992//3944 4048//4000 4049//4006
f 3986//3950 3985//3956 4041//4012 4042//4013
f 3983//3932 4008//3931 4064//4014 4039//3970
f 3991//3922 3990//3957 4046//4007 4047//4011
f 3994//3958 3987//3951 4043//4015 4050//3968
f 4008//3931 4007//3933 4063//3973 4064//4014
f 4013//3933 4012//3933 4068//3973 4069//3973
f 4005//3961 4004//3934 4060//3987 4061//3983
f 3968//3945 4003//3940 4059//4016 4024//3992
f 4003//3940 4002//3939 4058//3984 4059//4016
f 4011//3964 4010//3925 4066//4005 4067//3972
f 3987//3951 3986//3950 4042//4013 4043//4015
f 3967//3936 3966//3962 4022//3977 4023//3988
f 3985//3956 3989//3935 4045//4009 4041//4012
f 4049//4006 4048//4000 4104//4017 4105//4018
f 4042//4013 4041//4012 4097//4019 4098//4020
f 4039//3970 4064//4014 4120//4021 4095//4022
f 4047//4011 4046//4007 4102//4019 4103//4019
f 4050//3968 4043//4015 4099//4023 4106//4024
f 4064//4014 4063//3973 4119//4025 4120//4021
f 4069//3973 4068//3973 4124//4025 4125//4026
f 4061//3983 4060//3987 4116//4027 4117//4027
f 4024//3992 4059//4016 4115//4028 4080//4029
f 4059//4016 4058//3984 4114//4030 4115//4028
f 4067//3972 4066//4005 4122//4026 4123//4031
f 4043//4015 4042//4013 4098//4020 4099//4023
f 4023//3988 4022//3977 4078//4032 4079//4033
f 4041//4012 4045//4009 4101//4019 4097//4019
f 4051//3969 4050//3968 4106//4024 4107//4034
f 4040//3971 4039//3970 4095//4022 4096//4035
f 4068//3973 4067//3972 4123//4031 4124//4025
f 4030//3975 4016//3974 4072//4036 4086//4037
f 4022//3977 4031//3976 4087//4038 4078//4032
f 4038//3978 4037//3978 4093//4039 4094//4039
f 4033//3980 4032//3979 4088//4039 4089//4040
f 4056//3982 4034//3981 4090//4041 4112//4042
f 4037//3978 4040//3971 4096//4035 4093//4039
f 4035//3978 4038//3978 4094//4039 4091//4039
f 4063//3973 4069//3973 4125//4026 4119//4025
f 4058//3984 4061//3983 4117//4027 4114//4030
f 4052//3986 4019//3985 4075//4043 4108//4044
f 4034//3981 4033//3980 4089//4040 4090//4041
f 4062//3987 4057//3987 4113//4030 4118//4030
f 4032//3979 4036//3979 4092//4039 4088//4039
f 4020//3989 4023//3988 4079//4033 4076//4043
f 4053//3991 4055//3990 4111//4045 4109//4046
f 4025//3993 4024//3992 4080//4029 4081//4047
f 4017//3995 4021//3994 4077//4043 4073//4043
f 4026//3996 4025//3993 4081//4047 4082//4048
f 4054//3997 4053//3991 4109//4046 4110//4049
f 4055//3990 4051//3969 4107//4034 4111//4045
f 4065//3999 4029//3998 4085//4050 4121//4051
f 4048//4000 4052//3986 4108//4044 4104//4017
f 4014//4001 4054//3997 4110//4049 4070//4052
f 4015//4002 4014//4001 4070//4052 4071//4053
f 4031//3976 4026//3996 4082//4048 4087//4038
f 4057//3987 4056//3982 4112//4042 4113//4030
f 4036//3979 4035//3978 4091//4039 4092//4039
f 4016//3974 4015//4002 4071//4053 4072//4036
f 4018//4003 4017//3995 4073//4043 4074//4043
f 4027//4004 4030//3975 4086//4037 4083//4054
f 4066//4005 4065//3999 4121//4051 4122//4026
f 4060//3987 4062//3987 4118//4030 4116//4027
f 4046//4007 4049//4006 4105//4018 4102//4019
f 4021//3994 4020//3989 4076//4043 4077//4043
f 4045//4009 4044//4008 4100//4019 4101//4019
f 4028//4010 4027//4004 4083//4054 4084//4055
f 4044//4008 4047//4011 4103//4019 4100//4019
f 4029//3998 4028//4010 4084//4055 4085//4050
f 4019//3985 4018//4003 4074//4043 4075//4043
f 4113//4030 4112//4042 4168//4056 4169//4057
f 4092//4039 4091//4039 4147//4058 4148//4058
f 4072//4036 4071//4053 4127//4059 4128//4060
f 4074//4043 4073//4043 4129//4061 4130//4062
f 4083//4054 4086//4037 4142//4063 4139//4064
f 4122//4026 4121//4051 4177//4065 4178//4066
f 4116//4027 4118//4030 4174//4057 4172//4057
f 4102//4019 4105//4018 4161//4067 4158//4068
f 4077//4043 4076//4043 4132//4069 4133//4070
f 4101//4019 4100//4019 4156//4071 4157//4072
f 4084//4055 4083//4054 4139//4064 4140//4073
f 4100//4019 4103//4019 4159//4074 4156//4071
f 4085//4050 4084//4055 4140//4073 4141//4075
f 4075//4043 4074//4043 4130//4062 4131//4076
f 4105//4018 4104//4017 4160//4077 4161//4067
f 4098//4020 4097//4019 4153//4078 4154//4079
f 4095//4022 4120//4021 4176//4080 4151//4081
f 4103//4019 4102//4019 4158//4068 4159//4074
f 4106//4024 4099//4023 4155//4082 4162//4083
f 4120//4021 4119//4025 4175//4084 4176//4080
f 4125//4026 4124//4025 4180//4084 4181//4084
f 4117//4027 4116//4027 4172//4057 4173//4085
f 4080//4029 4115//4028 4171//4086 4136//4087
f 4115//4028 4114//4030 4170//4088 4171//4086
f 4123//4031 4122//4026 4178//4066 4179//4089
f 4099//4023 4098//4020 4154//4079 4155//4082
f 4079//4033 4078//4032 4134//4090 4135//4091
f 4097//4019 4101//4019 4157//4072 4153//4078
f 4107//4034 4106//4024 4162//4083 4163//4092
f 4096//4035 4095//4022 4151//4081 4152//4093
f 4124//4025 4123//4031 4179//4089 4180//4084
f 4086//4037 4072//4036 4128//4060 4142//4063
f 4078//4032 4087//4038 4143//4094 4134//4090
f 4094//4039 4093//4039 4149//4058 4150//4058
f 4089//4040 4088//4039 4144//4058 4145//4095
f 4112//4042 4090//4041 4146//4096 4168//4056
f 4093//4039 4096//4035 4152//4093 4149//4058
f 4091//4039 4094//4039 4150//4058 4147//4058
f 4119//4025 4125//4026 4181//4084 4175//4084
f 4114//4030 4117//4027 4173//4085 4170//4088
f 4108//4044 4075//4043 4131//4076 4164//4097
f 4090//4041 4089//4040 4145//4095 4146//4096
f 4118//4030 4113//4030 4169//4057 4174//4057
f 4088//4039 4092//4039 4148//4058 4144//4058
f 4076//4043 4079//4033 4135//4091 4132//4069
f 4109//4046 4111//4045 4167//4098 4165//4099
f 4081//4047 4080//4029 4136//4087 4137//4100
f 4073//4043 4077//4043 4133//4070 4129//4061
f 4082//4048 4081//4047 4137//4100 4138//4101
f 4110//4049 4109//4046 4165//4099 4166//4102
f 4111//4045 4107//4034 4163//4092 4167//4098
f 4121//4051 4085//4050 4141//4075 4177//4065
f 4104//4017 4108//4044 4164//4097 4160//4077
f 4070//4052 4110//4049 4166//4102 4126//4103
f 4071//4053 4070//4052 4126//4103 4127//4059
f 4087//4038 4082//4048 4138//4101 4143//4094
f 4133//4070 4132//4069 4188//4104 4189//4105
f 4164//4097 4131//4076 4187//4106 4220//4107
f 4174//4057 4169//4057 4225//4057 4230//4057
f 4140//4073 4139//4064 4195//4108 4196//4109
f 4144//4058 4148//4058 4204//4058 4200//4058
f 4141//4075 4140//4073 4196//4109 4197//4110
f 4165//4099 4167//4098 4223//4111 4221//4112
f 4129//4061 4133//4070 4189//4105 4185//4113
f 4161//4067 4160//4077 4216//4114 4217//4115
f 4166//4102 4165//4099 4221//4112 4222//4116
f 4151//4081 4176//4080 4232//4117 4207//4118
f 4162//4083 4155//4082 4211//4119 4218//4120
f 4177//4065 4141//4075 4197//4110 4233//4121
f 4181//4084 4180//4084 4236//4084 4237//4084
f 4126//4103 4166//4102 4222//4116 4182//4122
f 4136//4087 4171//4086 4227//4123 4192//4124
f 4143//4094 4138//4101 4194//4125 4199//4126
f 4179//4089 4178//4066 4234//4127 4235//4128
f 4148//4058 4147//4058 4203//4058 4204//4058
f 4135//4091 4134//4090 4190//4129 4191//4130
f 4130//4062 4129//4061 4185//4113 4186//4131
f 4163//4092 4162//4083 4218//4120 4219//4132
f 4178//4066 4177//4065 4233//4121 4234//4127
f 4180//4084 4179//4089 4235//4128 4236//4084
f 4158//4068 4161//4067 4217//4115 4214//4133
f 4134//4090 4143//4094 4199//4126 4190//4129
f 4157//4072 4156//4071 4212//4134 4213//926
f 4168//4056 4146//4096 4202//4135 4224//4136
f 4156//4071 4159//4074 4215//4137 4212//4134
f 4175//4084 4181//4084 4237//4084 4231//4084
f 4131//4076 4130//4062 4186//4131 4187//4106
f 4146//4096 4145//4095 4201//4138 4202//4135
f 4154//4079 4153//4078 4209//4078 4210//4139
f 4159//4074 4158//4068 4214//4133 4215//4137
f 4132//4069 4135//4091 4191//4130 4188//4104
f 4176//4080 4175//4084 4231//4084 4232//4117
f 4137//4100 4136//4087 4192//4124 4193//4140
f 4173//4085 4172//4057 4228//4057 4229//4141
f 4138//4101 4137//4100 4193//4140 4194//4125
f 4171//4086 4170//4088 4226//4142 4227//4123
f 4167//4098 4163//4092 4219//4132 4223//4111
f 4155//4082 4154//4079 4210//4139 4211//4119
f 4160//4077 4164//4097 4220//4107 4216//4114
f 4153//4078 4157//4072 4213//926 4209//4078
f 4127//4059 4126//4103 4182//4122 4183//4143
f 4152//4093 4151//4081 4207//4118 4208//4144
f 4169//4057 4168//4056 4224//4136 4225//4057
f 4142//4063 4128//4060 4184//4145 4198//4146
f 4128//4060 4127//4059 4183//4143 4184//4145
f 4150//4058 4149//4058 4205//4058 4206//4058
f 4139//4064 4142//4063 4198//4146 4195//4108
f 4145//4095 4144//4058 4200//4058 4201//4138
f 4149//4058 4152//4093 4208//4144 4205//4058
f 4172//4057 4174//4057 4230//4057 4228//4057
f 4147//4058 4150//4058 4206//4058 4203//4058
f 4170//4088 4173//4085 4229//4141 4226//4142
f 4223//4111 4219//4132 4275//4034 4279//4045
f 4233//4121 4197//4110 4253//4050 4289//4051
f 4216//4114 4220//4107 4276//4044 4272//4017
f 4182//4122 4222//4116 4278//4049 4238//4052
f 4183//4143 4182//4122 4238//4052 4239//4053
f 4199//4126 4194//4125 4250//4048 4255//4038
f 4225//4057 4224//4136 4280//4042 4281//4030
f 4204//4058 4203//4058 4259//4039 4260//4039
f 4184//4145 4183//4143 4239//4053 4240//4036
f 4186//4131 4185//4113 4241//4043 4242//4043
f 4195//4108 4198//4146 4254//4037 4251//4054
f 4234//4127 4233//4121 4289//4051 4290//4026
f 4228//4057 4230//4057 4286//4030 4284//4027
f 4214//4133 4217//4115 4273//4018 4270//4019
f 4189//4105 4188//4104 4244//4043 4245//4043
f 4213//926 4212//4134 4268//4019 4269//4019
f 4196//4109 4195//4108 4251//4054 4252//4055
f 4212//4134 4215//4137 4271//4019 4268//4019
f 4197//4110 4196//4109 4252//4055 4253//4050
f 4187//4106 4186//4131 4242//4043 4243//4043
f 4217//4115 4216//4114 4272//4017 4273//4018
f 4210//4139 4209//4078 4265//4019 4266//4020
f 4207//4118 4232//4117 4288//4021 4263//4022
f 4215//4137 4214//4133 4270//4019 4271//4019
f 4218//4120 4211//4119 4267//4023 4274//4024
f 4232//4117 4231//4084 4287//4025 4288//4021
f 4237//4084 4236//4084 4292//4025 4293//4026
f 4229//4141 4228//4057 4284//4027 4285//4027
f 4192//4124 4227//4123 4283//4028 4248//4029
f 4227//4123 4226//4142 4282//4030 4283//4028
f 4235//4128 4234//4127 4290//4026 4291//4031
f 4211//4119 4210//4139 4266//4020 4267//4023
f 4191//4130 4190//4129 4246//4032 4247//4033
f 4209//4078 4213//926 4269//4019 4265//4019
f 4219//4132 4218//4120 4274//4024 4275//4034
f 4208//4144 4207//4118 4263//4022 4264//4035
f 4236//4084 4235//4128 4291//4031 4292//4025
f 4198//4146 4184//4145 4240//4036 4254//4037
f 4190//4129 4199//4126 4255//4038 4246//4032
f 4206//4058 4205//4058 4261//4039 4262//4039
f 4201//4138 4200//4058 4256//4039 4257//4040
f 4224//4136 4202//4135 4258//4041 4280//4042
f 4205//4058 4208//4144 4264//4035 4261//4039
f 4203//4058 4206//4058 4262//4039 4259//4039
f 4231//4084 4237//4084 4293//4026 4287//4025
f 4226//4142 4229//4141 4285//4027 4282//4030
f 4220//4107 4187//4106 4243//4043 4276//4044
f 4202//4135 4201//4138 4257//4040 4258//4041
f 4230//4057 4225//4057 4281//4030 4286//4030
f 4200//4058 4204//4058 4260//4039 4256//4039
f 4188//4104 4191//4130 4247//4033 4244//4043
f 4221//4112 4223//4111 4279//4045 4277//4046
f 4193//4140 4192//4124 4248//4029 4249//4047
f 4185//4113 4189//4105 4245//4043 4241//4043
f 4194//4125 4193//4140 4249//4047 4250//4048
f 4222//4116 4221//4112 4277//4046 4278//4049
f 4246//4032 4255//4038 4311//4038 4302//4032
f 4262//4039 4261//4039 4317//4039 4318//4039
f 4257//4040 4256//4039 4312//4039 4313//4040
f 4280//4042 4258//4041 4314//4041 4336//4042
f 4261//4039 4264//4035 4320//4035 4317//4039
f 4259//4039 4262//4039 4318//4039 4315//4039
f 4287//4025 4293//4026 4349//4026 4343//4025
f 4282//4030 4285//4027 4341//4027 4338//4030
f 4276//4044 4243//4043 4299//4043 4332//4044
f 4258//4041 4257//4040 4313//4040 4314//4041
f 4286//4030 4281//4030 4337//4030 4342//4030
f 4256//4039 4260//4039 4316//4039 4312//4039
f 4244//4043 4247//4033 4303//4033 4300//4043
f 4277//4046 4279//4045 4335//4045 4333//4046
f 4249//4047 4248//4029 4304//4029 4305//4047
f 4241//4043 4245//4043 4301//4043 4297//4043
f 4250//4048 4249//4047 4305//4047 4306//4048
f 4278//4049 4277//4046 4333//4046 4334//4049
f 4279//4045 4275//4034 4331//4034 4335//4045
f 4289//4051 4253//4050 4309//4050 4345//4051
f 4272//4017 4276//4044 4332//4044 4328//4017
f 4238//4052 4278//4049 4334//4049 4294//4052
f 4239//4053 4238//4052 4294//4052 4295//4053
f 4255//4038 4250//4048 4306//4048 4311//4038
f 4281//4030 4280//4042 4336//4042 4337//4030
f 4260//4039 4259//4039 4315//4039 4316//4039
f 4240//4036 4239//4053 4295//4053 4296//4036
f 4242//4043 4241//4043 4297//4043 4298//4043
f 4251//4054 4254//4037 4310//4037 4307//4054
f 4290//4026 4289//4051 4345//4051 4346//4026
f 4284//4027 4286//4030 4342//4030 4340//4027
f 4270//4019 4273//4018 4329//4018 4326//4019
f 4245//4043 4244//4043 4300//4043 4301//4043
f 4269//4019 4268//4019 4324//4019 4325//4019
f 4252//4055 4251//4054 4307//4054 4308//4055
f 4268//4019 4271//4019 4327//4019 4324//4019
f 4253//4050 4252//4055 4308//4055 4309//4050
f 4243//4043 4242//4043 4298//4043 4299//4043
f 4273//4018 4272//4017 4328//4017 4329//4018
f 4266//4020 4265//4019 4321//4019 4322//4020
f 4263//4022 4288//4021 4344//4021 4319//4022
f 4271//4019 4270//4019 4326//4019 4327//4019
f 4274//4024 4267//4023 4323//4023 4330//4024
f 4288//4021 4287//4025 4343//4025 4344//4021
f 4293//4026 4292//4025 4348//4025 4349//4026
f 4285//4027 4284//4027 4340//4027 4341//4027
f 4248//4029 4283//4028 4339//4028 4304//4029
f 4283//4028 4282//4030 4338//4030 4339//4028
f 4291//4031 4290//4026 4346//4026 4347//4031
f 4267//4023 4266//4020 4322//4020 4323//4023
f 4247//4033 4246//4032 4302//4032 4303//4033
f 4265//4019 4269//4019 4325//4019 4321//4019
f 4275//4034 4274//4024 4330//4024 4331//4034
f 4264//4035 4263//4022 4319//4022 4320//4035
f 4292//4025 4291//4031 4347//4031 4348//4025
f 4254//4037 4240//4036 4296//4036 4310//4037
f 4330//4024 4323//4023 4379//4023 4386//4024
f 4344//4021 4343//4025 4399//4025 4400//4021
f 4349//4026 4348//4025 4404//4025 4405//4026
f 4341//4027 4340//4027 4396//4027 4397//4027
f 4304//4029 4339//4028 4395//4028 4360//4029
f 4339//4028 4338//4030 4394//4030 4395//4028
f 4347//4031 4346//4026 4402//4026 4403//4031
f 4323//4023 4322//4020 4378//4020 4379//4023
f 4303//4033 4302//4032 4358//4032 4359//4033
f 4321//4019 4325//4019 4381//4019 4377//4019
f 4331//4034 4330//4024 4386//4024 4387//4034
f 4320//4035 4319//4022 4375//4022 4376//4035
f 4348//4025 4347//4031 4403//4031 4404//4025
f 4310//4037 4296//4036 4352//4036 4366//4037
f 4302//4032 4311//4038 4367//4038 4358//4032
f 4318//4039 4317//4039 4373//4039 4374//4039
f 4313//4040 4312//4039 4368//4039 4369//4040
f 4336//4042 4314//4041 4370//4147 4392//4042
f 4317//4039 4320//4035 4376//4035 4373//4039
f 4315//4039 4318//4039 4374//4039 4371//4039
f 4343//4025 4349//4026 4405//4026 4399//4025
f 4338//4030 4341//4027 4397//4027 4394//4030
f 4332//4044 4299//4043 4355//4043 4388//4044
f 4314//4041 4313//4040 4369//4040 4370//4147
f 4342//4030 4337//4030 4393//4030 4398//4030
f 4312//4039 4316//4039 4372//4039 4368//4039
f 4300//4043 4303//4033 4359//4033 4356//4043
f 4333//4046 4335//4045 4391//4045 4389//4046
f 4305//4047 4304//4029 4360//4029 4361//4047
f 4297//4043 4301//4043 4357//4043 4353//4043
f 4306//4048 4305//4047 4361//4047 4362//4048
f 4334//4049 4333//4046 4389//4046 4390//4049
f 4335//4045 4331//4034 4387//4034 4391//4045
f 4345//4051 4309//4050 4365//4050 4401//4051
f 4328//4017 4332//4044 4388//4044 4384//4017
f 4294//4052 4334//4049 4390//4049 4350//4052
f 4295//4053 4294//4052 4350//4052 4351//4053
f 4311//4038 4306//4048 4362//4048 4367//4038
f 4337//4030 4336//4042 4392//4042 4393//4030
f 4316//4039 4315//4039 4371//4039 4372//4039
f 4296//4036 4295//4053 4351//4053 4352//4036
f 4298//4043 4297//4043 4353//4043 4354//4043
f 4307//4054 4310//4037 4366//4037 4363//4054
f 4346//4026 4345//4051 4401//4051 4402//4026
f 4340//4027 4342//4030 4398//4030 4396//4027
f 4326//4019 4329//4018 4385//4018 4382//4019
f 4301//4043 4300//4043 4356//4043 4357//4043
f 4325//4019 4324//4019 4380//4019 4381//4019
f 4308//4055 4307//4054 4363//4054 4364//4055
f 4324//4019 4327//4019 4383//4019 4380//4019
f 4309//4050 4308//4055 4364//4055 4365//4050
f 4299//4043 4298//4043 4354//4043 4355//4043
f 4329//4018 4328//4017 4384//4017 4385//4018
f 4322//4020 4321//4019 4377//4019 4378//4020
f 4319//4022 4344//4021 4400//4021 4375//4022
f 4327//4019 4326//4019 4382//4019 4383//4019
f 4363//4054 4366//4037 4422//4037 4419//4054
f 4402//4026 4401//4051 4457//4051 4458//4026
f 4396//4027 4398//4030 4454//4030 4452//4027
f 4382//4019 4385//4018 4441//4018 4438//4019
f 4357//4043 4356//4043 4412//4043 4413//4043
f 4381//4019 4380//4019 4436//4019 4437//4019
f 4364//4055 4363//4054 4419//4054 4420//4055
f 4380//4019 4383//4019 4439//4019 4436//4019
f 4365//4050 4364//4055 4420//4055 4421//4050
f 4355//4043 4354//4043 4410//4043 4411//4043
f 4385//4018 4384//4017 4440//4017 4441//4018
f 4378//4020 4377//4019 4433//4019 4434//4020
f 4375//4022 4400//4021 4456//4021 4431//4022
f 4383//4019 4382//4019 4438//4019 4439//4019
f 4386//4024 4379//4023 4435//4023 4442//4024
f 4400//4021 4399//4025 4455//4025 4456//4021
f 4405//4026 4404//4025 4460//4025 4461//4026
f 4397//4027 4396//4027 4452//4027 4453//4027
f 4360//4029 4395//4028 4451//4028 4416//4029
f 4395//4028 4394//4030 4450//4030 4451//4028
f 4403//4031 4402//4026 4458//4026 4459//4031
f 4379//4023 4378//4020 4434//4020 4435//4023
f 4359//4033 4358//4032 4414//4032 4415//4033
f 4377//4019 4381//4019 4437//4019 4433//4019
f 4387//4034 4386//4024 4442//4024 4443//4034
f 4376//4035 4375//4022 4431//4022 4432//4035
f 4404//4025 4403//4031 4459//4031 4460//4025
f 4366//4037 4352//4036 4408//4036 4422//4037
f 4358//4032 4367//4038 4423//4038 4414//4032
f 4374//4039 4373//4039 4429//4039 4430//4039
f 4369//4040 4368//4039 4424//4039 4425//4040
f 4392//4042 4370//4147 4426//4041 4448//4042
f 4373//4039 4376//4035 4432//4035 4429//4039
f 4371//4039 4374//4039 4430//4039 4427//4039
f 4399//4025 4405//4026 4461//4026 4455//4025
f 4394//4030 4397//4027 4453//4027 4450//4030
f 4388//4044 4355//4043 4411//4043 4444//4044
f 4370//4147 4369//4040 4425//4040 4426//4041
f 4398//4030 4393//4030 4449//4030 4454//4030
f 4368//4039 4372//4039 4428//4039 4424//4039
f 4356//4043 4359//4033 4415//4033 4412//4043
f 4389//4046 4391//4045 4447//4045 4445//4046
f 4361//4047 4360//4029 4416//4029 4417//4047
f 4353//4043 4357//4043 4413//4043 4409//4043
f 4362//4048 4361//4047 4417//4047 4418//4048
f 4390//4049 4389//4046 4445//4046 4446//4049
f 4391//4045 4387//4034 4443//4034 4447//4045
f 4401//4051 4365//4050 4421//4050 4457//4051
f 4384//4017 4388//4044 4444//4044 4440//4017
f 4350//4052 4390//4049 4446//4049 4406//4052
f 4351//4053 4350//4052 4406//4052 4407//4053
f 4367//4038 4362//4048 4418//4048 4423//4038
f 4393//4030 4392//4042 4448//4042 4449//4030
f 4372//4039 4371//4039 4427//4039 4428//4039
f 4352//4036 4351//4053 4407//4053 4408//4036
f 4354//4043 4353//4043 4409//4043 4410//4043
f 4445//4046 4447//4045 4503//4045 4501//4046
f 4417//4047 4416//4029 4472//4029 4473//4047
f 4409//4043 4413//4043 4469//4043 4465//4043
f 4418//4048 4417//4047 4473//4047 4474//4048
f 4446//4049 4445//4046 4501//4046 4502//4049
f 4447//4045 4443//4034 4499//4034 4503//4045
f 4457//4051 4421//4050 4477//4050 4513//4051
f 4440//4017 4444//4044 4500//4044 4496//4017
f 4406//4052 4446//4049 4502//4049 4462//4052
f 4407//4053 4406//4052 4462//4052 4463//4053
f 4423//4038 4418//4048 4474//4048 4479//4038
f 4449//4030 4448//4042 4504//4042 4505//4030
f 4428//4039 4427//4039 4483//4039 4484//4039
f 4408//4036 4407//4053 4463//4053 4464//4036
f 4410//4043 4409//4043 4465//4043 4466//4043
f 4419//4054 4422//4037 4478//4037 4475//4054
f 4458//4026 4457//4051 4513//4051 4514//4026
f 4452//4027 4454//4030 4510//4030 4508//4027
f 4438//4019 4441//4018 4497//4018 4494//4019
f 4413//4043 4412//4043 4468//4043 4469//4043
f 4437//4019 4436//4019 4492//4019 4493//4019
f 4420//4055 4419//4054 4475//4054 4476//4055
f 4436//4019 4439//4019 4495//4019 4492//4019
f 4421//4050 4420//4055 4476//4055 4477//4050
f 4411//4043 4410//4043 4466//4043 4467//4043
f 4441//4018 4440//4017 4496//4017 4497//4018
f 4434//4020 4433//4019 4489//4019 4490//4020
f 4431//4022 4456//4021 4512//4021 4487//4022
f 4439//4019 4438//4019 4494//4019 4495//4019
f 4442//4024 4435//4023 4491//4023 4498//4024
f 4456//4021 4455//4025 4511//4025 4512//4021
f 4461//4026 4460//4025 4516//4025 4517//4026
f 4453//4027 4452//4027 4508//4027 4509//4027
f 4416//4029 4451//4028 4507//4028 4472//4029
f 4451//4028 4450//4030 4506//4030 4507//4028
f 4459//4031 4458//4026 4514//4026 4515//4031
f 4435//4023 4434//4020 4490//4020 4491//4023
f 4415//4033 4414//4032 4470//4032 4471//4033
f 4433//4019 4437//4019 4493//4019 4489//4019
f 4443//4034 4442//4024 4498//4024 4499//4034
f 4432//4035 4431//4022 4487//4022 4488//4035
f 4460//4025 4459//4031 4515//4031 4516//4025
f 4422//4037 4408//4036 4464//4036 4478//4037
f 4414//4032 4423//4038 4479//4038 4470//4032
f 4430//4039 4429//4039 4485//4039 4486//4039
f 4425//4040 4424//4039 4480//4039 4481//4040
f 4448//4042 4426//4041 4482//4041 4504//4042
f 4429//4039 4432//4035 4488//4035 4485//4039
f 4427//4039 4430//4039 4486//4039 4483//4039
f 4455//4025 4461//4026 4517//4026 4511//4025
f 4450//4030 4453//4027 4509//4027 4506//4030
f 4444//4044 4411//4043 4467//4043 4500//4044
f 4426//4041 4425//4040 4481//4040 4482//4041
f 4454//4030 4449//4030 4505//4030 4510//4030
f 4424//4039 4428//4039 4484//4039 4480//4039
f 4412//4043 4415//4033 4471//4033 4468//4043
f 4489//4019 4493//4019 4549//4019 4545//4019
f 4499//4034 4498//4024 4554//4024 4555//4034
f 4488//4035 4487//4022 4543//4022 4544//4035
f 4516//4025 4515//4031 4571//4031 4572//4025
f 4478//4037 4464//4036 4520//4036 4534//4037
f 4470//4032 4479//4038 4535//4038 4526//4032
f 4486//4039 4485//4039 4541//4039 4542//4039
f 4481//4040 4480//4039 4536//4039 4537//4040
f 4504//4042 4482//4041 4538//4041 4560//4042
f 4485//4039 4488//4035 4544//4035 4541//4039
f 4483//4039 4486//4039 4542//4039 4539//4039
f 4511//4025 4517//4026 4573//4026 4567//4025
f 4506//4030 4509//4027 4565//4027 4562//4030
f 4500//4044 4467//4043 4523//4043 4556//4044
f 4482//4041 4481//4040 4537//4040 4538//4041
f 4510//4030 4505//4030 4561//4030 4566//4030
f 4480//4039 4484//4039 4540//4039 4536//4039
f 4468//4043 4471//4033 4527//4033 4524//4043
f 4501//4046 4503//4045 4559//4045 4557//4046
f 4473//4047 4472//4029 4528//4029 4529//4047
f 4465//4043 4469//4043 4525//4043 4521//4043
f 4474//4048 4473//4047 4529//4047 4530//4048
f 4502//4049 4501//4046 4557//4046 4558//4049
f 4503//4045 4499//4034 4555//4034 4559//4045
f 4513//4051 4477//4050 4533//4050 4569//4051
f 4496//4017 4500//4044 4556//4044 4552//4017
f 4462//4052 4502//4049 4558//4049 4518//4052
f 4463//4053 4462//4052 4518//4052 4519//4053
f 4479//4038 4474//4048 4530//4048 4535//4038
f 4505//4030 4504//4042 4560//4042 4561//4030
f 4484//4039 4483//4039 4539//4039 4540//4039
f 4464//4036 4463//4053 4519//4053 4520//4036
f 4466//4043 4465//4043 4521//4043 4522//4043
f 4475//4054 4478//4037 4534//4037 4531//4054
f 4514//4026 4513//4051 4569//4051 4570//4026
f 4508//4027 4510//4030 4566//4030 4564//4027
f 4494//4019 4497//4018 4553//4018 4550//4019
f 4469//4043 4468//4043 4524//4043 4525//4043
f 4493//4019 4492//4019 4548//4019 4549//4019
f 4476//4055 4475//4054 4531//4054 4532//4055
f 4492//4019 4495//4019 4551//4019 4548//4019
f 4477//4050 4476//4055 4532//4055 4533//4050
f 4467//4043 4466//4043 4522//4043 4523//4043
f 4497//4018 4496//4017 4552//4017 4553//4018
f 4490//4020 4489//4019 4545//4019 4546//4020
f 4487//4022 4512//4021 4568//4021 4543//4022
f 4495//4019 4494//4019 4550//4019 4551//4019
f 4498//4024 4491//4023 4547//4023 4554//4024
f 4512//4021 4511//4025 4567//4025 4568//4021
f 4517//4026 4516//4025 4572//4025 4573//4026
f 4509//4027 4508//4027 4564//4027 4565//4027
f 4472//4029 4507//4028 4563//4028 4528//4029
f 4507//4028 4506//4030 4562//4030 4563//4028
f 4515//4031 4514//4026 4570//4026 4571//4031
f 4491//4023 4490//4020 4546//4020 4547//4023
f 4471//4033 4470//4032 4526//4032 4527//4033
f 4533//4050 4532//4055 4588//4055 4589//4050
f 4523//4043 4522//4043 4578//4043 4579//4043
f 4553//4018 4552//4017 4608//4017 4609//4018
f 4546//4020 4545//4019 4601//4019 4602//4020
f 4543//4022 4568//4021 4624//4021 4599//4022
f 4551//4019 4550//4019 4606//4019 4607//4019
f 4554//4024 4547//4023 4603//4023 4610//4024
f 4568//4021 4567//4025 4623//4025 4624//4021
f 4573//4026 4572//4025 4628//4025 4629//4026
f 4565//4027 4564//4027 4620//4027 4621//4027
f 4528//4029 4563//4028 4619//4028 4584//4029
f 4563//4028 4562//4030 4618//4030 4619//4028
f 4571//4031 4570//4026 4626//4026 4627//4031
f 4547//4023 4546//4020 4602//4020 4603//4023
f 4527//4033 4526//4032 4582//4032 4583//4033
f 4545//4019 4549//4019 4605//4019 4601//4019
f 4555//4034 4554//4024 4610//4024 4611//4034
f 4544//4035 4543//4022 4599//4022 4600//4035
f 4572//4025 4571//4031 4627//4031 4628//4025
f 4534//4037 4520//4036 4576//4036 4590//4037
f 4526//4032 4535//4038 4591//4038 4582//4032
f 4542//4039 4541//4039 4597//4039 4598//4039
f 4537//4040 4536//4039 4592//4039 4593//4040
f 4560//4042 4538//4041 4594//4041 4616//4042
f 4541//4039 4544//4035 4600//4035 4597//4039
f 4539//4039 4542//4039 4598//4039 4595//4039
f 4567//4025 4573//4026 4629//4026 4623//4025
f 4562//4030 4565//4027 4621//4027 4618//4030
f 4556//4044 4523//4043 4579//4043 4612//4044
f 4538//4041 4537//4040 4593//4040 4594//4041
f 4566//4030 4561//4030 4617//4030 4622//4030
f 4536//4039 4540//4039 4596//4039 4592//4039
f 4524//4043 4527//4033 4583//4033 4580//4043
f 4557//4046 4559//4045 4615//4045 4613//4046
f 4529//4047 4528//4029 4584//4029 4585//4047
f 4521//4043 4525//4043 4581//4043 4577//4043
f 4530//4048 4529//4047 4585//4047 4586//4048
f 4558//4049 4557//4046 4613//4046 4614//4049
f 4559//4045 4555//4034 4611//4034 4615//4045
f 4569//4051 4533//4050 4589//4050 4625//4051
f 4552//4017 4556//4044 4612//4044 4608//4017
f 4518//4052 4558//4049 4614//4049 4574//4052
f 4519//4053 4518//4052 4574//4052 4575//4053
f 4535//4038 4530//4048 4586//4048 4591//4038
f 4561//4030 4560//4042 4616//4042 4617//4030
f 4540//4039 4539//4039 4595//4039 4596//4039
f 4520//4036 4519//4053 4575//4053 4576//4036
f 4522//4043 4521//4043 4577//4043 4578//4043
f 4531//4054 4534//4037 4590//4037 4587//4054
f 4570//4026 4569//4051 4625//4051 4626//4026
f 4564//4027 4566//4030 4622//4030 4620//4027
f 4550//4019 4553//4018 4609//4018 4606//4019
f 4525//4043 4524//4043 4580//4043 4581//4043
f 4549//4019 4548//4019 4604//4019 4605//4019
f 4532//4055 4531//4054 4587//4054 4588//4055
f 4548//4019 4551//4019 4607//4019 4604//4019
f 4575//4053 4574//4052 4630//4052 4631//4053
f 4591//4038 4586//4048 4642//4048 4647//4038
f 4617//4030 4616//4042 4672//4042 4673//4030
f 4596//4039 4595//4039 4651//4039 4652//4039
f 4576//4036 4575//4053 4631//4053 4632//4036
f 4578//4043 4577//4043 4633//4043 4634//4043
f 4587//4054 4590//4037 4646//4037 4643//4054
f 4626//4026 4625//4051 4681//4051 4682//4026
f 4620//4027 4622//4030 4678//4030 4676//4027
f 4606//4019 4609//4018 4665//4018 4662//4019
f 4581//4043 4580//4043 4636//4043 4637//4043
f 4605//4019 4604//4019 4660//4019 4661//4019
f 4588//4055 4587//4054 4643//4054 4644//4055
f 4604//4019 4607//4019 4663//4019 4660//4019
f 4589//4050 4588//4055 4644//4055 4645//4050
f 4579//4043 4578//4043 4634//4043 4635//4043
f 4609//4018 4608//4017 4664//4017 4665//4018
f 4602//4020 4601//4019 4657//4019 4658//4020
f 4599//4022 4624//4021 4680//4021 4655//4022
f 4607//4019 4606//4019 4662//4019 4663//4019
f 4610//4024 4603//4023 4659//4023 4666//4024
f 4624//4021 4623//4025 4679//4025 4680//4021
f 4629//4026 4628//4025 4684//4025 4685//4026
f 4621//4027 4620//4027 4676//4027 4677//4027
f 4584//4029 4619//4028 4675//4028 4640//4029
f 4619//4028 4618//4030 4674//4030 4675//4028
f 4627//4031 4626//4026 4682//4026 4683//4031
f 4603//4023 4602//4020 4658//4020 4659//4023
f 4583//4033 4582//4032 4638//4032 4639//4033
f 4601//4019 4605//4019 4661//4019 4657//4019
f 4611//4034 4610//4024 4666//4024 4667//4034
f 4600//4035 4599//4022 4655//4022 4656//4035
f 4628//4025 4627//4031 4683//4031 4684//4025
f 4590//4037 4576//4036 4632//4036 4646//4037
f 4582//4032 4591//4038 4647//4038 4638//4032
f 4598//4039 4597//4039 4653//4039 4654//4039
f 4593//4040 4592//4039 4648//4039 4649//4040
f 4616//4042 4594//4041 4650//4041 4672//4042
f 4597//4039 4600//4035 4656//4035 4653//4039
f 4595//4039 4598//4039 4654//4039 4651//4039
f 4623//4025 4629//4026 4685//4026 4679//4025
f 4618//4030 4621//4027 4677//4027 4674//4030
f 4612//4044 4579//4043 4635//4043 4668//4044
f 4594//4041 4593//4040 4649//4040 4650//4041
f 4622//4030 4617//4030 4673//4030 4678//4030
f 4592//4039 4596//4039 4652//4039 4648//4039
f 4580//4043 4583//4033 4639//4033 4636//4043
f 4613//4046 4615//4045 4671//4045 4669//4046
f 4585//4047 4584//4029 4640//4029 4641//4047
f 4577//4043 4581//4043 4637//4043 4633//4043
f 4586//4048 4585//4047 4641//4047 4642//4048
f 4614//4049 4613//4046 4669//4046 4670//4049
f 4615//4045 4611//4034 4667//4034 4671//4045
f 4625//4051 4589//4050 4645//4050 4681//4051
f 4608//4017 4612//4044 4668//4044 4664//4017
f 4574//4052 4614//4049 4670//4049 4630//4052
f 4679//4025 4685//4026 4741//4148 4735//4149
f 4674//4030 4677//4027 4733//4150 4730//4151
f 4668//4044 4635//4043 4691//4152 4724//4153
f 4650//4041 4649//4040 4705//4154 4706//4155
f 4678//4030 4673//4030 4729//4156 4734//4157
f 4648//4039 4652//4039 4708//4158 4704//4159
f 4636//4043 4639//4033 4695//4160 4692//4161
f 4669//4046 4671//4045 4727//4162 4725//4163
f 4641//4047 4640//4029 4696//4164 4697//4165
f 4633//4043 4637//4043 4693//4166 4689//4167
f 4642//4048 4641//4047 4697//4165 4698//4168
f 4670//4049 4669//4046 4725//4163 4726//4169
f 4671//4045 4667//4034 4723//4170 4727//4162
f 4681//4051 4645//4050 4701//4171 4737//4172
f 4664//4017 4668//4044 4724//4153 4720//4173
f 4630//4052 4670//4049 4726//4169 4686//4174
f 4631//4053 4630//4052 4686//4174 4687//4175
f 4647//4038 4642//4048 4698//4168 4703//4176
f 4673//4030 4672//4042 4728//4177 4729//4156
f 4652//4039 4651//4039 4707//4178 4708//4158
f 4632//4036 4631//4053 4687//4175 4688//4179
f 4634//4043 4633//4043 4689//4167 4690//4180
f 4643//4054 4646//4037 4702//4181 4699//4182
f 4682//4026 4681//4051 4737//4172 4738//4183
f 4676//4027 4678//4030 4734//4157 4732//4184
f 4662//4019 4665//4018 4721//4185 4718//4186
f 4637//4043 4636//4043 4692//4161 4693//4166
f 4661//4019 4660//4019 4716//4187 4717//4188
f 4644//4055 4643//4054 4699//4182 4700//4189
f 4660//4019 4663//4019 4719//4190 4716//4187
f 4645//4050 4644//4055 4700//4189 4701//4171
f 4635//4043 4634//4043 4690//4180 4691//4152
f 4665//4018 4664//4017 4720//4173 4721//4185
f 4658//4020 4657//4019 4713//4191 4714//4192
f 4655//4022 4680//4021 4736//4193 4711//4194
f 4663//4019 4662//4019 4718//4186 4719//4190
f 4666//4024 4659//4023 4715//4195 4722//4196
f 4680//4021 4679//4025 4735//4149 4736//4193
f 4685//4026 4684//4025 4740//4197 4741//4148
f 4677//4027 4676//4027 4732//4184 4733//4150
f 4640//4029 4675//4028 4731//4198 4696//4164
f 4675//4028 4674//4030 4730//4151 4731//4198
f 4683//4031 4682//4026 4738//4183 4739//4199
f 4659//4023 4658//4020 4714//4192 4715//4195
f 4639//4033 4638//4032 4694//4200 4695//4160
f 4657//4019 4661//4019 4717//4188 4713//4191
f 4667//4034 4666//4024 4722//4196 4723//4170
f 4656//4035 4655//4022 4711//4194 4712//4201
f 4684//4025 4683//4031 4739//4199 4740//4197
f 4646//4037 4632//4036 4688//4179 4702//4181
f 4638//4032 4647//4038 4703//4176 4694//4200
f 4654//4039 4653//4039 4709//4202 4710//4203
f 4649//4040 4648//4039 4704//4159 4705//4154
f 4672//4042 4650//4041 4706//4155 4728//4177
f 4653//4039 4656//4035 4712//4201 4709//4202
f 4651//4039 4654//4039 4710//4203 4707//4178
f 4696//4164 4731//4198 4787//4204 4752//4205
f 4731//4198 4730//4151 4786//4206 4787//4204
f 4739//4199 4738//4183 4794//4207 4795//4208
f 4715//4195 4714//4192 4770//4209 4771//4210
f 4695//4160 4694//4200 4750//4211 4751//4212
f 4713//4191 4717//4188 4773//4213 4769//4214
f 4723//4170 4722//4196 4778//4215 4779//4216
f 4712//4201 4711//4194 4767//4217 4768//4218
f 4740//4197 4739//4199 4795//4208 4796//4219
f 4702//4181 4688//4179 4744//4220 4758//4221
f 4694//4200 4703//4176 4759//4222 4750//4211
f 4710//4203 4709//4202 4765//4223 4766//4224
f 4705//4154 4704//4159 4760//4225 4761//4226
f 4728//4177 4706//4155 4762//4227 4784//4228
f 4709//4202 4712//4201 4768//4218 4765//4223
f 4707//4178 4710//4203 4766//4224 4763//4229
f 4735//4149 4741//4148 4797//4230 4791//4231
f 4730//4151 4733//4150 4789//4232 4786//4206
f 4724//4153 4691//4152 4747//4233 4780//4234
f 4706//4155 4705//4154 4761//4226 4762//4227
f 4734//4157 4729//4156 4785//4235 4790//4236
f 4704//4159 4708//4158 4764//4237 4760//4225
f 4692//4161 4695//4160 4751//4212 4748//4238
f 4725//4163 4727//4162 4783//4239 4781//4240
f 4697//4165 4696//4164 4752//4205 4753//4241
f 4689//4167 4693//4166 4749//4242 4745//4243
f 4698//4168 4697//4165 4753//4241 4754//4244
f 4726//4169 4725//4163 4781//4240 4782//4245
f 4727//4162 4723//4170 4779//4216 4783//4239
f 4737//4172 4701//4171 4757//4246 4793//4247
f 4720//4173 4724//4153 4780//4234 4776//4248
f 4686//4174 4726//4169 4782//4245 4742//4249
f 4687//4175 4686//4174 4742//4249 4743//4250
f 4703//4176 4698//4168 4754//4244 4759//4222
f 4729//4156 4728//4177 4784//4228 4785//4235
f 4708//4158 4707//4178 4763//4229 4764//4237
f 4688//4179 4687//4175 4743//4250 4744//4220
f 4690//4180 4689//4167 4745//4243 4746//4251
f 4699//4182 4702//4181 4758//4221 4755//4252
f 4738//4183 4737//4172 4793//4247 4794//4207
f 4732//4184 4734//4157 4790//4236 4788//4253
f 4718//4186 4721//4185 4777//4254 4774//4255
f 4693//4166 4692//4161 4748//4238 4749//4242
f 4717//4188 4716//4187 4772//4256 4773//4213
f 4700//4189 4699//4182 4755//4252 4756//4257
f 4716//4187 4719//4190 4775//4258 4772//4256
f 4701//4171 4700//4189 4756//4257 4757//4246
f 4691//4152 4690//4180 4746//4251 4747//4233
f 4721//4185 4720//4173 4776//4248 4777//4254
f 4714//4192 4713//4191 4769//4214 4770//4209
f 4711//4194 4736//4193 4792//4259 4767//4217
f 4719//4190 4718//4186 4774//4255 4775//4258
f 4722//4196 4715//4195 4771//4210 4778//4215
f 4736//4193 4735//4149 4791//4231 4792//4259
f 4741//4148 4740//4197 4796//4219 4797//4230
f 4733//4150 4732//4184 4788//4253 4789//4232
f 4749//4242 4748//4238 4804//4260 4805//4261
f 4773//4213 4772//4256 4828//4262 4829//4263
f 4756//4257 4755//4252 4811//4264 4812//4265
f 4772//4256 4775//4258 4831//4266 4828//4262
f 4757//4246 4756//4257 4812//4265 4813//4267
f 4747//4233 4746//4251 4802//4268 4803//4269
f 4777//4254 4776//4248 4832//4270 4833//4271
f 4770//4209 4769//4214 4825//4272 4826//4273
f 4767//4217 4792//4259 4848//4274 4823//4275
f 4775//4258 4774//4255 4830//4276 4831//4266
f 4778//4215 4771//4210 4827//4277 4834//4278
f 4792//4259 4791//4231 4847//4279 4848//4274
f 4797//4230 4796//4219 4852//4279 4853//4279
f 4789//4232 4788//4253 4844//4280 4845//4281
f 4752//4205 4787//4204 4843//4282 4808//4283
f 4787//4204 4786//4206 4842//4284 4843//4282
f 4795//4208 4794//4207 4850//4285 4851//4286
f 4771//4210 4770//4209 4826//4273 4827//4277
f 4751//4212 4750//4211 4806//4287 4807//4288
f 4769//4214 4773//4213 4829//4263 4825//4272
f 4779//4216 4778//4215 4834//4278 4835//4289
f 4768//4218 4767//4217 4823//4275 4824//4290
f 4796//4219 4795//4208 4851//4286 4852//4279
f 4758//4221 4744//4220 4800//4291 4814//4292
f 4750//4211 4759//4222 4815//4293 4806//4287
f 4766//4224 4765//4223 4821//4294 4822//4294
f 4761//4226 4760//4225 4816//4295 4817//4296
f 4784//4228 4762//4227 4818//4297 4840//4298
f 4765//4223 4768//4218 4824//4290 4821//4294
f 4763//4229 4766//4224 4822//4294 4819//4294
f 4791//4231 4797//4230 4853//4279 4847//4279
f 4786//4206 4789//4232 4845//4281 4842//4284
f 4780//4234 4747//4233 4803//4269 4836//4299
f 4762//4227 4761//4226 4817//4296 4818//4297
f 4790//4236 4785//4235 4841//4280 4846//4280
f 4760//4225 4764//4237 4820//4295 4816//4295
f 4748//4238 4751//4212 4807//4288 4804//4260
f 4781//4240 4783//4239 4839//4300 4837//4301
f 4753//4241 4752//4205 4808//4283 4809//4302
f 4745//4243 4749//4242 4805//4261 4801//4303
f 4754//4244 4753//4241 4809//4302 4810//4304
f 4782//4245 4781//4240 4837//4301 4838//4305
f 4783//4239 4779//4216 4835//4289 4839//4300
f 4793//4247 4757//4246 4813//4267 4849//4306
f 4776//4248 4780//4234 4836//4299 4832//4270
f 4742//4249 4782//4245 4838//4305 4798//4307
f 4743//4250 4742//4249 4798//4307 4799//4308
f 4759//4222 4754//4244 4810//4304 4815//4293
f 4785//4235 4784//4228 4840//4298 4841//4280
f 4764//4237 4763//4229 4819//4294 4820//4295
f 4744//4220 4743//4250 4799//4308 4800//4291
f 4746//4251 4745//4243 4801//4303 4802//4268
f 4755//4252 4758//4221 4814//4292 4811//4264
f 4794//4207 4793//4247 4849//4306 4850//4285
f 4788//4253 4790//4236 4846//4280 4844//4280
f 4774//4255 4777//4254 4833//4271 4830//4276
f 4838//4305 4837//4301 4893//4301 4894//4305
f 4839//4300 4835//4289 4891//4289 4895//4300
f 4849//4306 4813//4267 4869//4267 4905//4306
f 4832//4270 4836//4299 4892//4299 4888//4270
f 4798//4307 4838//4305 4894//4305 4854//4307
f 4799//4308 4798//4307 4854//4307 4855//4308
f 4815//4293 4810//4304 4866//4304 4871//4293
f 4841//4280 4840//4298 4896//4298 4897//4280
f 4820//4295 4819//4294 4875//4294 4876//4295
f 4800//4291 4799//4308 4855//4308 4856//4291
f 4802//4268 4801//4303 4857//4303 4858//4268
f 4811//4264 4814//4292 4870//4292 4867//4264
f 4850//4285 4849//4306 4905//4306 4906//4285
f 4844//4280 4846//4280 4902//4280 4900//4280
f 4830//4276 4833//4271 4889//4271 4886//4276
f 4805//4261 4804//4260 4860//4260 4861//4261
f 4829//4263 4828//4262 4884//4262 4885//4263
f 4812//4265 4811//4264 4867//4264 4868//4265
f 4828//4262 4831//4266 4887//4266 4884//4262
f 4813//4267 4812//4265 4868//4265 4869//4267
f 4803//4269 4802//4268 4858//4268 4859//4269
f 4833//4271 4832//4270 4888//4270 4889//4271
f 4826//4273 4825//4272 4881//4272 4882//4273
f 4823//4275 4848//4274 4904//4274 4879//4275
f 4831//4266 4830//4276 4886//4276 4887//4266
f 4834//4278 4827//4277 4883//4277 4890//4278
f 4848//4274 4847//4279 4903//4279 4904//4274
f 4853//4279 4852//4279 4908//4309 4909//4279
f 4845//4281 4844//4280 4900//4280 4901//4281
f 4808//4283 4843//4282 4899//4282 4864//4283
f 4843//4282 4842//4284 4898//4284 4899//4282
f 4851//4286 4850//4285 4906//4285 4907//4286
f 4827//4277 4826//4273 4882//4273 4883//4277
f 4807//4288 4806//4287 4862//4287 4863//4288
f 4825//4272 4829//4263 4885//4263 4881//4272
f 4835//4289 4834//4278 4890//4278 4891//4289
f 4824//4290 4823//4275 4879//4275 4880//4290
f 4852//4279 4851//4286 4907//4286 4908//4309
f 4814//4292 4800//4291 4856//4291 4870//4292
f 4806//4287 4815//4293 4871//4293 4862//4287
f 4822//4294 4821//4294 4877//4294 4878//4294
f 4817//4296 4816//4295 4872//4295 4873//4296
f 4840//4298 4818//4297 4874//4297 4896//4298
f 4821//4294 4824//4290 4880//4290 4877//4294
f 4819//4294 4822//4294 4878//4294 4875//4294
f 4847//4279 4853//4279 4909//4279 4903//4279
f 4842//4284 4845//4281 4901//4281 4898//4284
f 4836//4299 4803//4269 4859//4269 4892//4299
f 4818//4297 4817//4296 4873//4296 4874//4297
f 4846//4280 4841//4280 4897//4280 4902//4280
f 4816//4295 4820//4295 4876//4295 4872//4295
f 4804//4260 4807//4288 4863//4288 4860//4260
f 4837//4301 4839//4300 4895//4300 4893//4301
f 4809//4302 4808//4283 4864//4283 4865//4302
f 4801//4303 4805//4261 4861//4261 4857//4303
f 4810//4304 4809//4302 4865//4302 4866//4304
f 4870//4292 4856//4291 4912//4291 4926//4292
f 4862//4287 4871//4293 4927//4293 4918//4287
f 4878//4294 4877//4294 4933//4294 4934//4294
f 4873//4296 4872//4295 4928//4295 4929//4296
f 4896//4298 4874//4297 4930//4297 4952//4298
f 4877//4294 4880//4290 4936//4290 4933//4294
f 4875//4294 4878//4294 4934//4294 4931//4294
f 4903//4279 4909//4279 4965//4279 4959//4279
f 4898//4284 4901//4281 4957//4281 4954//4284
f 4892//4299 4859//4269 4915//4269 4948//4299
f 4874//4297 4873//4296 4929//4296 4930//4297
f 4902//4280 4897//4280 4953//4280 4958//4280
f 4872//4295 4876//4295 4932//4295 4928//4295
f 4860//4260 4863//4288 4919//4288 4916//4260
f 4893//4301 4895//4300 4951//4300 4949//4301
f 4865//4302 4864//4283 4920//4283 4921//4302
f 4857//4303 4861//4261 4917//4261 4913//4303
f 4866//4304 4865//4302 4921//4302 4922//4304
f 4894//4305 4893//4301 4949//4301 4950//4305
f 4895//4300 4891//4289 4947//4289 4951//4300
f 4905//4306 4869//4267 4925//4267 4961//4306
f 4888//4270 4892//4299 4948//4299 4944//4270
f 4854//4307 4894//4305 4950//4305 4910//4307
f 4855//4308 4854//4307 4910//4307 4911//4308
f 4871//4293 4866//4304 4922//4304 4927//4293
f 4897//4280 4896//4298 4952//4298 4953//4280
f 4876//4295 4875//4294 4931//4294 4932//4295
f 4856//4291 4855//4308 4911//4308 4912//4291
f 4858//4268 4857//4303 4913//4303 4914//4268
f 4867//4264 4870//4292 4926//4292 4923//4264
f 4906//4285 4905//4306 4961//4306 4962//4285
f 4900//4280 4902//4280 4958//4280 4956//4280
f 4886//4276 4889//4271 4945//4271 4942//4276
f 4861//4261 4860//4260 4916//4260 4917//4261
f 4885//4263 4884//4262 4940//4262 4941//4263
f 4868//4265 4867//4264 4923//4264 4924//4265
f 4884//4262 4887//4266 4943//4266 4940//4262
f 4869//4267 4868//4265 4924//4265 4925//4267
f 4859//4269 4858//4268 4914//4268 4915//4269
f 4889//4271 4888//4270 4944//4270 4945//4271
f 4882//4273 4881//4272 4937//4272 4938//4273
f 4879//4275 4904//4274 4960//4274 4935//4275
f 4887//4266 4886//4276 4942//4276 4943//4266
f 4890//4278 4883//4277 4939//4277 4946//4278
f 4904//4274 4903//4279 4959//4279 4960//4274
f 4909//4279 4908//4309 4964//4309 4965//4279
f 4901//4281 4900//4280 4956//4280 4957//4281
f 4864//4283 4899//4282 4955//4282 4920//4283
f 4899//4282 4898//4284 4954//4284 4955//4282
f 4907//4286 4906//4285 4962//4285 4963//4286
f 4883//4277 4882//4273 4938//4273 4939//4277
f 4863//4288 4862//4287 4918//4287 4919//4288
f 4881//4272 4885//4263 4941//4263 4937//4272
f 4891//4289 4890//4278 4946//4278 4947//4289
f 4880//4290 4879//4275 4935//4275 4936//4290
f 4908//4309 4907//4286 4963//4286 4964//4309
f 4935//4275 4960//4274 5016//4274 4991//4275
f 4943//4266 4942//4276 4998//4276 4999//4266
f 4946//4278 4939//4277 4995//4277 5002//4278
f 4960//4274 4959//4279 5015//4279 5016//4274
f 4965//4279 4964//4309 5020//4309 5021//4279
f 4957//4281 4956//4280 5012//4280 5013//4281
f 4920//4283 4955//4282 5011//4282 4976//4283
f 4955//4282 4954//4284 5010//4284 5011//4282
f 4963//4286 4962//4285 5018//4285 5019//4286
f 4939//4277 4938//4273 4994//4273 4995//4277
f 4919//4288 4918//4287 4974//4287 4975//4288
f 4937//4272 4941//4263 4997//4263 4993//4272
f 4947//4289 4946//4278 5002//4278 5003//4289
f 4936//4290 4935//4275 4991//4275 4992//4290
f 4964//4309 4963//4286 5019//4286 5020//4309
f 4926//4292 4912//4291 4968//4291 4982//4292
f 4918//4287 4927//4293 4983//4293 4974//4287
f 4934//4294 4933//4294 4989//4294 4990//4294
f 4929//4296 4928//4295 4984//4295 4985//4296
f 4952//4298 4930//4297 4986//4297 5008//4298
f 4933//4294 4936//4290 4992//4290 4989//4294
f 4931//4294 4934//4294 4990//4294 4987//4294
f 4959//4279 4965//4279 5021//4279 5015//4279
f 4954//4284 4957//4281 5013//4281 5010//4284
f 4948//4299 4915//4269 4971//4269 5004//4299
f 4930//4297 4929//4296 4985//4296 4986//4297
f 4958//4280 4953//4280 5009//4280 5014//4280
f 4928//4295 4932//4295 4988//4295 4984//4295
f 4916//4260 4919//4288 4975//4288 4972//4260
f 4949//4301 4951//4300 5007//4300 5005//4301
f 4921//4302 4920//4283 4976//4283 4977//4302
f 4913//4303 4917//4261 4973//4261 4969//4303
f 4922//4304 4921//4302 4977//4302 4978//4304
f 4950//4305 4949//4301 5005//4301 5006//4305
f 4951//4300 4947//4289 5003//4289 5007//4300
f 4961//4306 4925//4267 4981//4267 5017//4306
f 4944//4270 4948//4299 5004//4299 5000//4270
f 4910//4307 4950//4305 5006//4305 4966//4307
f 4911//4308 4910//4307 4966//4307 4967//4308
f 4927//4293 4922//4304 4978//4304 4983//4293
f 4953//4280 4952//4298 5008//4298 5009//4280
f 4932//4295 4931//4294 4987//4294 4988//4295
f 4912//4291 4911//4308 4967//4308 4968//4291
f 4914//4268 4913//4303 4969//4303 4970//4268
f 4923//4264 4926//4292 4982//4292 4979//4264
f 4962//4285 4961//4306 5017//4306 5018//4285
f 4956//4280 4958//4280 5014//4280 5012//4280
f 4942//4276 4945//4271 5001//4271 4998//4276
f 4917//4261 4916//4260 4972//4260 4973//4261
f 4941//4263 4940//4262 4996//4262 4997//4263
f 4924//4265 4923//4264 4979//4264 4980//4265
f 4940//4262 4943//4266 4999//4266 4996//4262
f 4925//4267 4924//4265 4980//4265 4981//4267
f 4915//4269 4914//4268 4970//4268 4971//4269
f 4945//4271 4944//4270 5000//4270 5001//4271
f 4938//4273 4937//4272 4993//4272 4994//4273
f 5001//4271 5000//4270 5056//4270 5057//4271
f 4994//4273 4993//4272 5049//4272 5050//4273
f 4991//4275 5016//4274 5072//4274 5047//4275
f 4999//4266 4998//4276 5054//4276 5055//4266
f 5002//4278 4995//4277 5051//4277 5058//4278
f 5016//4274 5015//4279 5071//4279 5072//4274
f 5021//4279 5020//4309 5076//4309 5077//4279
f 5013//4281 5012//4280 5068//4280 5069//4281
f 4976//4283 5011//4282 5067//4282 5032//4283
f 5011//4282 5010//4284 5066//4284 5067//4282
f 5019//4286 5018//4285 5074//4285 5075//4286
f 4995//4277 4994//4273 5050//4273 5051//4277
f 4975//4288 4974//4287 5030//4287 5031//4288
f 4993//4272 4997//4263 5053//4263 5049//4272
f 5003//4289 5002//4278 5058//4278 5059//4289
f 4992//4290 4991//4275 5047//4275 5048//4290
f 5020//4309 5019//4286 5075//4286 5076//4309
f 4982//4292 4968//4291 5024//4291 5038//4292
f 4974//4287 4983//4293 5039//4293 5030//4287
f 4990//4294 4989//4294 5045//4294 5046//4294
f 4985//4296 4984//4295 5040//4295 5041//4296
f 5008//4298 4986//4297 5042//4297 5064//4298
f 4989//4294 4992//4290 5048//4290 5045//4294
f 4987//4294 4990//4294 5046//4294 5043//4294
f 5015//4279 5021//4279 5077//4279 5071//4279
f 5010//4284 5013//4281 5069//4281 5066//4284
f 5004//4299 4971//4269 5027//4269 5060//4299
f 4986//4297 4985//4296 5041//4296 5042//4297
f 5014//4280 5009//4280 5065//4280 5070//4280
f 4984//4295 4988//4295 5044//4295 5040//4295
f 4972//4260 4975//4288 5031//4288 5028//4260
f 5005//4301 5007//4300 5063//4300 5061//4301
f 4977//4302 4976//4283 5032//4283 5033//4302
f 4969//4303 4973//4261 5029//4261 5025//4303
f 4978//4304 4977//4302 5033//4302 5034//4304
f 5006//4305 5005//4301 5061//4301 5062//4305
f 5007//4300 5003//4289 5059//4289 5063//4300
f 5017//4306 4981//4267 5037//4267 5073//4306
f 5000//4270 5004//4299 5060//4299 5056//4270
f 4966//4307 5006//4305 5062//4305 5022//4307
f 4967//4308 4966//4307 5022//4307 5023//4308
f 4983//4293 4978//4304 5034//4304 5039//4293
f 5009//4280 5008//4298 5064//4298 5065//4280
f 4988//4295 4987//4294 5043//4294 5044//4295
f 4968//4291 4967//4308 5023//4308 5024//4291
f 4970//4268 4969//4303 5025//4303 5026//4268
f 4979//4264 4982//4292 5038//4292 5035//4264
f 5018//4285 5017//4306 5073//4306 5074//4285
f 5012//4280 5014//4280 5070//4280 5068//4280
f 4998//4276 5001//4271 5057//4271 5054//4276
f 4973//4261 4972//4260 5028//4260 5029//4261
f 4997//4263 4996//4262 5052//4262 5053//4263
f 4980//4265 4979//4264 5035//4264 5036//4265
f 4996//4262 4999//4266 5055//4266 5052//4262
f 4981//4267 4980//4265 5036//4265 5037//4267
f 4971//4269 4970//4268 5026//4268 5027//4269
f 5065//4280 5064//4298 5120//4298 5121//4280
f 5044//4295 5043//4294 5099//4294 5100//4295
f 5024//4291 5023//4308 5079//4308 5080//4291
f 5026//4268 5025//4303 5081//4303 5082//4268
f 5035//4264 5038//4292 5094//4292 5091//4264
f 5074//4285 5073//4306 5129//4306 5130//4285
f 5068//4280 5070//4280 5126//4280 5124//4280
f 5054//4276 5057//4271 5113//4271 5110//4276
f 5029//4261 5028//4260 5084//4260 5085//4261
f 5053//4263 5052//4262 5108//4262 5109//4263
f 5036//4265 5035//4264 5091//4264 5092//4265
f 5052//4262 5055//4266 5111//4266 5108//4262
f 5037//4267 5036//4265 5092//4265 5093//4267
f 5027//4269 5026//4268 5082//4268 5083//4269
f 5057//4271 5056//4270 5112//4270 5113//4271
f 5050//4273 5049//4272 5105//4272 5106//4273
f 5047//4275 5072//4274 5128//4274 5103//4275
f 5055//4266 5054//4276 5110//4276 5111//4266
f 5058//4278 5051//4277 5107//4277 5114//4278
f 5072//4274 5071//4279 5127//4279 5128//4274
f 5077//4279 5076//4309 5132//4309 5133//4279
f 5069//4281 5068//4280 5124//4280 5125//4281
f 5032//4283 5067//4282 5123//4282 5088//4283
f 5067//4282 5066//4284 5122//4284 5123//4282
f 5075//4286 5074//4285 5130//4285 5131//4286
f 5051//4277 5050//4273 5106//4273 5107//4277
f 5031//4288 5030//4287 5086//4287 5087//4288
f 5049//4272 5053//4263 5109//4263 5105//4272
f 5059//4289 5058//4278 5114//4278 5115//4289
f 5048//4290 5047//4275 5103//4275 5104//4290
f 5076//4309 5075//4286 5131//4286 5132//4309
f 5038//4292 5024//4291 5080//4291 5094//4292
f 5030//4287 5039//4293 5095//4293 5086//4287
f 5046//4294 5045//4294 5101//4294 5102//4294
f 5041//4296 5040//4295 5096//4295 5097//4296
f 5064//4298 5042//4297 5098//4297 5120//4298
f 5045//4294 5048//4290 5104//4290 5101//4294
f 5043//4294 5046//4294 5102//4294 5099//4294
f 5071//4279 5077//4279 5133//4279 5127//4279
f 5066//4284 5069//4281 5125//4281 5122//4284
f 5060//4299 5027//4269 5083//4269 5116//4299
f 5042//4297 5041//4296 5097//4296 5098//4297
f 5070//4280 5065//4280 5121//4280 5126//4280
f 5040//4295 5044//4295 5100//4295 5096//4295
f 5028//4260 5031//4288 5087//4288 5084//4260
f 5061//4301 5063//4300 5119//4300 5117//4301
f 5033//4302 5032//4283 5088//4283 5089//4302
f 5025//4303 5029//4261 5085//4261 5081//4303
f 5034//4304 5033//4302 5089//4302 5090//4304
f 5062//4305 5061//4301 5117//4301 5118//4305
f 5063//4300 5059//4289 5115//4289 5119//4300
f 5073//4306 5037//4267 5093//4267 5129//4306
f 5056//4270 5060//4299 5116//4299 5112//4270
f 5022//4307 5062//4305 5118//4305 5078//4307
f 5023//4308 5022//4307 5078//4307 5079//4308
f 5039//4293 5034//4304 5090//4304 5095//4293
f 5116//4299 5083//4269 5139//4269 5172//4299
f 5098//4297 5097//4296 5153//4296 5154//4297
f 5126//4280 5121//4280 5177//4280 5182//4280
f 5096//4295 5100//4295 5156//4295 5152//4295
f 5084//4260 5087//4288 5143//4288 5140//4260
f 5117//4301 5119//4300 5175//4300 5173//4301
f 5089//4302 5088//4283 5144//4283 5145//4302
f 5081//4303 5085//4261 5141//4261 5137//4303
f 5090//4304 5089//4302 5145//4302 5146//4304
f 5118//4305 5117//4301 5173//4301 5174//4305
f 5119//4300 5115//4289 5171//4289 5175//4300
f 5129//4306 5093//4267 5149//4267 5185//4306
f 5112//4270 5116//4299 5172//4299 5168//4270
f 5078//4307 5118//4305 5174//4305 5134//4307
f 5079//4308 5078//4307 5134//4307 5135//4308
f 5095//4293 5090//4304 5146//4304 5151//4293
f 5121//4280 5120//4298 5176//4298 5177//4280
f 5100//4295 5099//4294 5155//4294 5156//4295
f 5080//4291 5079//4308 5135//4308 5136//4291
f 5082//4268 5081//4303 5137//4303 5138//4268
f 5091//4264 5094//4292 5150//4292 5147//4264
f 5130//4285 5129//4306 5185//4306 5186//4285
f 5124//4280 5126//4280 5182//4280 5180//4280
f 5110//4276 5113//4271 5169//4271 5166//4276
f 5085//4261 5084//4260 5140//4260 5141//4261
f 5109//4263 5108//4262 5164//4262 5165//4263
f 5092//4265 5091//4264 5147//4264 5148//4265
f 5108//4262 5111//4266 5167//4266 5164//4262
f 5093//4267 5092//4265 5148//4265 5149//4267
f 5083//4269 5082//4268 5138//4268 5139//4269
f 5113//4271 5112//4270 5168//4270 5169//4271
f 5106//4273 5105//4272 5161//4272 5162//4273
f 5103//4275 5128//4274 5184//4274 5159//4275
f 5111//4266 5110//4276 5166//4276 5167//4266
f 5114//4278 5107//4277 5163//4277 5170//4278
f 5128//4274 5127//4279 5183//4279 5184//4274
f 5133//4279 5132//4309 5188//4309 5189//4279
f 5125//4281 5124//4280 5180//4280 5181//4281
f 5088//4283 5123//4282 5179//4282 5144//4283
f 5123//4282 5122//4284 5178//4284 5179//4282
f 5131//4286 5130//4285 5186//4285 5187//4286
f 5107//4277 5106//4273 5162//4273 5163//4277
f 5087//4288 5086//4287 5142//4287 5143//4288
f 5105//4272 5109//4263 5165//4263 5161//4272
f 5115//4289 5114//4278 5170//4278 5171//4289
f 5104//4290 5103//4275 5159//4275 5160//4290
f 5132//4309 5131//4286 5187//4286 5188//4309
f 5094//4292 5080//4291 5136//4291 5150//4292
f 5086//4287 5095//4293 5151//4293 5142//4287
f 5102//4294 5101//4294 5157//4294 5158//4294
f 5097//4296 5096//4295 5152//4295 5153//4296
f 5120//4298 5098//4297 5154//4297 5176//4298
f 5101//4294 5104//4290 5160//4290 5157//4294
f 5099//4294 5102//4294 5158//4294 5155//4294
f 5127//4279 5133//4279 5189//4279 5183//4279
f 5122//4284 5125//4281 5181//4281 5178//4284
f 5179//4282 5178//4284 5234//4310 5235//4311
f 5187//4286 5186//4285 5242//4312 5243//4313
f 5163//4277 5162//4273 5218//4314 5219//4315
f 5143//4288 5142//4287 5198//4316 5199//4317
f 5161//4272 5165//4263 5221//4318 5217//4319
f 5171//4289 5170//4278 5226//4320 5227//4321
f 5160//4290 5159//4275 5215//4322 5216//4323
f 5188//4309 5187//4286 5243//4313 5244//4324
f 5150//4292 5136//4291 5192//4325 5206//4326
f 5142//4287 5151//4293 5207//4327 5198//4316
f 5158//4294 5157//4294 5213//4328 5214//4329
f 5153//4296 5152//4295 5208//4330 5209//4331
f 5176//4298 5154//4297 5210//4332 5232//4333
f 5157//4294 5160//4290 5216//4323 5213//4328
f 5155//4294 5158//4294 5214//4329 5211//4334
f 5183//4279 5189//4279 5245//4335 5239//4336
f 5178//4284 5181//4281 5237//4337 5234//4310
f 5172//4299 5139//4269 5195//4338 5228//4339
f 5154//4297 5153//4296 5209//4331 5210//4332
f 5182//4280 5177//4280 5233//4340 5238//4341
f 5152//4295 5156//4295 5212//4342 5208//4330
f 5140//4260 5143//4288 5199//4317 5196//4343
f 5173//4301 5175//4300 5231//4344 5229//4345
f 5145//4302 5144//4283 5200//4346 5201//4347
f 5137//4303 5141//4261 5197//4348 5193//4349
f 5146//4304 5145//4302 5201//4347 5202//4350
f 5174//4305 5173//4301 5229//4345 5230//4351
f 5175//4300 5171//4289 5227//4321 5231//4344
f 5185//4306 5149//4267 5205//4352 5241//4353
f 5168//4270 5172//4299 5228//4339 5224//4354
f 5134//4307 5174//4305 5230//4351 5190//4355
f 5135//4308 5134//4307 5190//4355 5191//4356
f 5151//4293 5146//4304 5202//4350 5207//4327
f 5177//4280 5176//4298 5232//4333 5233//4340
f 5156//4295 5155//4294 5211//4334 5212//4342
f 5136//4291 5135//4308 5191//4356 5192//4325
f 5138//4268 5137//4303 5193//4349 5194//4357
f 5147//4264 5150//4292 5206//4326 5203//4358
f 5186//4285 5185//4306 5241//4353 5242//4312
f 5180//4280 5182//4280 5238//4341 5236//4359
f 5166//4276 5169//4271 5225//4360 5222//4361
f 5141//4261 5140//4260 5196//4343 5197//4348
f 5165//4263 5164//4262 5220//4362 5221//4318
f 5148//4265 5147//4264 5203//4358 5204//4363
f 5164//4262 5167//4266 5223//4364 5220//4362
f 5149//4267 5148//4265 5204//4363 5205//4352
f 5139//4269 5138//4268 5194//4357 5195//4338
f 5169//4271 5168//4270 5224//4354 5225//4360
f 5162//4273 5161//4272 5217//4319 5218//4314
f 5159//4275 5184//4274 5240//4365 5215//4322
f 5167//4266 5166//4276 5222//4361 5223//4364
f 5170//4278 5163//4277 5219//4315 5226//4320
f 5184//4274 5183//4279 5239//4336 5240//4365
f 5189//4279 5188//4309 5244//4324 5245//4335
f 5181//4281 5180//4280 5236//4359 5237//4337
f 5144//4283 5179//4282 5235//4311 5200//4346
f 5197//4348 5196//4343 5252//4366 5253//4367
f 5221//4318 5220//4362 5276//4368 5277//4369
f 5204//4363 5203//4358 5259//4370 5260//4371
f 5220//4362 5223//4364 5279//4372 5276//4368
f 5205//4352 5204//4363 5260//4371 5261//4373
f 5195//4338 5194//4357 5250//4374 5251//4375
f 5225//4360 5224//4354 5280//4376 5281//4377
f 5218//4314 5217//4319 5273//4378 5274//4379
f 5215//4322 5240//4365 5296//4380 5271//4381
f 5223//4364 5222//4361 5278//4382 5279//4372
f 5226//4320 5219//4315 5275//4383 5282//4384
f 5240//4365 5239//4336 5295//4385 5296//4380
f 5245//4335 5244//4324 5300//4386 5301//4387
f 5237//4337 5236//4359 5292//4388 5293//4389
f 5200//4346 5235//4311 5291//4390 5256//4391
f 5235//4311 5234//4310 5290//4392 5291//4390
f 5243//4313 5242//4312 5298//4393 5299//4394
f 5219//4315 5218//4314 5274//4379 5275//4383
f 5199//4317 5198//4316 5254//4395 5255//4396
f 5217//4319 5221//4318 5277//4369 5273//4378
f 5227//4321 5226//4320 5282//4384 5283//4397
f 5216//4323 5215//4322 5271//4381 5272//4398
f 5244//4324 5243//4313 5299//4394 5300//4386
f 5206//4326 5192//4325 5248//4399 5262//4400
f 5198//4316 5207//4327 5263//4401 5254//4395
f 5214//4329 5213//4328 5269//4402 5270//4403
f 5209//4331 5208//4330 5264//4404 5265//4405
f 5232//4333 5210//4332 5266//4406 5288//4407
f 5213//4328 5216//4323 5272//4398 5269//4402
f 5211//4334 5214//4329 5270//4403 5267//4408
f 5239//4336 5245//4335 5301//4387 5295//4385
f 5234//4310 5237//4337 5293//4389 5290//4392
f 5228//4339 5195//4338 5251//4375 5284//4409
f 5210//4332 5209//4331 5265//4405 5266//4406
f 5238//4341 5233//4340 5289//4410 5294//4411
f 5208//4330 5212//4342 5268//4412 5264//4404
f 5196//4343 5199//4317 5255//4396 5252//4366
f 5229//4345 5231//4344 5287//4413 5285//4414
f 5201//4347 5200//4346 5256//4391 5257//4415
f 5193//4349 5197//4348 5253//4367 5249//4416
f 5202//4350 5201//4347 5257//4415 5258//4417
f 5230//4351 5229//4345 5285//4414 5286//4418
f 5231//4344 5227//4321 5283//4397 5287//4413
f 5241//4353 5205//4352 5261//4373 5297//4419
f 5224//4354 5228//4339 5284//4409 5280//4376
f 5190//4355 5230//4351 5286//4418 5246//4420
f 5191//4356 5190//4355 5246//4420 5247//4421
f 5207//4327 5202//4350 5258//4417 5263//4401
f 5233//4340 5232//4333 5288//4407 5289//4410
f 5212//4342 5211//4334 5267//4408 5268//4412
f 5192//4325 5191//4356 5247//4421 5248//4399
f 5194//4357 5193//4349 5249//4416 5250//4374
f 5203//4358 5206//4326 5262//4400 5259//4370
f 5242//4312 5241//4353 5297//4419 5298//4393
f 5236//4359 5238//4341 5294//4411 5292//4388
f 5222//4361 5225//4360 5281//4377 5278//4382
s 0
f 2206//4422 2190//4422 5309//4422 5310//4422
f 2207//4422 2206//4422 5310//4422 5311//4422
f 2090//4422 2089//4422 5305//4422 5306//4422
f 2870//4422 2865//4422 5329//4422 5330//4422
f 2555//4422 3921//4422 5340//4422 5314//4422
f 2853//4422 2968//4422 5332//4422 5325//4422
f 3921//4422 3923//4422 5341//4422 5340//4422
f 2603//4422 2602//4422 5317//4423 5318//4422
f 3929//4422 3743//4422 5339//4422 5344//4422
f 2871//4422 2870//4422 5330//4422 5331//4422
f 2968//4422 2969//4422 5333//4422 5332//4422
f 2608//4422 2603//4422 5318//4422 5319//4422
f 2058//4422 2060//4422 5304//4422 5302//4422
f 2859//4422 2858//4422 5326//4422 5327//4422
f 3248//4422 2871//4422 5331//4422 5334//4422
f 2865//4422 2864//4422 5328//4422 5329//4422
f 2093//4422 3248//4422 5334//4422 5307//4422
f 2554//4422 2553//4422 5312//4422 5313//4422
f 3923//4422 3925//4422 5342//4422 5341//4422
f 2059//4422 2058//4422 5302//4422 5303//4422
f 2858//4422 2852//4422 5324//4422 5326//4422
f 2852//4422 2851//4422 5323//4422 5324//4422
f 3742//4422 2615//4422 5322//4422 5338//4422
f 2969//4422 3310//4422 5337//4422 5333//4422
f 2588//4422 2207//4422 5311//4422 5316//4422
f 2851//4422 2853//4422 5325//4422 5323//4422
f 2586//4422 2554//4422 5313//4422 5315//4422
f 2553//4422 2555//4422 5314//4422 5312//4422
f 3310//4422 3307//4422 5336//4422 5337//4422
f 2609//4422 2608//4422 5319//4422 5320//4422
f 2060//4422 2586//4422 5315//4422 5304//4422
f 2089//4422 2093//4422 5307//4422 5305//4422
f 3307//4422 3306//4422 5335//4422 5336//4422
f 3743//4422 3742//4422 5338//4422 5339//4422
f 2189//4422 2090//4422 5306//4422 5308//4422
f 2614//4422 2609//4422 5320//4422 5321//4422
f 2190//4422 2189//4422 5308//4422 5309//4422
f 3306//4422 2059//4422 5303//4422 5335//4422
f 3927//4422 3929//4422 5344//4422 5343//4422
f 3925//4422 3927//4422 5343//4422 5342//4422
f 2864//4422 2859//4422 5327//4422 5328//4422
f 2615//4422 2614//4422 5321//4422 5322//4422
s 1
f 5308//4424 5306//4424 5364//4424 5366//4424
f 5310//4425 5309//4424 5367//4424 5368//4426
f 5335//4427 5303//4428 5361//4429 5393//4430
f 5333//4431 5337//4432 5395//4433 5391//4434
f 5323//4435 5325//4436 5383//4437 5381//4438
f 5339//4439 5338//4440 5396//4441 5397//4439
s 0
f 5317//4422 2602//4442 5352//4422 5375//4443
s 1
f 5322//4444 5321//4445 5379//4446 5380//4447
f 5315//4448 5313//4449 5371//4450 5373//4451
f 5329//4452 5328//4452 5386//4452 5387//4452
f 5334//4453 5331//4454 5389//4455 5392//4456
f 3616//3578 3611//3573 5356//4457 5357//4457
f 2595//2575 2597//2577 5351//4458 5349//4459
f 5330//4460 5329//4452 5387//4452 5388//4461
f 5309//4424 5308//4424 5366//4424 5367//4424
f 5344//4462 5339//4439 5397//4439 5402//4439
f 5312//4463 5314//4464 5372//4465 5370//4466
f 5320//4467 5319//4467 5377//4467 5378//4467
f 5338//4440 5322//4444 5380//4447 5396//4441
f 2597//2577 3604//3566 5353//4468 5351//4458
f 5306//4424 5305//4424 5363//4424 5364//4424
f 3604//3566 3605//3567 5354//4469 5353//4468
f 5314//4464 5340//4470 5398//4471 5372//4465
f 5319//4467 5318//4467 5376//4467 5377//4467
f 5313//4449 5312//4463 5370//4466 5371//4450
f 5328//4452 5327//4452 5385//4452 5386//4452
f 5302//4472 5304//4473 5362//4474 5360//4475
f 5318//4467 5317//4423 5375//4443 5376//4467
f 5325//4436 5332//4476 5390//4477 5383//4437
f 5342//4462 5343//4478 5401//4478 5400//4462
f 5303//4428 5302//4472 5360//4475 5361//4429
f 5327//4452 5326//4452 5384//4452 5385//4452
f 5304//4473 5315//4448 5373//4451 5362//4474
f 2540//2520 2588//2568 5348//4479 5347//4480
f 5305//4424 5307//4424 5365//4424 5363//4424
f 5331//4454 5330//4460 5388//4461 5389//4455
f 5343//4478 5344//4462 5402//4439 5401//4478
f 3620//3582 3617//3579 5358//4469 5359//4457
f 5311//4481 5310//4425 5368//4426 5369//4482
f 3610//3572 2539//2519 5346//4483 5355//4484
f 5332//4476 5333//4431 5391//4434 5390//4477
f 2596//2576 2595//2575 5349//4459 5350//4467
f 2538//2518 2540//2520 5347//4480 5345//4485
f 5336//4486 5335//4427 5393//4430 5394//4487
f 5337//4432 5336//4486 5394//4487 5395//4433
f 5341//4462 5342//4462 5400//4462 5399//4439
f 5316//4488 5311//4481 5369//4482 5374//4488
f 5340//4470 5341//4462 5399//4439 5398//4471
f 2602//2579 2596//2576 5350//4467 5352//4443
f 5326//4452 5324//4452 5382//4452 5384//4452
f 3611//3573 3610//3572 5355//4484 5356//4457
f 3605//3567 3620//3582 5359//4457 5354//4469
f 5307//4424 5334//4453 5392//4456 5365//4424
f 3617//3579 3616//3578 5357//4457 5358//4469
f 5321//4445 5320//4467 5378//4467 5379//4446
f 2539//2519 2538//2518 5345//4485 5346//4483
f 5324//4452 5323//4435 5381//4438 5382//4452
f 5402//4439 5397//4439 5455//4439 5460//4439
f 5370//4466 5372//4465 5430//4465 5428//4466
f 5378//4467 5377//4467 5435//4467 5436//4467
f 5396//4441 5380//4447 5438//4447 5454//4441
f 5364//4424 5363//4424 5421//4424 5422//4424
f 5372//4465 5398//4471 5456//4471 5430//4465
f 5377//4467 5376//4467 5434//4467 5435//4467
f 5371//4450 5370//4466 5428//4466 5429//4450
f 5386//4452 5385//4452 5443//4452 5444//4452
f 5360//4475 5362//4474 5420//4474 5418//4475
f 5376//4467 5375//4443 5433//4443 5434//4467
f 5383//4437 5390//4477 5448//4477 5441//4437
f 5400//4462 5401//4478 5459//4478 5458//4462
f 5361//4429 5360//4475 5418//4475 5419//4429
f 5355//4484 5346//4483 5404//4483 5413//4484
f 5385//4452 5384//4452 5442//4452 5443//4452
f 5362//4474 5373//4451 5431//4451 5420//4474
f 5357//4457 5356//4457 5414//4457 5415//4457
f 5363//4424 5365//4424 5423//4424 5421//4424
f 5389//4455 5388//4461 5446//4461 5447//4455
f 5356//4457 5355//4484 5413//4484 5414//4457
f 5401//4478 5402//4439 5460//4439 5459//4478
f 5369//4482 5368//4426 5426//4426 5427//4482
f 5354//4469 5359//4457 5417//4457 5412//4469
s 0
f 5375//4422 5352//4443 5410//4422 5433//4443
s 1
f 5390//4477 5391//4434 5449//4434 5448//4477
f 5353//4468 5354//4469 5412//4469 5411//4468
f 5394//4487 5393//4430 5451//4430 5452//4487
f 5345//4485 5347//4480 5405//4480 5403//4485
f 5395//4433 5394//4487 5452//4487 5453//4433
f 5346//4483 5345//4485 5403//4485 5404//4483
f 5399//4439 5400//4462 5458//4462 5457//4439
f 5351//4458 5353//4468 5411//4468 5409//4489
f 5374//4488 5369//4482 5427//4482 5432//4488
f 5352//4443 5350//4467 5408//4467 5410//4443
f 5398//4471 5399//4439 5457//4439 5456//4471
f 5350//4467 5349//4459 5407//4459 5408//4467
f 5384//4452 5382//4452 5440//4452 5442//4452
f 5349//4459 5351//4458 5409//4489 5407//4459
f 5365//4424 5392//4456 5450//4456 5423//4424
f 5347//4480 5348//4479 5406//4479 5405//4480
f 5379//4446 5378//4467 5436//4467 5437//4446
f 5359//4457 5358//4469 5416//4469 5417//4457
f 5382//4452 5381//4438 5439//4438 5440//4452
f 5358//4469 5357//4457 5415//4457 5416//4469
f 5366//4424 5364//4424 5422//4424 5424//4424
f 5368//4426 5367//4424 5425//4424 5426//4426
f 5393//4430 5361//4429 5419//4429 5451//4430
f 5391//4434 5395//4433 5453//4433 5449//4434
f 5381//4438 5383//4437 5441//4437 5439//4438
f 5397//4439 5396//4441 5454//4441 5455//4439
f 5380//4447 5379//4446 5437//4446 5438//4447
f 5373//4451 5371//4450 5429//4450 5431//4451
f 5387//4452 5386//4452 5444//4452 5445//4452
f 5392//4456 5389//4455 5447//4455 5450//4456
f 5388//4461 5387//4452 5445//4452 5446//4461
f 5367//4424 5366//4424 5424//4424 5425//4424
f 5408//4467 5407//4459 5465//4459 5466//4467
f 5442//4452 5440//4452 5498//4452 5500//4452
f 5407//4459 5409//4489 5467//4458 5465//4459
f 5423//4424 5450//4456 5508//4456 5481//4424
f 5405//4480 5406//4479 5464//4479 5463//4480
f 5437//4446 5436//4467 5494//4467 5495//4446
f 5417//4457 5416//4469 5474//4469 5475//4457
f 5440//4452 5439//4438 5497//4438 5498//4452
f 5416//4469 5415//4457 5473//4457 5474//4469
f 5424//4424 5422//4424 5480//4424 5482//4424
f 5426//4426 5425//4424 5483//4424 5484//4426
f 5451//4430 5419//4429 5477//4429 5509//4430
f 5449//4434 5453//4433 5511//4433 5507//4434
f 5439//4438 5441//4437 5499//4437 5497//4438
f 5455//4439 5454//4441 5512//4441 5513//4439
f 5438//4447 5437//4446 5495//4446 5496//4447
f 5431//4451 5429//4450 5487//4450 5489//4451
f 5445//4452 5444//4452 5502//4452 5503//4452
f 5450//4456 5447//4455 5505//4455 5508//4456
f 5446//4461 5445//4452 5503//4452 5504//4461
f 5425//4424 5424//4424 5482//4424 5483//4424
f 5460//4439 5455//4439 5513//4439 5518//4439
f 5428//4466 5430//4465 5488//4465 5486//4466
f 5436//4467 5435//4467 5493//4467 5494//4467
f 5454//4441 5438//4447 5496//4447 5512//4441
f 5422//4424 5421//4424 5479//4424 5480//4424
f 5430//4465 5456//4471 5514//4471 5488//4465
f 5435//4467 5434//4467 5492//4467 5493//4467
f 5429//4450 5428//4466 5486//4466 5487//4450
f 5444//4452 5443//4452 5501//4452 5502//4452
f 5418//4475 5420//4474 5478//4474 5476//4475
f 5434//4467 5433//4443 5491//4443 5492//4467
f 5441//4437 5448//4477 5506//4477 5499//4437
f 5458//4462 5459//4478 5517//4478 5516//4462
f 5419//4429 5418//4475 5476//4475 5477//4429
f 5413//4484 5404//4483 5462//4490 5471//4484
f 5443//4452 5442//4452 5500//4452 5501//4452
f 5420//4474 5431//4451 5489//4451 5478//4474
f 5415//4457 5414//4457 5472//4457 5473//4457
f 5421//4424 5423//4424 5481//4424 5479//4424
f 5447//4455 5446//4461 5504//4461 5505//4455
f 5414//4457 5413//4484 5471//4484 5472//4457
f 5459//4478 5460//4439 5518//4439 5517//4478
f 5427//4482 5426//4426 5484//4426 5485//4482
f 5412//4469 5417//4457 5475//4457 5470//4469
s 0
f 5433//4422 5410//4443 5468//4422 5491//4443
s 1
f 5448//4477 5449//4434 5507//4434 5506//4477
f 5411//4468 5412//4469 5470//4469 5469//4468
f 5452//4487 5451//4430 5509//4430 5510//4487
f 5403//4485 5405//4480 5463//4480 5461//4485
f 5453//4433 5452//4487 5510//4487 5511//4433
f 5404//4483 5403//4485 5461//4485 5462//4490
f 5457//4439 5458//4462 5516//4462 5515//4439
f 5409//4489 5411//4468 5469//4468 5467//4458
f 5432//4488 5427//4482 5485//4482 5490//4488
f 5410//4443 5408//4467 5466//4467 5468//4443
f 5456//4471 5457//4439 5515//4439 5514//4471
f 5499//4437 5506//4477 5564//4477 5557//4437
f 5516//4462 5517//4478 5575//4478 5574//4462
f 5477//4429 5476//4475 5534//4475 5535//4429
f 5471//4484 5462//4490 5520//4490 5529//4484
f 5501//4452 5500//4452 5558//4452 5559//4452
f 5478//4474 5489//4451 5547//4451 5536//4474
f 5473//4457 5472//4457 5530//4457 5531//4457
f 5479//4424 5481//4424 5539//4424 5537//4424
f 5505//4455 5504//4461 5562//4461 5563//4455
f 5472//4457 5471//4484 5529//4484 5530//4457
f 5517//4478 5518//4439 5576//4439 5575//4478
f 5485//4482 5484//4426 5542//4426 5543//4482
f 5470//4469 5475//4457 5533//4457 5528//4469
s 0
f 5491//4422 5468//4443 5526//4422 5549//4443
s 1
f 5506//4477 5507//4434 5565//4434 5564//4477
f 5469//4468 5470//4469 5528//4469 5527//4468
f 5510//4487 5509//4430 5567//4430 5568//4487
f 5461//4485 5463//4480 5521//4480 5519//4485
f 5511//4433 5510//4487 5568//4487 5569//4433
f 5462//4490 5461//4485 5519//4485 5520//4490
f 5515//4439 5516//4462 5574//4462 5573//4439
f 5467//4458 5469//4468 5527//4468 5525//4489
f 5490//4488 5485//4482 5543//4482 5548//4488
f 5468//4443 5466//4467 5524//4467 5526//4443
f 5514//4471 5515//4439 5573//4439 5572//4471
f 5466//4467 5465//4459 5523//4459 5524//4467
f 5500//4452 5498//4452 5556//4452 5558//4452
f 5465//4459 5467//4458 5525//4489 5523//4459
f 5481//4424 5508//4456 5566//4456 5539//4424
f 5463//4480 5464//4479 5522//4479 5521//4480
f 5495//4446 5494//4467 5552//4467 5553//4446
f 5475//4457 5474//4469 5532//4469 5533//4457
f 5498//4452 5497//4438 5555//4438 5556//4452
f 5474//4469 5473//4457 5531//4457 5532//4469
f 5482//4424 5480//4424 5538//4424 5540//4424
f 5484//4426 5483//4424 5541//4424 5542//4426
f 5509//4430 5477//4429 5535//4429 5567//4430
f 5507//4434 5511//4433 5569//4433 5565//4434
f 5497//4438 5499//4437 5557//4437 5555//4438
f 5513//4439 5512//4441 5570//4441 5571//4439
f 5496//4447 5495//4446 5553//4446 5554//4447
f 5489//4451 5487//4450 5545//4450 5547//4451
f 5503//4452 5502//4452 5560//4452 5561//4452
f 5508//4456 5505//4455 5563//4455 5566//4456
f 5504//4461 5503//4452 5561//4452 5562//4461
f 5483//4424 5482//4424 5540//4424 5541//4424
f 5518//4439 5513//4439 5571//4439 5576//4439
f 5486//4466 5488//4465 5546//4465 5544//4466
f 5494//4467 5493//4467 5551//4467 5552//4467
f 5512//4441 5496//4447 5554//4447 5570//4441
f 5480//4424 5479//4424 5537//4424 5538//4424
f 5488//4465 5514//4471 5572//4471 5546//4465
f 5493//4467 5492//4467 5550//4467 5551//4467
f 5487//4450 5486//4466 5544//4466 5545//4450
f 5502//4452 5501//4452 5559//4452 5560//4452
f 5476//4475 5478//4474 5536//4474 5534//4475
f 5492//4467 5491//4443 5549//4443 5550//4467
f 5567//4430 5535//4429 5593//4429 5625//4430
f 5565//4434 5569//4433 5627//4433 5623//4434
f 5555//4438 5557//4437 5615//4437 5613//4438
f 5571//4439 5570//4441 5628//4441 5629//4439
f 5554//4447 5553//4446 5611//4446 5612//4447
f 5547//4451 5545//4450 5603//4450 5605//4451
f 5561//4452 5560//4452 5618//4452 5619//4452
f 5566//4456 5563//4455 5621//4455 5624//4456
f 5562//4461 5561//4452 5619//4452 5620//4461
f 5541//4424 5540//4424 5598//4424 5599//4424
f 5576//4439 5571//4439 5629//4439 5634//4439
f 5544//4466 5546//4465 5604//4465 5602//4466
f 5552//4467 5551//4467 5609//4467 5610//4467
f 5570//4441 5554//4447 5612//4447 5628//4441
f 5538//4424 5537//4424 5595//4424 5596//4424
f 5546//4465 5572//4471 5630//4471 5604//4465
f 5551//4467 5550//4467 5608//4467 5609//4467
f 5545//4450 5544//4466 5602//4466 5603//4450
f 5560//4452 5559//4452 5617//4452 5618//4452
f 5534//4475 5536//4474 5594//4474 5592//4475
f 5550//4467 5549//4443 5607//4443 5608//4467
f 5557//4437 5564//4477 5622//4477 5615//4437
f 5574//4462 5575//4478 5633//4478 5632//4462
f 5535//4429 5534//4475 5592//4475 5593//4429
f 5529//4484 5520//4490 5578//4483 5587//4484
f 5559//4452 5558//4452 5616//4452 5617//4452
f 5536//4474 5547//4451 5605//4451 5594//4474
f 5531//4457 5530//4457 5588//4457 5589//4457
f 5537//4424 5539//4424 5597//4424 5595//4424
f 5563//4455 5562//4461 5620//4461 5621//4455
f 5530//4457 5529//4484 5587//4484 5588//4457
f 5575//4478 5576//4439 5634//4439 5633//4478
f 5543//4482 5542//4426 5600//4426 5601//4482
f 5528//4469 5533//4457 5591//4457 5586//4469
s 0
f 5549//4422 5526//4443 5584//4422 5607//4443
s 1
f 5564//4477 5565//4434 5623//4434 5622//4477
f 5527//4468 5528//4469 5586//4469 5585//4468
f 5568//4487 5567//4430 5625//4430 5626//4487
f 5519//4485 5521//4480 5579//4480 5577//4485
f 5569//4433 5568//4487 5626//4487 5627//4433
f 5520//4490 5519//4485 5577//4485 5578//4483
f 5573//4439 5574//4462 5632//4462 5631//4439
f 5525//4489 5527//4468 5585//4468 5583//4489
f 5548//4488 5543//4482 5601//4482 5606//4488
f 5526//4443 5524//4467 5582//4467 5584//4443
f 5572//4471 5573//4439 5631//4439 5630//4471
f 5524//4467 5523//4459 5581//4459 5582//4467
f 5558//4452 5556//4452 5614//4452 5616//4452
f 5523//4459 5525//4489 5583//4489 5581//4459
f 5539//4424 5566//4456 5624//4456 5597//4424
f 5521//4480 5522//4479 5580//4479 5579//4480
f 5553//4446 5552//4467 5610//4467 5611//4446
f 5533//4457 5532//4469 5590//4469 5591//4457
f 5556//4452 5555//4438 5613//4438 5614//4452
f 5532//4469 5531//4457 5589//4457 5590//4469
f 5540//4424 5538//4424 5596//4424 5598//4424
f 5542//4426 5541//4424 5599//4424 5600//4426
f 5626//4487 5625//4430 5683//4430 5684//4487
f 5577//4485 5579//4480 5637//4480 5635//4485
f 5627//4433 5626//4487 5684//4487 5685//4433
f 5578//4483 5577//4485 5635//4485 5636//4483
f 5631//4439 5632//4462 5690//4462 5689//4439
f 5583//4489 5585//4468 5643//4468 5641//4489
f 5606//4488 5601//4482 5659//4482 5664//4488
f 5584//4443 5582//4467 5640//4467 5642//4443
f 5630//4471 5631//4439 5689//4439 5688//4471
f 5582//4467 5581//4459 5639//4459 5640//4467
f 5616//4452 5614//4452 5672//4452 5674//4452
f 5581//4459 5583//4489 5641//4489 5639//4459
f 5597//4424 5624//4456 5682//4456 5655//4424
f 5579//4480 5580//4479 5638//4479 5637//4480
f 5611//4446 5610//4467 5668//4467 5669//4446
f 5591//4457 5590//4469 5648//4469 5649//4457
f 5614//4452 5613//4438 5671//4438 5672//4452
f 5590//4469 5589//4457 5647//4457 5648//4469
f 5598//4424 5596//4424 5654//4424 5656//4424
f 5600//4426 5599//4424 5657//4424 5658//4426
f 5625//4430 5593//4429 5651//4429 5683//4430
f 5623//4434 5627//4433 5685//4433 5681//4434
f 5613//4438 5615//4437 5673//4437 5671//4438
f 5629//4439 5628//4441 5686//4441 5687//4439
f 5612//4447 5611//4446 5669//4446 5670//4447
f 5605//4451 5603//4450 5661//4450 5663//4451
f 5619//4452 5618//4452 5676//4452 5677//4452
f 5624//4456 5621//4455 5679//4455 5682//4456
f 5620//4461 5619//4452 5677//4452 5678//4461
f 5599//4424 5598//4424 5656//4424 5657//4424
f 5634//4439 5629//4439 5687//4439 5692//4439
f 5602//4466 5604//4465 5662//4465 5660//4466
f 5610//4467 5609//4467 5667//4467 5668//4467
f 5628//4441 5612//4447 5670//4447 5686//4441
f 5596//4424 5595//4424 5653//4424 5654//4424
f 5604//4465 5630//4471 5688//4471 5662//4465
f 5609//4467 5608//4467 5666//4467 5667//4467
f 5603//4450 5602//4466 5660//4466 5661//4450
f 5618//4452 5617//4452 5675//4452 5676//4452
f 5592//4475 5594//4474 5652//4474 5650//4475
f 5608//4467 5607//4443 5665//4443 5666//4467
f 5615//4437 5622//4477 5680//4477 5673//4437
f 5632//4462 5633//4478 5691//4478 5690//4462
f 5593//4429 5592//4475 5650//4475 5651//4429
f 5587//4484 5578//4483 5636//4483 5645//4484
f 5617//4452 5616//4452 5674//4452 5675//4452
f 5594//4474 5605//4451 5663//4451 5652//4474
f 5589//4457 5588//4457 5646//4457 5647//4457
f 5595//4424 5597//4424 5655//4424 5653//4424
f 5621//4455 5620//4461 5678//4461 5679//4455
f 5588//4457 5587//4484 5645//4484 5646//4457
f 5633//4478 5634//4439 5692//4439 5691//4478
f 5601//4482 5600//4426 5658//4426 5659//4482
f 5586//4469 5591//4457 5649//4457 5644//4469
s 0
f 5607//4422 5584//4443 5642//4422 5665//4443
s 1
f 5622//4477 5623//4434 5681//4434 5680//4477
f 5585//4468 5586//4469 5644//4469 5643//4468
f 5668//4467 5667//4467 5725//4467 5726//4467
f 5686//4441 5670//4447 5728//4447 5744//4441
f 5654//4424 5653//4424 5711//4424 5712//4424
f 5662//4465 5688//4471 5746//4471 5720//4465
f 5667//4467 5666//4467 5724//4467 5725//4467
f 5661//4450 5660//4466 5718//4466 5719//4450
f 5676//4452 5675//4452 5733//4452 5734//4452
f 5650//4475 5652//4474 5710//4474 5708//4475
f 5666//4467 5665//4443 5723//4443 5724//4467
f 5673//4437 5680//4477 5738//4477 5731//4437
f 5690//4462 5691//4478 5749//4478 5748//4462
f 5651//4429 5650//4475 5708//4475 5709//4429
f 5645//4484 5636//4483 5694//4490 5703//4484
f 5675//4452 5674//4452 5732//4452 5733//4452
f 5652//4474 5663//4451 5721//4451 5710//4474
f 5647//4457 5646//4457 5704//4457 5705//4457
f 5653//4424 5655//4424 5713//4424 5711//4424
f 5679//4455 5678//4461 5736//4461 5737//4455
f 5646//4457 5645//4484 5703//4484 5704//4457
f 5691//4478 5692//4439 5750//4439 5749//4478
f 5659//4482 5658//4426 5716//4426 5717//4482
f 5644//4469 5649//4457 5707//4457 5702//4469
s 0
f 5665//4422 5642//4443 5700//4422 5723//4443
s 1
f 5680//4477 5681//4434 5739//4434 5738//4477
f 5643//4468 5644//4469 5702//4469 5701//4468
f 5684//4487 5683//4430 5741//4430 5742//4487
f 5635//4485 5637//4480 5695//4480 5693//4485
f 5685//4433 5684//4487 5742//4487 5743//4433
f 5636//4483 5635//4485 5693//4485 5694//4490
f 5689//4439 5690//4462 5748//4462 5747//4439
f 5641//4489 5643//4468 5701//4468 5699//4489
f 5664//4488 5659//4482 5717//4482 5722//4488
f 5642//4443 5640//4467 5698//4467 5700//4443
f 5688//4471 5689//4439 5747//4439 5746//4471
f 5640//4467 5639//4459 5697//4459 5698//4467
f 5674//4452 5672//4452 5730//4452 5732//4452
f 5639//4459 5641//4489 5699//4489 5697//4459
f 5655//4424 5682//4456 5740//4456 5713//4424
f 5637//4480 5638//4479 5696//4479 5695//4480
f 5669//4446 5668//4467 5726//4467 5727//4446
f 5649//4457 5648//4469 5706//4469 5707//4457
f 5672//4452 5671//4438 5729//4438 5730//4452
f 5648//4469 5647//4457 5705//4457 5706//4469
f 5656//4424 5654//4424 5712//4424 5714//4424
f 5658//4426 5657//4424 5715//4424 5716//4426
f 5683//4430 5651//4429 5709//4429 5741//4430
f 5681//4434 5685//4433 5743//4433 5739//4434
f 5671//4438 5673//4437 5731//4437 5729//4438
f 5687//4439 5686//4441 5744//4441 5745//4439
f 5670//4447 5669//4446 5727//4446 5728//4447
f 5663//4451 5661//4450 5719//4450 5721//4451
f 5677//4452 5676//4452 5734//4452 5735//4452
f 5682//4456 5679//4455 5737//4455 5740//4456
f 5678//4461 5677//4452 5735//4452 5736//4461
f 5657//4424 5656//4424 5714//4424 5715//4424
f 5692//4439 5687//4439 5745//4439 5750//4439
f 5660//4466 5662//4465 5720//4465 5718//4466
f 5713//4424 5740//4456 5798//4456 5771//4424
f 5695//4480 5696//4479 5754//4479 5753//4480
f 5727//4446 5726//4467 5784//4467 5785//4446
f 5707//4457 5706//4469 5764//4469 5765//4457
f 5730//4452 5729//4438 5787//4438 5788//4452
f 5706//4469 5705//4457 5763//4457 5764//4469
f 5714//4424 5712//4424 5770//4424 5772//4424
f 5716//4426 5715//4424 5773//4424 5774//4426
f 5741//4430 5709//4429 5767//4429 5799//4430
f 5739//4434 5743//4433 5801//4433 5797//4434
f 5729//4438 5731//4437 5789//4437 5787//4438
f 5745//4439 5744//4441 5802//4441 5803//4439
f 5728//4447 5727//4446 5785//4446 5786//4447
f 5721//4451 5719//4450 5777//4450 5779//4451
f 5735//4452 5734//4452 5792//4452 5793//4452
f 5740//4456 5737//4455 5795//4455 5798//4456
f 5736//4461 5735//4452 5793//4452 5794//4461
f 5715//4424 5714//4424 5772//4424 5773//4424
f 5750//4439 5745//4439 5803//4439 5808//4439
f 5718//4466 5720//4465 5778//4465 5776//4466
f 5726//4467 5725//4467 5783//4467 5784//4467
f 5744//4441 5728//4447 5786//4447 5802//4441
f 5712//4424 5711//4424 5769//4424 5770//4424
f 5720//4465 5746//4471 5804//4471 5778//4465
f 5725//4467 5724//4467 5782//4467 5783//4467
f 5719//4450 5718//4466 5776//4466 5777//4450
f 5734//4452 5733//4452 5791//4452 5792//4452
f 5708//4475 5710//4474 5768//4474 5766//4475
f 5724//4467 5723//4443 5781//4443 5782//4467
f 5731//4437 5738//4477 5796//4477 5789//4437
f 5748//4462 5749//4478 5807//4478 5806//4462
f 5709//4429 5708//4475 5766//4475 5767//4429
f 5703//4484 5694//4490 5752//4490 5761//4484
f 5733//4452 5732//4452 5790//4452 5791//4452
f 5710//4474 5721//4451 5779//4451 5768//4474
f 5705//4457 5704//4457 5762//4457 5763//4457
f 5711//4424 5713//4424 5771//4424 5769//4424
f 5737//4455 5736//4461 5794//4461 5795//4455
f 5704//4457 5703//4484 5761//4484 5762//4457
f 5749//4478 5750//4439 5808//4439 5807//4478
f 5717//4482 5716//4426 5774//4426 5775//4482
f 5702//4469 5707//4457 5765//4457 5760//4469
s 0
f 5723//4422 5700//4443 5758//4422 5781//4443
s 1
f 5738//4477 5739//4434 5797//4434 5796//4477
f 5701//4468 5702//4469 5760//4469 5759//4468
f 5742//4487 5741//4430 5799//4430 5800//4487
f 5693//4485 5695//4480 5753//4480 5751//4485
f 5743//4433 5742//4487 5800//4487 5801//4433
f 5694//4490 5693//4485 5751//4485 5752//4490
f 5747//4439 5748//4462 5806//4462 5805//4439
f 5699//4489 5701//4468 5759//4468 5757//4489
f 5722//4488 5717//4482 5775//4482 5780//4488
f 5700//4443 5698//4467 5756//4467 5758//4443
f 5746//4471 5747//4439 5805//4439 5804//4471
f 5698//4467 5697//4459 5755//4459 5756//4467
f 5732//4452 5730//4452 5788//4452 5790//4452
f 5697//4459 5699//4489 5757//4489 5755//4459
f 5791//4452 5790//4452 5848//4491 5849//4492
f 5768//4474 5779//4451 5837//4493 5826//4494
f 5763//4457 5762//4457 5820//4495 5821//4496
f 5769//4424 5771//4424 5829//4497 5827//4498
f 5795//4455 5794//4461 5852//4499 5853//4500
f 5762//4457 5761//4484 5819//4501 5820//4495
f 5807//4478 5808//4439 5866//4502 5865//4503
f 5775//4482 5774//4426 5832//4504 5833//4505
f 5760//4469 5765//4457 5823//4506 5818//4507
s 0
f 5781//4422 5758//4443 5816//4422 5839//4508
s 1
f 5796//4477 5797//4434 5855//4509 5854//4510
f 5759//4468 5760//4469 5818//4507 5817//4511
f 5800//4487 5799//4430 5857//4512 5858//4513
f 5751//4485 5753//4480 5811//4514 5809//4515
f 5801//4433 5800//4487 5858//4513 5859//4516
f 5752//4490 5751//4485 5809//4515 5810//4517
f 5805//4439 5806//4462 5864//4518 5863//4519
f 5757//4489 5759//4468 5817//4511 5815//4520
f 5780//4488 5775//4482 5833//4505 5838//4521
f 5758//4443 5756//4467 5814//4522 5816//4523
f 5804//4471 5805//4439 5863//4519 5862//4524
f 5756//4467 5755//4459 5813//4525 5814//4522
f 5790//4452 5788//4452 5846//4526 5848//4491
f 5755//4459 5757//4489 5815//4520 5813//4525
f 5771//4424 5798//4456 5856//4527 5829//4497
f 5753//4480 5754//4479 5812//4528 5811//4514
f 5785//4446 5784//4467 5842//4529 5843//4530
f 5765//4457 5764//4469 5822//4531 5823//4506
f 5788//4452 5787//4438 5845//4532 5846//4526
f 5764//4469 5763//4457 5821//4496 5822//4531
f 5772//4424 5770//4424 5828//4533 5830//4534
f 5774//4426 5773//4424 5831//4535 5832//4504
f 5799//4430 5767//4429 5825//4536 5857//4512
f 5797//4434 5801//4433 5859//4516 5855//4509
f 5787//4438 5789//4437 5847//4537 5845//4532
f 5803//4439 5802//4441 5860//4538 5861//4539
f 5786//4447 5785//4446 5843//4530 5844//4540
f 5779//4451 5777//4450 5835//4541 5837//4493
f 5793//4452 5792//4452 5850//4542 5851//4543
f 5798//4456 5795//4455 5853//4500 5856//4527
f 5794//4461 5793//4452 5851//4543 5852//4499
f 5773//4424 5772//4424 5830//4534 5831//4535
f 5808//4439 5803//4439 5861//4539 5866//4502
f 5776//4466 5778//4465 5836//4544 5834//4545
f 5784//4467 5783//4467 5841//4546 5842//4529
f 5802//4441 5786//4447 5844//4540 5860//4538
f 5770//4424 5769//4424 5827//4498 5828//4533
f 5778//4465 5804//4471 5862//4524 5836//4544
f 5783//4467 5782//4467 5840//4547 5841//4546
f 5777//4450 5776//4466 5834//4545 5835//4541
f 5792//4452 5791//4452 5849//4492 5850//4542
f 5766//4475 5768//4474 5826//4494 5824//4548
f 5782//4467 5781//4443 5839//4549 5840//4547
f 5789//4437 5796//4477 5854//4510 5847//4537
f 5806//4462 5807//4478 5865//4503 5864//4518
f 5767//4429 5766//4475 5824//4548 5825//4536
f 5761//4484 5752//4490 5810//4517 5819//4501
f 5866//4502 5861//4539 5919//4550 5924//4551
f 5834//4545 5836//4544 5894//4552 5892//4553
f 5842//4529 5841//4546 5899//4554 5900//4555
f 5860//4538 5844//4540 5902//4556 5918//4557
f 5828//4533 5827//4498 5885//4558 5886//4559
f 5836//4544 5862//4524 5920//4560 5894//4552
f 5841//4546 5840//4547 5898//4561 5899//4554
f 5835//4541 5834//4545 5892//4553 5893//4562
f 5850//4542 5849//4492 5907//4563 5908//4564
f 5824//4548 5826//4494 5884//4565 5882//4566
f 5840//4547 5839//4549 5897//4567 5898//4561
f 5847//4537 5854//4510 5912//4568 5905//4569
f 5864//4518 5865//4503 5923//4570 5922//4571
f 5825//4536 5824//4548 5882//4566 5883//4572
f 5819//4501 5810//4517 5868//4573 5877//4574
f 5849//4492 5848//4491 5906//4575 5907//4563
f 5826//4494 5837//4493 5895//4576 5884//4565
f 5821//4496 5820//4495 5878//4577 5879//4578
f 5827//4498 5829//4497 5887//4579 5885//4558
f 5853//4500 5852//4499 5910//4580 5911//4581
f 5820//4495 5819//4501 5877//4574 5878//4577
f 5865//4503 5866//4502 5924//4551 5923//4570
f 5833//4505 5832//4504 5890//4582 5891//4583
f 5818//4507 5823//4506 5881//4584 5876//4585
s 0
f 5839//4422 5816//4586 5874//4422 5897//4587
s 1
f 5854//4510 5855//4509 5913//4588 5912//4568
f 5817//4511 5818//4507 5876//4585 5875//4589
f 5858//4513 5857//4512 5915//4590 5916//4591
f 5809//4515 5811//4514 5869//4592 5867//4593
f 5859//4516 5858//4513 5916//4591 5917//4594
f 5810//4517 5809//4515 5867//4593 5868//4573
f 5863//4519 5864//4518 5922//4571 5921//4595
f 5815//4520 5817//4511 5875//4589 5873//4596
f 5838//4521 5833//4505 5891//4583 5896//4597
f 5816//4523 5814//4522 5872//4598 5874//4599
f 5862//4524 5863//4519 5921//4595 5920//4560
f 5814//4522 5813//4525 5871//4600 5872//4598
f 5848//4491 5846//4526 5904//4601 5906//4575
f 5813//4525 5815//4520 5873//4596 5871//4600
f 5829//4497 5856//4527 5914//4602 5887//4579
f 5811//4514 5812//4528 5870//4603 5869//4592
f 5843//4530 5842//4529 5900//4555 5901//4604
f 5823//4506 5822//4531 5880//4605 5881//4584
f 5846//4526 5845//4532 5903//4606 5904//4601
f 5822//4531 5821//4496 5879//4578 5880//4605
f 5830//4534 5828//4533 5886//4559 5888//4607
f 5832//4504 5831//4535 5889//4608 5890//4582
f 5857//4512 5825//4536 5883//4572 5915//4590
f 5855//4509 5859//4516 5917//4594 5913//4588
f 5845//4532 5847//4537 5905//4569 5903//4606
f 5861//4539 5860//4538 5918//4557 5919//4550
f 5844//4540 5843//4530 5901//4604 5902//4556
f 5837//4493 5835//4541 5893//4562 5895//4576
f 5851//4543 5850//4542 5908//4564 5909//4609
f 5856//4527 5853//4500 5911//4581 5914//4602
f 5852//4499 5851//4543 5909//4609 5910//4580
f 5831//4535 5830//4534 5888//4607 5889//4608
f 5906//4575 5904//4601 5962//4610 5964//4611
f 5871//4600 5873//4596 5931//4612 5929//4613
f 5887//4579 5914//4602 5972//4614 5945//4615
f 5869//4592 5870//4603 5928//4616 5927//4617
f 5901//4604 5900//4555 5958//4618 5959//4619
f 5881//4584 5880//4605 5938//4620 5939//4620
f 5904//4601 5903//4606 5961//4621 5962//4610
f 5880//4605 5879//4578 5937//4622 5938//4620
f 5888//4607 5886//4559 5944//4623 5946//4624
f 5890//4582 5889//4608 5947//4625 5948//4626
f 5915//4590 5883//4572 5941//4627 5973//4628
f 5913//4588 5917//4594 5975//4629 5971//4630
f 5903//4606 5905//4569 5963//4631 5961//4621
f 5919//4550 5918//4557 5976//4632 5977//4633
f 5902//4556 5901//4604 5959//4619 5960//4634
f 5895//4576 5893//4562 5951//4635 5953//4636
f 5909//4609 5908//4564 5966//4637 5967//4638
f 5914//4602 5911//4581 5969//4639 5972//4614
f 5910//4580 5909//4609 5967//4638 5968//4640
f 5889//4608 5888//4607 5946//4624 5947//4625
f 5924//4551 5919//4550 5977//4633 5982//4633
f 5892//4553 5894//4552 5952//4641 5950//4642
f 5900//4555 5899//4554 5957//4618 5958//4618
f 5918//4557 5902//4556 5960//4634 5976//4632
f 5886//4559 5885//4558 5943//4643 5944//4623
f 5894//4552 5920//4560 5978//4644 5952//4641
f 5899//4554 5898//4561 5956//4618 5957//4618
f 5893//4562 5892//4553 5950//4642 5951//4635
f 5908//4564 5907//4563 5965//4645 5966//4637
f 5882//4566 5884//4565 5942//4646 5940//4647
f 5898//4561 5897//4567 5955//4648 5956//4618
f 5905//4569 5912//4568 5970//4649 5963//4631
f 5922//4571 5923//4570 5981//4650 5980//4651
f 5883//4572 5882//4566 5940//4647 5941//4627
f 5877//4574 5868//4573 5926//4652 5935//4653
f 5907//4563 5906//4575 5964//4611 5965//4645
f 5884//4565 5895//4576 5953//4636 5942//4646
f 5879//4578 5878//4577 5936//4654 5937//4622
f 5885//4558 5887//4579 5945//4615 5943//4643
f 5911//4581 5910//4580 5968//4640 5969//4639
f 5878//4577 5877//4574 5935//4653 5936//4654
f 5923//4570 5924//4551 5982//4633 5981//4650
f 5891//4583 5890//4582 5948//4626 5949//4655
f 5876//4585 5881//4584 5939//4620 5934//4620
s 0
f 5897//4422 5874//4656 5932//4422 5955//4648
s 1
f 5912//4568 5913//4588 5971//4630 5970//4649
f 5875//4589 5876//4585 5934//4620 5933//4657
f 5916//4591 5915//4590 5973//4628 5974//4658
f 5867//4593 5869//4592 5927//4617 5925//4659
f 5917//4594 5916//4591 5974//4658 5975//4629
f 5868//4573 5867//4593 5925//4659 5926//4652
f 5921//4595 5922//4571 5980//4651 5979//4660
f 5873//4596 5875//4589 5933//4657 5931//4612
f 5896//4597 5891//4583 5949//4655 5954//4661
f 5874//4599 5872//4598 5930//4618 5932//4648
f 5920//4560 5921//4595 5979//4660 5978//4644
f 5872//4598 5871//4600 5929//4613 5930//4618
f 5980//4651 5981//4650 6039//4650 6038//4651
f 5941//4627 5940//4647 5998//4647 5999//4662
f 5935//4653 5926//4652 5984//4652 5993//4653
f 5965//4645 5964//4611 6022//4611 6023//4645
f 5942//4646 5953//4636 6011//4636 6000//4646
f 5937//4622 5936//4654 5994//4654 5995//4622
f 5943//4643 5945//4615 6003//4615 6001//4643
f 5969//4639 5968//4640 6026//4640 6027//4639
f 5936//4654 5935//4653 5993//4653 5994//4654
f 5981//4650 5982//4633 6040//4633 6039//4650
f 5949//4655 5948//4626 6006//4626 6007//4655
f 5934//4620 5939//4620 5997//4620 5992//4620
s 0
f 5955//4422 5932//4648 5990//4422 6013//4648
s 1
f 5970//4649 5971//4630 6029//4630 6028//4649
f 5933//4657 5934//4620 5992//4620 5991//4657
f 5974//4658 5973//4628 6031//4628 6032//4658
f 5925//4659 5927//4617 5985//4617 5983//4659
f 5975//4629 5974//4658 6032//4658 6033//4629
f 5926//4652 5925//4659 5983//4659 5984//4652
f 5979//4660 5980//4651 6038//4651 6037//4660
f 5931//4612 5933//4657 5991//4657 5989//4663
f 5954//4661 5949//4655 6007//4655 6012//4661
f 5932//4648 5930//4618 5988//4618 5990//4648
f 5978//4644 5979//4660 6037//4660 6036//4644
f 5930//4618 5929//4613 5987//4613 5988//4618
f 5964//4611 5962//4610 6020//4610 6022//4611
f 5929//4613 5931//4612 5989//4663 5987//4613
f 5945//4615 5972//4614 6030//4614 6003//4615
f 5927//4617 5928//4616 5986//4616 5985//4617
f 5959//4619 5958//4618 6016//4618 6017//4619
f 5939//4620 5938//4620 5996//4620 5997//4620
f 5962//4610 5961//4621 6019//4621 6020//4610
f 5938//4620 5937//4622 5995//4622 5996//4620
f 5946//4624 5944//4623 6002//4623 6004//4624
f 5948//4626 5947//4625 6005//4625 6006//4626
f 5973//4628 5941//4627 5999//4662 6031//4628
f 5971//4630 5975//4629 6033//4629 6029//4630
f 5961//4621 5963//4631 6021//4631 6019//4621
f 5977//4633 5976//4632 6034//4632 6035//4633
f 5960//4634 5959//4619 6017//4619 6018//4634
f 5953//4636 5951//4635 6009//4635 6011//4636
f 5967//4638 5966//4637 6024//4637 6025//4638
f 5972//4614 5969//4639 6027//4639 6030//4614
f 5968//4640 5967//4638 6025//4638 6026//4640
f 5947//4625 5946//4624 6004//4624 6005//4625
f 5982//4633 5977//4633 6035//4633 6040//4633
f 5950//4642 5952//4641 6010//4641 6008//4642
f 5958//4618 5957//4618 6015//4618 6016//4618
f 5976//4632 5960//4634 6018//4634 6034//4632
f 5944//4623 5943//4643 6001//4643 6002//4623
f 5952//4641 5978//4644 6036//4644 6010//4641
f 5957//4618 5956//4618 6014//4618 6015//4618
f 5951//4635 5950//4642 6008//4642 6009//4635
f 5966//4637 5965//4645 6023//4645 6024//4637
f 5940//4647 5942//4646 6000//4646 5998//4647
f 5956//4618 5955//4648 6013//4648 6014//4618
f 5963//4631 5970//4649 6028//4649 6021//4631
f 6019//4621 6021//4631 6079//4631 6077//4621
f 6035//4633 6034//4632 6092//4632 6093//4633
f 6018//4634 6017//4619 6075//4619 6076//4634
f 6011//4636 6009//4635 6067//4635 6069//4636
f 6025//4638 6024//4637 6082//4637 6083//4638
f 6030//4614 6027//4639 6085//4639 6088//4614
f 6026//4640 6025//4638 6083//4638 6084//4640
f 6005//4625 6004//4624 6062//4624 6063//4625
f 6040//4633 6035//4633 6093//4633 6098//4633
f 6008//4642 6010//4641 6068//4641 6066//4642
f 6016//4618 6015//4618 6073//4618 6074//4618
f 6034//4632 6018//4634 6076//4634 6092//4632
f 6002//4623 6001//4643 6059//4643 6060//4623
f 6010//4641 6036//4644 6094//4644 6068//4641
f 6015//4618 6014//4618 6072//4618 6073//4618
f 6009//4635 6008//4642 6066//4642 6067//4635
f 6024//4637 6023//4645 6081//4645 6082//4637
f 5998//4647 6000//4646 6058//4646 6056//4647
f 6014//4618 6013//4648 6071//4648 6072//4618
f 6021//4631 6028//4649 6086//4649 6079//4631
f 6038//4651 6039//4650 6097//4650 6096//4651
f 5999//4662 5998//4647 6056//4647 6057//4662
f 5993//4653 5984//4652 6042//4652 6051//4653
f 6023//4645 6022//4611 6080//4611 6081//4645
f 6000//4646 6011//4636 6069//4636 6058//4646
f 5995//4622 5994//4654 6052//4654 6053//4622
f 6001//4643 6003//4615 6061//4615 6059//4643
f 6027//4639 6026//4640 6084//4640 6085//4639
f 5994//4654 5993//4653 6051//4653 6052//4654
f 6039//4650 6040//4633 6098//4633 6097//4650
f 6007//4655 6006//4626 6064//4626 6065//4655
f 5992//4620 5997//4620 6055//4620 6050//4620
s 0
f 6013//4422 5990//4648 6048//4422 6071//4648
s 1
f 6028//4649 6029//4630 6087//4630 6086//4649
f 5991//4657 5992//4620 6050//4620 6049//4657
f 6032//4658 6031//4628 6089//4628 6090//4658
f 5983//4659 5985//4617 6043//4617 6041//4659
f 6033//4629 6032//4658 6090//4658 6091//4629
f 5984//4652 5983//4659 6041//4659 6042//4652
f 6037//4660 6038//4651 6096//4651 6095//4660
f 5989//4663 5991//4657 6049//4657 6047//4663
f 6012//4661 6007//4655 6065//4655 6070//4661
f 5990//4648 5988//4618 6046//4618 6048//4648
f 6036//4644 6037//4660 6095//4660 6094//4644
f 5988//4618 5987//4613 6045//4613 6046//4618
f 6022//4611 6020//4610 6078//4610 6080//4611
f 5987//4613 5989//4663 6047//4663 6045//4613
f 6003//4615 6030//4614 6088//4614 6061//4615
f 5985//4617 5986//4616 6044//4616 6043//4617
f 6017//4619 6016//4618 6074//4618 6075//4619
f 5997//4620 5996//4620 6054//4620 6055//4620
f 6020//4610 6019//4621 6077//4621 6078//4610
f 5996//4620 5995//4622 6053//4622 6054//4620
f 6004//4624 6002//4623 6060//4623 6062//4624
f 6006//4626 6005//4625 6063//4625 6064//4626
f 6031//4628 5999//4662 6057//4662 6089//4628
f 6029//4630 6033//4629 6091//4629 6087//4630
f 6041//4659 6043//4617 6101//4664 6099//4665
f 6091//4629 6090//4658 6148//4666 6149//4667
f 6042//4652 6041//4659 6099//4665 6100//4668
f 6095//4660 6096//4651 6154//4669 6153//4670
f 6047//4663 6049//4657 6107//4671 6105//4672
f 6070//4661 6065//4655 6123//4673 6128//4674
f 6048//4648 6046//4618 6104//4675 6106//4676
f 6094//4644 6095//4660 6153//4670 6152//4677
f 6046//4618 6045//4613 6103//4678 6104//4675
f 6080//4611 6078//4610 6136//4679 6138//4680
f 6045//4613 6047//4663 6105//4672 6103//4678
f 6061//4615 6088//4614 6146//4681 6119//4682
f 6043//4617 6044//4616 6102//4683 6101//4664
f 6075//4619 6074//4618 6132//4684 6133//4685
f 6055//4620 6054//4620 6112//4686 6113//4687
f 6078//4610 6077//4621 6135//4688 6136//4679
f 6054//4620 6053//4622 6111//4689 6112//4686
f 6062//4624 6060//4623 6118//4690 6120//4691
f 6064//4626 6063//4625 6121//4692 6122//4693
f 6089//4628 6057//4662 6115//4694 6147//4695
f 6087//4630 6091//4629 6149//4667 6145//4696
f 6077//4621 6079//4631 6137//4697 6135//4688
f 6093//4633 6092//4632 6150//4698 6151//4699
f 6076//4634 6075//4619 6133//4685 6134//4700
f 6069//4636 6067//4635 6125//4701 6127//4702
f 6083//4638 6082//4637 6140//4703 6141//4704
f 6088//4614 6085//4639 6143//4705 6146//4681
f 6084//4640 6083//4638 6141//4704 6142//4706
f 6063//4625 6062//4624 6120//4691 6121//4692
f 6098//4633 6093//4633 6151//4699 6156//4707
f 6066//4642 6068//4641 6126//4708 6124//4709
f 6074//4618 6073//4618 6131//4710 6132//4684
f 6092//4632 6076//4634 6134//4700 6150//4698
f 6060//4623 6059//4643 6117//4711 6118//4690
f 6068//4641 6094//4644 6152//4677 6126//4708
f 6073//4618 6072//4618 6130//4712 6131//4710
f 6067//4635 6066//4642 6124//4709 6125//4701
f 6082//4637 6081//4645 6139//4713 6140//4703
f 6056//4647 6058//4646 6116//4714 6114//4715
f 6072//4618 6071//4648 6129//4716 6130//4712
f 6079//4631 6086//4649 6144//4717 6137//4697
f 6096//4651 6097//4650 6155//4718 6154//4669
f 6057//4662 6056//4647 6114//4715 6115//4694
f 6051//4653 6042//4652 6100//4668 6109//4719
f 6081//4645 6080//4611 6138//4680 6139//4713
f 6058//4646 6069//4636 6127//4702 6116//4714
f 6053//4622 6052//4654 6110//4720 6111//4689
f 6059//4643 6061//4615 6119//4682 6117//4711
f 6085//4639 6084//4640 6142//4706 6143//4705
f 6052//4654 6051//4653 6109//4719 6110//4720
f 6097//4650 6098//4633 6156//4707 6155//4718
f 6065//4655 6064//4626 6122//4693 6123//4673
f 6050//4620 6055//4620 6113//4687 6108//4721
s 0
f 6071//4422 6048//4648 6106//4422 6129//4722
s 1
f 6086//4649 6087//4630 6145//4696 6144//4717
f 6049//4657 6050//4620 6108//4721 6107//4671
f 6090//4658 6089//4628 6147//4695 6148//4666
f 6150//4698 6134//4700 6192//4723 6208//4724
f 6118//4690 6117//4711 6175//4725 6176//4726
f 6126//4708 6152//4677 6210//4727 6184//4728
f 6131//4710 6130//4712 6188//4729 6189//4730
f 6125//4701 6124//4709 6182//4731 6183//4732
f 6140//4703 6139//4713 6197//4733 6198//4734
f 6114//4715 6116//4714 6174//4735 6172//4736
f 6130//4712 6129//4716 6187//4737 6188//4729
f 6137//4697 6144//4717 6202//4738 6195//4739
f 6154//4669 6155//4718 6213//4740 6212//4741
f 6115//4694 6114//4715 6172//4736 6173//4742
f 6109//4719 6100//4668 6158//4743 6167//4744
f 6139//4713 6138//4680 6196//4745 6197//4733
f 6116//4714 6127//4702 6185//4746 6174//4735
f 6111//4689 6110//4720 6168//4747 6169//4748
f 6117//4711 6119//4682 6177//4749 6175//4725
f 6143//4705 6142//4706 6200//4750 6201//4751
f 6110//4720 6109//4719 6167//4744 6168//4747
f 6155//4718 6156//4707 6214//4752 6213//4740
f 6123//4673 6122//4693 6180//4753 6181//4754
f 6108//4721 6113//4687 6171//4755 6166//4756
s 0
f 6129//4422 6106//4757 6164//4422 6187//4758
s 1
f 6144//4717 6145//4696 6203//4759 6202//4738
f 6107//4671 6108//4721 6166//4756 6165//4760
f 6148//4666 6147//4695 6205//4761 6206//4762
f 6099//4665 6101//4664 6159//4763 6157//4764
f 6149//4667 6148//4666 6206//4762 6207//4765
f 6100//4668 6099//4665 6157//4764 6158//4743
f 6153//4670 6154//4669 6212//4741 6211//4766
f 6105//4672 6107//4671 6165//4760 6163//4767
f 6128//4674 6123//4673 6181//4754 6186//4768
f 6106//4676 6104//4675 6162//4769 6164//4770
f 6152//4677 6153//4670 6211//4766 6210//4727
f 6104//4675 6103//4678 6161//4771 6162//4769
f 6138//4680 6136//4679 6194//4772 6196//4745
f 6103//4678 6105//4672 6163//4767 6161//4771
f 6119//4682 6146//4681 6204//4773 6177//4749
f 6101//4664 6102//4683 6160//4774 6159//4763
f 6133//4685 6132//4684 6190//4775 6191//4776
f 6113//4687 6112//4686 6170//4777 6171//4755
f 6136//4679 6135//4688 6193//4778 6194//4772
f 6112//4686 6111//4689 6169//4748 6170//4777
f 6120//4691 6118//4690 6176//4726 6178//4779
f 6122//4693 6121//4692 6179//4780 6180//4753
f 6147//4695 6115//4694 6173//4742 6205//4761
f 6145//4696 6149//4667 6207//4765 6203//4759
f 6135//4688 6137//4697 6195//4739 6193//4778
f 6151//4699 6150//4698 6208//4724 6209//4781
f 6134//4700 6133//4685 6191//4776 6192//4723
f 6127//4702 6125//4701 6183//4732 6185//4746
f 6141//4704 6140//4703 6198//4734 6199//4782
f 6146//4681 6143//4705 6201//4751 6204//4773
f 6142//4706 6141//4704 6199//4782 6200//4750
f 6121//4692 6120//4691 6178//4779 6179//4780
f 6156//4707 6151//4699 6209//4781 6214//4752
f 6124//4709 6126//4708 6184//4728 6182//4731
f 6132//4684 6131//4710 6189//4730 6190//4775
f 6198//4734 6197//4733 6255//4783 6256//4784
f 6172//4736 6174//4735 6232//4785 6230//4786
f 6188//4729 6187//4737 6245//4787 6246//4788
f 6195//4739 6202//4738 6260//4789 6253//4790
f 6212//4741 6213//4740 6271//4791 6270//4792
f 6173//4742 6172//4736 6230//4786 6231//4793
f 6167//4744 6158//4743 6216//4794 6225//4795
f 6197//4733 6196//4745 6254//4796 6255//4783
f 6174//4735 6185//4746 6243//4797 6232//4785
f 6169//4748 6168//4747 6226//4798 6227//4799
f 6175//4725 6177//4749 6235//4800 6233//4625
f 6201//4751 6200//4750 6258//4801 6259//4802
f 6168//4747 6167//4744 6225//4795 6226//4798
f 6213//4740 6214//4752 6272//4803 6271//4791
f 6181//4754 6180//4753 6238//4804 6239//4805
f 6166//4756 6171//4755 6229//4806 6224//4807
s 0
f 6187//4422 6164//4808 6222//4422 6245//4809
s 1
f 6202//4738 6203//4759 6261//4810 6260//4789
f 6165//4760 6166//4756 6224//4807 6223//4811
f 6206//4762 6205//4761 6263//4812 6264//4813
f 6157//4764 6159//4763 6217//4814 6215//4815
f 6207//4765 6206//4762 6264//4813 6265//4816
f 6158//4743 6157//4764 6215//4815 6216//4794
f 6211//4766 6212//4741 6270//4792 6269//4817
f 6163//4767 6165//4760 6223//4811 6221//4818
f 6186//4768 6181//4754 6239//4805 6244//4819
f 6164//4770 6162//4769 6220//4788 6222//4787
f 6210//4727 6211//4766 6269//4817 6268//4820
f 6162//4769 6161//4771 6219//4821 6220//4788
f 6196//4745 6194//4772 6252//4822 6254//4796
f 6161//4771 6163//4767 6221//4818 6219//4821
f 6177//4749 6204//4773 6262//4823 6235//4800
f 6159//4763 6160//4774 6218//4824 6217//4814
f 6191//4776 6190//4775 6248//4788 6249//4825
f 6171//4755 6170//4777 6228//4806 6229//4806
f 6194//4772 6193//4778 6251//4826 6252//4822
f 6170//4777 6169//4748 6227//4799 6228//4806
f 6178//4779 6176//4726 6234//4827 6236//4828
f 6180//4753 6179//4780 6237//4829 6238//4804
f 6205//4761 6173//4742 6231//4793 6263//4812
f 6203//4759 6207//4765 6265//4816 6261//4810
f 6193//4778 6195//4739 6253//4790 6251//4826
f 6209//4781 6208//4724 6266//4830 6267//4831
f 6192//4723 6191//4776 6249//4825 6250//4832
f 6185//4746 6183//4732 6241//4833 6243//4797
f 6199//4782 6198//4734 6256//4784 6257//4834
f 6204//4773 6201//4751 6259//4802 6262//4823
f 6200//4750 6199//4782 6257//4834 6258//4801
f 6179//4780 6178//4779 6236//4828 6237//4829
f 6214//4752 6209//4781 6267//4831 6272//4803
f 6182//4731 6184//4728 6242//4835 6240//4836
f 6190//4775 6189//4730 6247//4788 6248//4788
f 6208//4724 6192//4723 6250//4832 6266//4830
f 6176//4726 6175//4725 6233//4625 6234//4827
f 6184//4728 6210//4727 6268//4820 6242//4835
f 6189//4730 6188//4729 6246//4788 6247//4788
f 6183//4732 6182//4731 6240//4836 6241//4833
f 6236//4828 6234//4827 6292//4827 6294//4828
f 6238//4804 6237//4829 6295//4829 6296//4804
f 6263//4812 6231//4793 6289//4793 6321//4812
f 6261//4810 6265//4816 6323//4816 6319//4810
f 6251//4826 6253//4790 6311//4790 6309//4826
f 6267//4831 6266//4830 6324//4830 6325//4831
f 6250//4832 6249//4825 6307//4825 6308//4832
f 6243//4797 6241//4833 6299//4837 6301//4838
f 6257//4834 6256//4784 6314//4784 6315//4834
f 6262//4823 6259//4802 6317//4802 6320//4823
f 6258//4801 6257//4834 6315//4834 6316//4801
f 6237//4829 6236//4828 6294//4828 6295//4829
f 6272//4803 6267//4831 6325//4831 6330//4803
f 6240//4836 6242//4835 6300//4835 6298//4836
f 6248//4788 6247//4788 6305//4788 6306//4788
f 6266//4830 6250//4832 6308//4832 6324//4830
f 6234//4827 6233//4625 6291//4625 6292//4827
f 6242//4835 6268//4820 6326//4820 6300//4835
f 6247//4788 6246//4788 6304//4788 6305//4788
f 6241//4833 6240//4836 6298//4836 6299//4837
f 6256//4784 6255//4783 6313//4783 6314//4784
f 6230//4786 6232//4785 6290//4785 6288//4786
f 6246//4788 6245//4787 6303//4787 6304//4788
f 6253//4790 6260//4789 6318//4789 6311//4790
f 6270//4792 6271//4791 6329//4791 6328//4792
f 6231//4793 6230//4786 6288//4786 6289//4793
f 6225//4795 6216//4794 6274//4794 6283//4795
f 6255//4783 6254//4796 6312//4796 6313//4783
f 6232//4785 6243//4797 6301//4838 6290//4785
f 6227//4799 6226//4798 6284//4798 6285//4799
f 6233//4625 6235//4800 6293//4800 6291//4625
f 6259//4802 6258//4801 6316//4801 6317//4802
f 6226//4798 6225//4795 6283//4795 6284//4798
f 6271//4791 6272//4803 6330//4803 6329//4791
f 6239//4805 6238//4804 6296//4804 6297//4805
f 6224//4807 6229//4806 6287//4806 6282//4807
s 0
f 6245//4422 6222//4809 6280//4422 6303//4809
s 1
f 6260//4789 6261//4810 6319//4810 6318//4789
f 6223//4811 6224//4807 6282//4807 6281//4811
f 6264//4813 6263//4812 6321//4812 6322//4813
f 6215//4815 6217//4814 6275//4814 6273//4815
f 6265//4816 6264//4813 6322//4813 6323//4816
f 6216//4794 6215//4815 6273//4815 6274//4794
f 6269//4817 6270//4792 6328//4792 6327//4817
f 6221//4818 6223//4811 6281//4811 6279//4839
f 6244//4819 6239//4805 6297//4805 6302//4819
f 6222//4787 6220//4788 6278//4788 6280//4787
f 6268//4820 6269//4817 6327//4817 6326//4820
f 6220//4788 6219//4821 6277//4821 6278//4788
f 6254//4796 6252//4822 6310//4822 6312//4796
f 6219//4821 6221//4818 6279//4839 6277//4821
f 6235//4800 6262//4823 6320//4823 6293//4800
f 6217//4814 6218//4824 6276//4824 6275//4814
f 6249//4825 6248//4788 6306//4788 6307//4825
f 6229//4806 6228//4806 6286//4806 6287//4806
f 6252//4822 6251//4826 6309//4826 6310//4822
f 6228//4806 6227//4799 6285//4799 6286//4806
f 6282//4807 6287//4806 6345//4806 6340//4807
s 0
f 6303//4422 6280//4809 6338//4422 6361//4809
s 1
f 6318//4789 6319//4810 6377//4810 6376//4789
f 6281//4811 6282//4807 6340//4807 6339//4811
f 6322//4813 6321//4812 6379//4812 6380//4813
f 6273//4815 6275//4814 6333//4814 6331//4815
f 6323//4816 6322//4813 6380//4813 6381//4816
f 6274//4794 6273//4815 6331//4815 6332//4794
f 6327//4817 6328//4792 6386//4792 6385//4817
f 6279//4839 6281//4811 6339//4811 6337//4839
f 6302//4819 6297//4805 6355//4805 6360//4819
f 6280//4787 6278//4788 6336//4788 6338//4787
f 6326//4820 6327//4817 6385//4817 6384//4840
f 6278//4788 6277//4821 6335//4821 6336//4788
f 6312//4796 6310//4822 6368//4822 6370//4796
f 6277//4821 6279//4839 6337//4839 6335//4821
f 6293//4800 6320//4823 6378//4823 6351//4800
f 6275//4814 6276//4824 6334//4824 6333//4814
f 6307//4825 6306//4788 6364//4788 6365//4825
f 6287//4806 6286//4806 6344//4806 6345//4806
f 6310//4822 6309//4826 6367//4826 6368//4822
f 6286//4806 6285//4799 6343//4799 6344//4806
f 6294//4828 6292//4827 6350//4827 6352//4828
f 6296//4804 6295//4829 6353//4829 6354//4804
f 6321//4812 6289//4793 6347//4793 6379//4812
f 6319//4810 6323//4816 6381//4816 6377//4810
f 6309//4826 6311//4790 6369//4790 6367//4826
f 6325//4831 6324//4830 6382//4830 6383//4831
f 6308//4832 6307//4825 6365//4825 6366//4832
f 6301//4838 6299//4837 6357//4837 6359//4838
f 6315//4834 6314//4784 6372//4784 6373//4834
f 6320//4823 6317//4802 6375//4802 6378//4823
f 6316//4801 6315//4834 6373//4834 6374//4801
f 6295//4829 6294//4828 6352//4828 6353//4829
f 6330//4803 6325//4831 6383//4831 6388//4803
f 6298//4836 6300//4835 6358//4835 6356//4841
f 6306//4788 6305//4788 6363//4788 6364//4788
f 6324//4830 6308//4832 6366//4832 6382//4830
f 6292//4827 6291//4625 6349//4625 6350//4827
f 6300//4835 6326//4820 6384//4840 6358//4835
f 6305//4788 6304//4788 6362//4788 6363//4788
f 6299//4837 6298//4836 6356//4841 6357//4837
f 6314//4784 6313//4783 6371//4783 6372//4784
f 6288//4786 6290//4785 6348//4785 6346//4786
f 6304//4788 6303//4787 6361//4787 6362//4788
f 6311//4790 6318//4789 6376//4789 6369//4790
f 6328//4792 6329//4791 6387//4791 6386//4792
f 6289//4793 6288//4786 6346//4786 6347//4793
f 6283//4795 6274//4794 6332//4794 6341//4795
f 6313//4783 6312//4796 6370//4796 6371//4783
f 6290//4785 6301//4838 6359//4838 6348//4785
f 6285//4799 6284//4798 6342//4798 6343//4799
f 6291//4625 6293//4800 6351//4800 6349//4625
f 6317//4802 6316//4801 6374//4801 6375//4802
f 6284//4798 6283//4795 6341//4795 6342//4798
f 6329//4791 6330//4803 6388//4803 6387//4791
f 6297//4805 6296//4804 6354//4804 6355//4805
f 6353//4829 6352//4828 6410//4828 6411//4829
f 6388//4803 6383//4831 6441//4831 6446//4803
f 6356//4841 6358//4835 6416//4835 6414//4841
f 6364//4788 6363//4788 6421//4788 6422//4788
f 6382//4830 6366//4832 6424//4832 6440//4830
f 6350//4827 6349//4625 6407//4625 6408//4827
f 6358//4835 6384//4840 6442//4840 6416//4835
f 6363//4788 6362//4788 6420//4788 6421//4788
f 6357//4837 6356//4841 6414//4841 6415//4842
f 6372//4784 6371//4783 6429//4783 6430//4784
f 6346//4786 6348//4785 6406//4785 6404//4786
f 6362//4788 6361//4787 6419//4787 6420//4788
f 6369//4790 6376//4789 6434//4789 6427//4790
f 6386//4792 6387//4791 6445//4791 6444//4792
f 6347//4793 6346//4786 6404//4786 6405//4793
f 6341//4795 6332//4794 6390//4794 6399//4795
f 6371//4783 6370//4796 6428//4796 6429//4783
f 6348//4785 6359//4838 6417//4843 6406//4785
f 6343//4799 6342//4798 6400//4798 6401//4799
f 6349//4625 6351//4800 6409//4800 6407//4625
f 6375//4802 6374//4801 6432//4801 6433//4802
f 6342//4798 6341//4795 6399//4795 6400//4798
f 6387//4791 6388//4803 6446//4803 6445//4791
f 6355//4805 6354//4804 6412//4804 6413//4805
f 6340//4807 6345//4806 6403//4806 6398//4807
s 0
f 6361//4422 6338//4809 6396//4422 6419//4809
s 1
f 6376//4789 6377//4810 6435//4810 6434//4789
f 6339//4811 6340//4807 6398//4807 6397//4811
f 6380//4813 6379//4812 6437//4812 6438//4813
f 6331//4815 6333//4814 6391//4814 6389//4815
f 6381//4816 6380//4813 6438//4813 6439//4816
f 6332//4794 6331//4815 6389//4815 6390//4794
f 6385//4817 6386//4792 6444//4792 6443//4817
f 6337//4839 6339//4811 6397//4811 6395//4839
f 6360//4819 6355//4805 6413//4805 6418//4819
f 6338//4787 6336//4788 6394//4788 6396//4787
f 6384//4840 6385//4817 6443//4817 6442//4840
f 6336//4788 6335//4821 6393//4821 6394//4788
f 6370//4796 6368//4822 6426//4822 6428//4796
f 6335//4821 6337//4839 6395//4839 6393//4821
f 6351//4800 6378//4823 6436//4823 6409//4800
f 6333//4814 6334//4824 6392//4824 6391//4814
f 6365//4825 6364//4788 6422//4788 6423//4825
f 6345//4806 6344//4806 6402//4806 6403//4806
f 6368//4822 6367//4826 6425//4826 6426//4822
f 6344//4806 6343//4799 6401//4799 6402//4806
f 6352//4828 6350//4827 6408//4827 6410//4828
f 6354//4804 6353//4829 6411//4829 6412//4804
f 6379//4812 6347//4793 6405//4793 6437//4812
f 6377//4810 6381//4816 6439//4816 6435//4810
f 6367//4826 6369//4790 6427//4790 6425//4826
f 6383//4831 6382//4830 6440//4830 6441//4831
f 6366//4832 6365//4825 6423//4825 6424//4832
f 6359//4838 6357//4837 6415//4842 6417//4843
f 6373//4834 6372//4784 6430//4784 6431//4834
f 6378//4823 6375//4802 6433//4802 6436//4823
f 6374//4801 6373//4834 6431//4834 6432//4801
f 6442//4840 6443//4817 6501//4844 6500//4845
f 6394//4788 6393//4821 6451//4846 6452//4847
f 6428//4796 6426//4822 6484//4848 6486//4849
f 6393//4821 6395//4839 6453//4850 6451//4846
f 6409//4800 6436//4823 6494//4851 6467//4852
f 6391//4814 6392//4824 6450//4853 6449//4854
f 6423//4825 6422//4788 6480//4855 6481//4856
f 6403//4806 6402//4806 6460//4857 6461//4858
f 6426//4822 6425//4826 6483//4859 6484//4848
f 6402//4806 6401//4799 6459//4860 6460//4857
f 6410//4828 6408//4827 6466//4861 6468//4862
f 6412//4804 6411//4829 6469//4863 6470//4864
f 6437//4812 6405//4793 6463//4865 6495//4866
f 6435//4810 6439//4816 6497//4867 6493//4868
f 6425//4826 6427//4790 6485//4869 6483//4859
f 6441//4831 6440//4830 6498//4870 6499//4871
f 6424//4832 6423//4825 6481//4856 6482//4872
f 6417//4843 6415//4842 6473//4873 6475//4874
f 6431//4834 6430//4784 6488//4875 6489//4876
f 6436//4823 6433//4802 6491//4877 6494//4851
f 6432//4801 6431//4834 6489//4876 6490//4878
f 6411//4829 6410//4828 6468//4862 6469//4863
f 6446//4803 6441//4831 6499//4871 6504//4879
f 6414//4841 6416//4835 6474//4880 6472//4881
f 6422//4788 6421//4788 6479//4882 6480//4855
f 6440//4830 6424//4832 6482//4872 6498//4870
f 6408//4827 6407//4625 6465//4883 6466//4861
f 6416//4835 6442//4840 6500//4845 6474//4880
f 6421//4788 6420//4788 6478//4884 6479//4882
f 6415//4842 6414//4841 6472//4881 6473//4873
f 6430//4784 6429//4783 6487//4885 6488//4875
f 6404//4786 6406//4785 6464//4886 6462//4887
f 6420//4788 6419//4787 6477//4888 6478//4884
f 6427//4790 6434//4789 6492//4889 6485//4869
f 6444//4792 6445//4791 6503//4890 6502//4891
f 6405//4793 6404//4786 6462//4887 6463//4865
f 6399//4795 6390//4794 6448//4892 6457//4893
f 6429//4783 6428//4796 6486//4849 6487//4885
f 6406//4785 6417//4843 6475//4874 6464//4886
f 6401//4799 6400//4798 6458//4894 6459//4860
f 6407//4625 6409//4800 6467//4852 6465//4883
f 6433//4802 6432//4801 6490//4878 6491//4877
f 6400//4798 6399//4795 6457//4893 6458//4894
f 6445//4791 6446//4803 6504//4879 6503//4890
f 6413//4805 6412//4804 6470//4864 6471//4895
f 6398//4807 6403//4806 6461//4858 6456//4896
s 0
f 6419//4422 6396//4809 6454//4422 6477//4897
s 1
f 6434//4789 6435//4810 6493//4868 6492//4889
f 6397//4811 6398//4807 6456//4896 6455//4898
f 6438//4813 6437//4812 6495//4866 6496//4899
f 6389//4815 6391//4814 6449//4854 6447//4900
f 6439//4816 6438//4813 6496//4899 6497//4867
f 6390//4794 6389//4815 6447//4900 6448//4892
f 6443//4817 6444//4792 6502//4891 6501//4844
f 6395//4839 6397//4811 6455//4898 6453//4850
f 6418//4819 6413//4805 6471//4895 6476//4901
f 6396//4787 6394//4788 6452//4847 6454//4902
f 6478//4884 6477//4888 6535//4903 6536//4904
f 6485//4869 6492//4889 6550//4905 6543//4906
f 6502//4891 6503//4890 6561//4907 6560//4908
f 6463//4865 6462//4887 6520//4909 6521//4910
f 6457//4893 6448//4892 6506//4911 6515//4912
f 6487//4885 6486//4849 6544//4913 6545//4914
f 6464//4886 6475//4874 6533//4915 6522//4916
f 6459//4860 6458//4894 6516//4917 6517//4918
f 6465//4883 6467//4852 6525//4919 6523//4920
f 6491//4877 6490//4878 6548//4921 6549//4922
f 6458//4894 6457//4893 6515//4912 6516//4917
f 6503//4890 6504//4879 6562//4923 6561//4907
f 6471//4895 6470//4864 6528//4924 6529//4925
f 6456//4896 6461//4858 6519//4926 6514//4927
s 0
f 6477//4422 6454//4928 6512//4422 6535//4929
s 1
f 6492//4889 6493//4868 6551//4930 6550//4905
f 6455//4898 6456//4896 6514//4927 6513//4931
f 6496//4899 6495//4866 6553//4932 6554//4933
f 6447//4900 6449//4854 6507//4934 6505//4935
f 6497//4867 6496//4899 6554//4933 6555//4936
f 6448//4892 6447//4900 6505//4935 6506//4911
f 6501//4844 6502//4891 6560//4908 6559//4937
f 6453//4850 6455//4898 6513//4931 6511//4938
f 6476//4901 6471//4895 6529//4925 6534//4939
f 6454//4902 6452//4847 6510//4940 6512//4941
f 6500//4845 6501//4844 6559//4937 6558//4942
f 6452//4847 6451//4846 6509//4943 6510//4940
f 6486//4849 6484//4848 6542//4944 6544//4913
f 6451//4846 6453//4850 6511//4938 6509//4943
f 6467//4852 6494//4851 6552//4945 6525//4919
f 6449//4854 6450//4853 6508//4946 6507//4934
f 6481//4856 6480//4855 6538//4947 6539//4948
f 6461//4858 6460//4857 6518//4949 6519//4926
f 6484//4848 6483//4859 6541//4950 6542//4944
f 6460//4857 6459//4860 6517//4918 6518//4949
f 6468//4862 6466//4861 6524//4951 6526//4952
f 6470//4864 6469//4863 6527//4953 6528//4924
f 6495//4866 6463//4865 6521//4910 6553//4932
f 6493//4868 6497//4867 6555//4936 6551//4930
f 6483//4859 6485//4869 6543//4906 6541//4950
f 6499//4871 6498//4870 6556//4954 6557//4955
f 6482//4872 6481//4856 6539//4948 6540//4956
f 6475//4874 6473//4873 6531//4957 6533//4915
f 6489//4876 6488//4875 6546//4958 6547//4959
f 6494//4851 6491//4877 6549//4922 6552//4945
f 6490//4878 6489//4876 6547//4959 6548//4921
f 6469//4863 6468//4862 6526//4952 6527//4953
f 6504//4879 6499//4871 6557//4955 6562//4923
f 6472//4881 6474//4880 6532//4960 6530//4961
f 6480//4855 6479//4882 6537//4962 6538//4947
f 6498//4870 6482//4872 6540//4956 6556//4954
f 6466//4861 6465//4883 6523//4920 6524//4951
f 6474//4880 6500//4845 6558//4942 6532//4960
f 6479//4882 6478//4884 6536//4904 6537//4962
f 6473//4873 6472//4881 6530//4961 6531//4957
f 6488//4875 6487//4885 6545//4914 6546//4958
f 6462//4887 6464//4886 6522//4916 6520//4909
f 6553//4932 6521//4910 6579//4963 6611//4964
f 6551//4930 6555//4936 6613//4965 6609//4966
f 6541//4950 6543//4906 6601//4967 6599//4968
f 6557//4955 6556//4954 6614//4969 6615//4970
f 6540//4956 6539//4948 6597//4971 6598//4972
f 6533//4915 6531//4957 6589//4973 6591//4974
f 6547//4959 6546//4958 6604//4975 6605//4976
f 6552//4945 6549//4922 6607//4977 6610//4978
f 6548//4921 6547//4959 6605//4976 6606//4979
f 6527//4953 6526//4952 6584//4980 6585//4981
f 6562//4923 6557//4955 6615//4970 6620//4982
f 6530//4961 6532//4960 6590//4983 6588//4984
f 6538//4947 6537//4962 6595//4985 6596//4985
f 6556//4954 6540//4956 6598//4972 6614//4969
f 6524//4951 6523//4920 6581//4986 6582//4987
f 6532//4960 6558//4942 6616//4988 6590//4983
f 6537//4962 6536//4904 6594//4985 6595//4985
f 6531//4957 6530//4961 6588//4984 6589//4973
f 6546//4958 6545//4914 6603//4989 6604//4975
f 6520//4909 6522//4916 6580//4990 6578//4991
f 6536//4904 6535//4903 6593//4992 6594//4985
f 6543//4906 6550//4905 6608//4993 6601//4967
f 6560//4908 6561//4907 6619//4970 6618//4994
f 6521//4910 6520//4909 6578//4991 6579//4963
f 6515//4912 6506//4911 6564//4995 6573//4996
f 6545//4914 6544//4913 6602//4997 6603//4989
f 6522//4916 6533//4915 6591//4974 6580//4990
f 6517//4918 6516//4917 6574//4998 6575//4999
f 6523//4920 6525//4919 6583//5000 6581//4986
f 6549//4922 6548//4921 6606//4979 6607//4977
f 6516//4917 6515//4912 6573//4996 6574//4998
f 6561//4907 6562//4923 6620//4982 6619//4970
f 6529//4925 6528//4924 6586//5001 6587//5002
f 6514//4927 6519//4926 6577//5003 6572//5003
s 0
f 6535//4422 6512//5004 6570//4422 6593//5005
s 1
f 6550//4905 6551//4930 6609//4966 6608//4993
f 6513//4931 6514//4927 6572//5003 6571//5006
f 6554//4933 6553//4932 6611//4964 6612//5007
f 6505//4935 6507//4934 6565//5008 6563//5009
f 6555//4936 6554//4933 6612//5007 6613//4965
f 6506//4911 6505//4935 6563//5009 6564//4995
f 6559//4937 6560//4908 6618//4994 6617//5010
f 6511//4938 6513//4931 6571//5006 6569//5011
f 6534//4939 6529//4925 6587//5002 6592//5012
f 6512//4941 6510//4940 6568//4985 6570//5013
f 6558//4942 6559//4937 6617//5010 6616//4988
f 6510//4940 6509//4943 6567//5014 6568//4985
f 6544//4913 6542//4944 6600//5015 6602//4997
f 6509//4943 6511//4938 6569//5011 6567//5014
f 6525//4919 6552//4945 6610//4978 6583//5000
f 6507//4934 6508//4946 6566//5016 6565//5008
f 6539//4948 6538//4947 6596//4985 6597//4971
f 6519//4926 6518//4949 6576//5003 6577//5003
f 6542//4944 6541//4950 6599//4968 6600//5015
f 6518//4949 6517//4918 6575//4999 6576//5003
f 6526//4952 6524//4951 6582//4987 6584//4980
f 6528//4924 6527//4953 6585//4981 6586//5001
f 6612//5007 6611//4964 6669//4964 6670//5007
f 6563//5009 6565//5008 6623//5008 6621//5009
f 6613//4965 6612//5007 6670//5007 6671//4965
f 6564//4995 6563//5009 6621//5009 6622//4995
f 6617//5010 6618//4994 6676//4994 6675//5010
f 6569//5011 6571//5006 6629//5006 6627//5011
f 6592//5012 6587//5002 6645//5002 6650//5012
f 6570//5013 6568//4985 6626//4985 6628//5013
f 6616//4988 6617//5010 6675//5010 6674//4988
f 6568//4985 6567//5014 6625//5014 6626//4985
f 6602//4997 6600//5015 6658//5015 6660//4997
f 6567//5014 6569//5011 6627//5011 6625//5014
f 6583//5000 6610//4978 6668//4978 6641//5000
f 6565//5008 6566//5016 6624//5016 6623//5008
f 6597//4971 6596//4985 6654//4985 6655//4971
f 6577//5003 6576//5003 6634//5003 6635//5003
f 6600//5015 6599//4968 6657//4968 6658//5015
f 6576//5003 6575//4999 6633//4999 6634//5003
f 6584//4980 6582//4987 6640//4987 6642//4980
f 6586//5001 6585//4981 6643//4981 6644//5001
f 6611//4964 6579//4963 6637//4963 6669//4964
f 6609//4966 6613//4965 6671//4965 6667//4966
f 6599//4968 6601//4967 6659//4967 6657//4968
f 6615//4970 6614//4969 6672//4969 6673//4970
f 6598//4972 6597//4971 6655//4971 6656//4972
f 6591//4974 6589//4973 6647//4973 6649//4974
f 6605//4976 6604//4975 6662//4975 6663//4976
f 6610//4978 6607//4977 6665//4977 6668//4978
f 6606//4979 6605//4976 6663//4976 6664//4979
f 6585//4981 6584//4980 6642//4980 6643//4981
f 6620//4982 6615//4970 6673//4970 6678//4982
f 6588//4984 6590//4983 6648//4983 6646//4984
f 6596//4985 6595//4985 6653//4985 6654//4985
f 6614//4969 6598//4972 6656//4972 6672//4969
f 6582//4987 6581//4986 6639//4986 6640//4987
f 6590//4983 6616//4988 6674//4988 6648//4983
f 6595//4985 6594//4985 6652//4985 6653//4985
f 6589//4973 6588//4984 6646//4984 6647//4973
f 6604//4975 6603//4989 6661//4989 6662//4975
f 6578//4991 6580//4990 6638//4990 6636//4991
f 6594//4985 6593//4992 6651//4992 6652//4985
f 6601//4967 6608//4993 6666//4993 6659//4967
f 6618//4994 6619//4970 6677//4970 6676//4994
f 6579//4963 6578//4991 6636//4991 6637//4963
f 6573//4996 6564//4995 6622//4995 6631//4996
f 6603//4989 6602//4997 6660//4997 6661//4989
f 6580//4990 6591//4974 6649//4974 6638//4990
f 6575//4999 6574//4998 6632//4998 6633//4999
f 6581//4986 6583//5000 6641//5000 6639//4986
f 6607//4977 6606//4979 6664//4979 6665//4977
f 6574//4998 6573//4996 6631//4996 6632//4998
f 6619//4970 6620//4982 6678//4982 6677//4970
f 6587//5002 6586//5001 6644//5001 6645//5002
f 6572//5003 6577//5003 6635//5003 6630//5003
s 0
f 6593//4422 6570//5005 6628//4422 6651//5005
s 1
f 6608//4993 6609//4966 6667//4966 6666//4993
f 6571//5006 6572//5003 6630//5003 6629//5006
f 6664//4979 6663//4976 6721//4976 6722//4979
f 6643//4981 6642//4980 6700//4980 6701//4981
f 6678//4982 6673//4970 6731//4970 6736//4982
f 6646//4984 6648//4983 6706//4983 6704//4984
f 6654//4985 6653//4985 6711//4985 6712//4985
f 6672//4969 6656//4972 6714//4972 6730//4969
f 6640//4987 6639//4986 6697//4986 6698//4987
f 6648//4983 6674//4988 6732//4988 6706//4983
f 6653//4985 6652//4985 6710//4985 6711//4985
f 6647//4973 6646//4984 6704//4984 6705//4973
f 6662//4975 6661//4989 6719//4989 6720//4975
f 6636//4991 6638//4990 6696//4990 6694//4991
f 6652//4985 6651//4992 6709//4992 6710//4985
f 6659//4967 6666//4993 6724//4993 6717//4967
f 6676//4994 6677//4970 6735//4970 6734//4994
f 6637//4963 6636//4991 6694//4991 6695//4963
f 6631//4996 6622//4995 6680//4995 6689//4996
f 6661//4989 6660//4997 6718//4997 6719//4989
f 6638//4990 6649//4974 6707//5017 6696//4990
f 6633//4999 6632//4998 6690//4998 6691//4999
f 6639//4986 6641//5000 6699//5000 6697//4986
f 6665//4977 6664//4979 6722//4979 6723//4977
f 6632//4998 6631//4996 6689//4996 6690//4998
f 6677//4970 6678//4982 6736//4982 6735//4970
f 6645//5002 6644//5001 6702//5001 6703//5002
f 6630//5003 6635//5003 6693//5003 6688//5003
s 0
f 6651//4422 6628//5005 6686//4422 6709//5005
s 1
f 6666//4993 6667//4966 6725//4966 6724//4993
f 6629//5006 6630//5003 6688//5003 6687//5006
f 6670//5007 6669//4964 6727//4964 6728//5007
f 6621//5009 6623//5008 6681//5008 6679//5009
f 6671//4965 6670//5007 6728//5007 6729//4965
f 6622//4995 6621//5009 6679//5009 6680//4995
f 6675//5010 6676//4994 6734//4994 6733//5010
f 6627//5011 6629//5006 6687//5006 6685//5011
f 6650//5012 6645//5002 6703//5002 6708//5012
f 6628//5013 6626//4985 6684//4985 6686//5013
f 6674//4988 6675//5010 6733//5010 6732//4988
f 6626//4985 6625//5014 6683//5014 6684//4985
f 6660//4997 6658//5015 6716//5015 6718//4997
f 6625//5014 6627//5011 6685//5011 6683//5014
f 6641//5000 6668//4978 6726//4978 6699//5000
f 6623//5008 6624//5016 6682//5016 6681//5008
f 6655//4971 6654//4985 6712//4985 6713//4971
f 6635//5003 6634//5003 6692//5003 6693//5003
f 6658//5015 6657//4968 6715//4968 6716//5015
f 6634//5003 6633//4999 6691//4999 6692//5003
f 6642//4980 6640//4987 6698//4987 6700//4980
f 6644//5001 6643//4981 6701//4981 6702//5001
f 6669//4964 6637//4963 6695//4963 6727//4964
f 6667//4966 6671//4965 6729//4965 6725//4966
f 6657//4968 6659//4967 6717//4967 6715//4968
f 6673//4970 6672//4969 6730//4969 6731//4970
f 6656//4972 6655//4971 6713//4971 6714//4972
f 6649//4974 6647//4973 6705//4973 6707//5017
f 6663//4976 6662//4975 6720//4975 6721//4976
f 6668//4978 6665//4977 6723//4977 6726//4978
f 6732//4988 6733//5010 6791//5018 6790//5019
f 6684//4985 6683//5014 6741//5020 6742//5021
f 6718//4997 6716//5015 6774//5022 6776//5023
f 6683//5014 6685//5011 6743//5024 6741//5020
f 6699//5000 6726//4978 6784//5025 6757//5026
f 6681//5008 6682//5016 6740//5027 6739//5028
f 6713//4971 6712//4985 6770//5029 6771//5030
f 6693//5003 6692//5003 6750//5031 6751//5032
f 6716//5015 6715//4968 6773//5033 6774//5022
f 6692//5003 6691//4999 6749//5034 6750//5031
f 6700//4980 6698//4987 6756//5035 6758//5036
f 6702//5001 6701//4981 6759//5037 6760//5038
f 6727//4964 6695//4963 6753//5039 6785//5040
f 6725//4966 6729//4965 6787//5041 6783//5042
f 6715//4968 6717//4967 6775//5043 6773//5033
f 6731//4970 6730//4969 6788//5044 6789//5045
f 6714//4972 6713//4971 6771//5030 6772//5046
f 6707//5017 6705//4973 6763//5047 6765//5048
f 6721//4976 6720//4975 6778//5049 6779//5050
f 6726//4978 6723//4977 6781//5051 6784//5025
f 6722//4979 6721//4976 6779//5050 6780//5052
f 6701//4981 6700//4980 6758//5036 6759//5037
f 6736//4982 6731//4970 6789//5045 6794//5053
f 6704//4984 6706//4983 6764//5054 6762//5055
f 6712//4985 6711//4985 6769//5056 6770//5029
f 6730//4969 6714//4972 6772//5046 6788//5044
f 6698//4987 6697//4986 6755//5057 6756//5035
f 6706//4983 6732//4988 6790//5019 6764//5054
f 6711//4985 6710//4985 6768//5058 6769//5056
f 6705//4973 6704//4984 6762//5055 6763//5047
f 6720//4975 6719//4989 6777//5059 6778//5049
f 6694//4991 6696//4990 6754//5060 6752//5061
f 6710//4985 6709//4992 6767//5062 6768//5058
f 6717//4967 6724//4993 6782//5063 6775//5043
f 6734//4994 6735//4970 6793//5064 6792//5065
f 6695//4963 6694//4991 6752//5061 6753//5039
f 6689//4996 6680//4995 6738//5066 6747//5067
f 6719//4989 6718//4997 6776//5023 6777//5059
f 6696//4990 6707//5017 6765//5048 6754//5060
f 6691//4999 6690//4998 6748//5068 6749//5034
f 6697//4986 6699//5000 6757//5026 6755//5057
f 6723//4977 6722//4979 6780//5052 6781//5051
f 6690//4998 6689//4996 6747//5067 6748//5068
f 6735//4970 6736//4982 6794//5053 6793//5064
f 6703//5002 6702//5001 6760//5038 6761//5069
f 6688//5003 6693//5003 6751//5032 6746//5070
s 0
f 6709//4422 6686//5005 6744//4422 6767//5071
s 1
f 6724//4993 6725//4966 6783//5042 6782//5063
f 6687//5006 6688//5003 6746//5070 6745//5072
f 6728//5007 6727//4964 6785//5040 6786//5073
f 6679//5009 6681//5008 6739//5028 6737//5074
f 6729//4965 6728//5007 6786//5073 6787//5041
f 6680//4995 6679//5009 6737//5074 6738//5066
f 6733//5010 6734//4994 6792//5065 6791//5018
f 6685//5011 6687//5006 6745//5072 6743//5024
f 6708//5012 6703//5002 6761//5069 6766//5075
f 6686//5013 6684//4985 6742//5021 6744//5076
f 6768//5058 6767//5062 6825//5077 6826//5078
f 6775//5043 6782//5063 6840//5079 6833//5080
f 6792//5065 6793//5064 6851//5081 6850//5082
f 6753//5039 6752//5061 6810//5083 6811//5084
f 6747//5067 6738//5066 6796//5085 6805//5086
f 6777//5059 6776//5023 6834//5087 6835//5088
f 6754//5060 6765//5048 6823//5089 6812//5090
f 6749//5034 6748//5068 6806//5091 6807//5092
f 6755//5057 6757//5026 6815//5093 6813//5094
f 6781//5051 6780//5052 6838//5095 6839//5096
f 6748//5068 6747//5067 6805//5086 6806//5091
f 6793//5064 6794//5053 6852//5097 6851//5081
f 6761//5069 6760//5038 6818//5098 6819//5099
f 6746//5070 6751//5032 6809//5100 6804//5101
s 0
f 6767//4422 6744//5102 6802//4422 6825//5077
s 1
f 6782//5063 6783//5042 6841//5103 6840//5079
f 6745//5072 6746//5070 6804//5101 6803//5104
f 6786//5073 6785//5040 6843//5105 6844//5106
f 6737//5074 6739//5028 6797//5107 6795//5108
f 6787//5041 6786//5073 6844//5106 6845//5109
f 6738//5066 6737//5074 6795//5108 6796//5085
f 6791//5018 6792//5065 6850//5082 6849//5110
f 6743//5024 6745//5072 6803//5104 6801//5111
f 6766//5075 6761//5069 6819//5099 6824//5112
f 6744//5076 6742//5021 6800//5113 6802//5114
f 6790//5019 6791//5018 6849//5110 6848//5115
f 6742//5021 6741//5020 6799//5116 6800//5113
f 6776//5023 6774//5022 6832//5117 6834//5087
f 6741//5020 6743//5024 6801//5111 6799//5116
f 6757//5026 6784//5025 6842//5118 6815//5093
f 6739//5028 6740//5027 6798//5119 6797//5107
f 6771//5030 6770//5029 6828//5120 6829//5121
f 6751//5032 6750//5031 6808//5122 6809//5100
f 6774//5022 6773//5033 6831//5123 6832//5117
f 6750//5031 6749//5034 6807//5092 6808//5122
f 6758//5036 6756//5035 6814//5124 6816//5125
f 6760//5038 6759//5037 6817//5126 6818//5098
f 6785//5040 6753//5039 6811//5084 6843//5105
f 6783//5042 6787//5041 6845//5109 6841//5103
f 6773//5033 6775//5043 6833//5080 6831//5123
f 6789//5045 6788//5044 6846//5127 6847//5128
f 6772//5046 6771//5030 6829//5121 6830//5129
f 6765//5048 6763//5047 6821//5130 6823//5089
f 6779//5050 6778//5049 6836//5131 6837//5132
f 6784//5025 6781//5051 6839//5096 6842//5118
f 6780//5052 6779//5050 6837//5132 6838//5095
f 6759//5037 6758//5036 6816//5125 6817//5126
f 6794//5053 6789//5045 6847//5128 6852//5097
f 6762//5055 6764//5054 6822//5133 6820//5134
f 6770//5029 6769//5056 6827//5135 6828//5120
f 6788//5044 6772//5046 6830//5129 6846//5127
f 6756//5035 6755//5057 6813//5094 6814//5124
f 6764//5054 6790//5019 6848//5115 6822//5133
f 6769//5056 6768//5058 6826//5078 6827//5135
f 6763//5047 6762//5055 6820//5134 6821//5130
f 6778//5049 6777//5059 6835//5088 6836//5131
f 6752//5061 6754//5060 6812//5090 6810//5083
